Starting approval workflow monitoring (checking every 5s)...
Checking for pending approvals...
Processing approval file: LINKEDIN_POST_1771964430.md
Handling LinkedIn post approval: LINKEDIN_POST_1771964430.md
LinkedIn post still pending: This is a test post from the Personal AI Employee ...
Checking for pending approvals...
Checking for pending approvals...
Checking for pending approvals...
Checking for pending approvals...
Checking for pending approvals...
Checking for pending approvals...
Checking for pending approvals...
Checking for pending approvals...
Checking for pending approvals...
Checking for pending approvals...
Checking for pending approvals...
Checking for pending approvals...
Checking for pending approvals...
Checking for pending approvals...
Checking for pending approvals...
Checking for pending approvals...
Checking for pending approvals...
Checking for pending approvals...
Checking for pending approvals...
Checking for pending approvals...
Checking for pending approvals...
Checking for pending approvals...
Checking for pending approvals...
Checking for pending approvals...
Checking for pending approvals...
Checking for pending approvals...
Checking for pending approvals...
Checking for pending approvals...
Checking for pending approvals...
Checking for pending approvals...
Checking for pending approvals...
Checking for pending approvals...
Checking for pending approvals...
Checking for pending approvals...
Checking for pending approvals...
Checking for pending approvals...
Checking for pending approvals...
Checking for pending approvals...
Checking for pending approvals...
Checking for pending approvals...
Checking for pending approvals...
Checking for pending approvals...
Checking for pending approvals...
Checking for pending approvals...
Checking for pending approvals...
Checking for pending approvals...
Checking for pending approvals...
Checking for pending approvals...
Checking for pending approvals...
Checking for pending approvals...
Checking for pending approvals...
Checking for pending approvals...
Checking for pending approvals...
Checking for pending approvals...
Checking for pending approvals...
Checking for pending approvals...
Checking for pending approvals...
Checking for pending approvals...
Checking for pending approvals...
Checking for pending approvals...
Checking for pending approvals...
Checking for pending approvals...
Checking for pending approvals...
Checking for pending approvals...
Checking for pending approvals...
Checking for pending approvals...
Checking for pending approvals...
Checking for pending approvals...
Checking for pending approvals...
Processing approval file: EMAIL_19b05fd72fd3efe2.md
Unknown action type: email in EMAIL_19b05fd72fd3efe2.md
Moved EMAIL_19b05fd72fd3efe2.md to Done
Processing approval file: EMAIL_19b42123b5938118.md
Unknown action type: email in EMAIL_19b42123b5938118.md
Moved EMAIL_19b42123b5938118.md to Done
Processing approval file: EMAIL_19b42157f7cd897c.md
Unknown action type: email in EMAIL_19b42157f7cd897c.md
Moved EMAIL_19b42157f7cd897c.md to Done
Processing approval file: EMAIL_19b53d26673df492.md
Unknown action type: email in EMAIL_19b53d26673df492.md
Moved EMAIL_19b53d26673df492.md to Done
Processing approval file: EMAIL_19b6757b7b10e904.md
Unknown action type: email in EMAIL_19b6757b7b10e904.md
Moved EMAIL_19b6757b7b10e904.md to Done
Processing approval file: EMAIL_19c0945271498cb0.md
Unknown action type: email in EMAIL_19c0945271498cb0.md
Moved EMAIL_19c0945271498cb0.md to Done
Processing approval file: EMAIL_19c10ba6631713e5.md
Unknown action type: email in EMAIL_19c10ba6631713e5.md
Moved EMAIL_19c10ba6631713e5.md to Done
Processing approval file: EMAIL_19c8433fd35a35b8.md
Unknown action type: email in EMAIL_19c8433fd35a35b8.md
Moved EMAIL_19c8433fd35a35b8.md to Done
Processing approval file: EMAIL_19c84688af050c7c.md
Unknown action type: email in EMAIL_19c84688af050c7c.md
Moved EMAIL_19c84688af050c7c.md to Done
Checking for pending approvals...

Approval workflow monitoring stopped.
928a2221.md
Unknown action type: email in EMAIL_195eb0be928a2221.md
Moved EMAIL_195eb0be928a2221.md to Done
Processing approval file: EMAIL_195ecbf69e608cef.md
Unknown action type: email in EMAIL_195ecbf69e608cef.md
Moved EMAIL_195ecbf69e608cef.md to Done
Processing approval file: EMAIL_195ecc35e3bf1283.md
Unknown action type: email in EMAIL_195ecc35e3bf1283.md
Moved EMAIL_195ecc35e3bf1283.md to Done
Processing approval file: EMAIL_195f1c616544b4c6.md
Unknown action type: email in EMAIL_195f1c616544b4c6.md
Moved EMAIL_195f1c616544b4c6.md to Done
Processing approval file: EMAIL_195f1e9b90ca3323.md
Unknown action type: email in EMAIL_195f1e9b90ca3323.md
Moved EMAIL_195f1e9b90ca3323.md to Done
Processing approval file: EMAIL_195f71014dd5901e.md
Unknown action type: email in EMAIL_195f71014dd5901e.md
Moved EMAIL_195f71014dd5901e.md to Done
Processing approval file: EMAIL_195fc12c897e3a61.md
Unknown action type: email in EMAIL_195fc12c897e3a61.md
Moved EMAIL_195fc12c897e3a61.md to Done
Processing approval file: EMAIL_196015003e60ee2a.md
Unknown action type: email in EMAIL_196015003e60ee2a.md
Moved EMAIL_196015003e60ee2a.md to Done
Processing approval file: EMAIL_196015cdd01be7f5.md
Unknown action type: email in EMAIL_196015cdd01be7f5.md
Moved EMAIL_196015cdd01be7f5.md to Done
Processing approval file: EMAIL_196065f70ef28eb4.md
Unknown action type: email in EMAIL_196065f70ef28eb4.md
Moved EMAIL_196065f70ef28eb4.md to Done
Processing approval file: EMAIL_1960b85cd9f14143.md
Unknown action type: email in EMAIL_1960b85cd9f14143.md
Moved EMAIL_1960b85cd9f14143.md to Done
Processing approval file: EMAIL_1960f186be6192ec.md
Unknown action type: email in EMAIL_1960f186be6192ec.md
Moved EMAIL_1960f186be6192ec.md to Done
Processing approval file: EMAIL_19610ca6230901f6.md
Unknown action type: email in EMAIL_19610ca6230901f6.md
Moved EMAIL_19610ca6230901f6.md to Done
Processing approval file: EMAIL_196113dbaebe4b6b.md
Unknown action type: email in EMAIL_196113dbaebe4b6b.md
Moved EMAIL_196113dbaebe4b6b.md to Done
Processing approval file: EMAIL_19615d28568dfe28.md
Unknown action type: email in EMAIL_19615d28568dfe28.md
Moved EMAIL_19615d28568dfe28.md to Done
Processing approval file: EMAIL_1961b08fb020768a.md
Unknown action type: email in EMAIL_1961b08fb020768a.md
Moved EMAIL_1961b08fb020768a.md to Done
Processing approval file: EMAIL_1961b1c9acdc34b6.md
Unknown action type: email in EMAIL_1961b1c9acdc34b6.md
Moved EMAIL_1961b1c9acdc34b6.md to Done
Processing approval file: EMAIL_196201f3c8187a71.md
Unknown action type: email in EMAIL_196201f3c8187a71.md
Moved EMAIL_196201f3c8187a71.md to Done
Processing approval file: EMAIL_19625561b662b91e.md
Unknown action type: email in EMAIL_19625561b662b91e.md
Moved EMAIL_19625561b662b91e.md to Done
Processing approval file: EMAIL_19625695c456a79c.md
Unknown action type: email in EMAIL_19625695c456a79c.md
Moved EMAIL_19625695c456a79c.md to Done
Processing approval file: EMAIL_1962a6bf17f7ebb4.md
Unknown action type: email in EMAIL_1962a6bf17f7ebb4.md
Moved EMAIL_1962a6bf17f7ebb4.md to Done
Processing approval file: EMAIL_1963324ed4dacd3c.md
Unknown action type: email in EMAIL_1963324ed4dacd3c.md
Moved EMAIL_1963324ed4dacd3c.md to Done
Processing approval file: EMAIL_196346e877bbfa14.md
Unknown action type: email in EMAIL_196346e877bbfa14.md
Moved EMAIL_196346e877bbfa14.md to Done
Processing approval file: EMAIL_19634d4a60d6fbed.md
Unknown action type: email in EMAIL_19634d4a60d6fbed.md
Moved EMAIL_19634d4a60d6fbed.md to Done
Processing approval file: EMAIL_19639df07e0aa5ec.md
Unknown action type: email in EMAIL_19639df07e0aa5ec.md
Moved EMAIL_19639df07e0aa5ec.md to Done
Processing approval file: EMAIL_1963a02bffdfc5ea.md
Unknown action type: email in EMAIL_1963a02bffdfc5ea.md
Moved EMAIL_1963a02bffdfc5ea.md to Done
Processing approval file: EMAIL_1963f15dcb847fe2.md
Unknown action type: email in EMAIL_1963f15dcb847fe2.md
Moved EMAIL_1963f15dcb847fe2.md to Done
Processing approval file: EMAIL_1963f291683760f5.md
Unknown action type: email in EMAIL_1963f291683760f5.md
Moved EMAIL_1963f291683760f5.md to Done
Processing approval file: EMAIL_19644e30458a449d.md
Unknown action type: email in EMAIL_19644e30458a449d.md
Moved EMAIL_19644e30458a449d.md to Done
Processing approval file: EMAIL_19649603ea0597f6.md
Unknown action type: email in EMAIL_19649603ea0597f6.md
Moved EMAIL_19649603ea0597f6.md to Done
Processing approval file: EMAIL_1964975e29b88d05.md
Unknown action type: email in EMAIL_1964975e29b88d05.md
Moved EMAIL_1964975e29b88d05.md to Done
Processing approval file: EMAIL_196512f5d97f6c92.md
Unknown action type: email in EMAIL_196512f5d97f6c92.md
Moved EMAIL_196512f5d97f6c92.md to Done
Processing approval file: EMAIL_196539ed2914472b.md
Unknown action type: email in EMAIL_196539ed2914472b.md
Moved EMAIL_196539ed2914472b.md to Done
Processing approval file: EMAIL_196573172f1c030d.md
Unknown action type: email in EMAIL_196573172f1c030d.md
Moved EMAIL_196573172f1c030d.md to Done
Processing approval file: EMAIL_1965956c427b3134.md
Unknown action type: email in EMAIL_1965956c427b3134.md
Moved EMAIL_1965956c427b3134.md to Done
Processing approval file: EMAIL_1965deb91034f249.md
Unknown action type: email in EMAIL_1965deb91034f249.md
Moved EMAIL_1965deb91034f249.md to Done
Processing approval file: EMAIL_1966311f5da7963d.md
Unknown action type: email in EMAIL_1966311f5da7963d.md
Moved EMAIL_1966311f5da7963d.md to Done
Processing approval file: EMAIL_19668717459a6df3.md
Unknown action type: email in EMAIL_19668717459a6df3.md
Moved EMAIL_19668717459a6df3.md to Done
Processing approval file: EMAIL_1966d74b4d48fa3d.md
Unknown action type: email in EMAIL_1966d74b4d48fa3d.md
Moved EMAIL_1966d74b4d48fa3d.md to Done
Processing approval file: EMAIL_1966d825ca4acf16.md
Unknown action type: email in EMAIL_1966d825ca4acf16.md
Moved EMAIL_1966d825ca4acf16.md to Done
Processing approval file: EMAIL_196753be016107dc.md
Unknown action type: email in EMAIL_196753be016107dc.md
Moved EMAIL_196753be016107dc.md to Done
Processing approval file: EMAIL_1967d634865aef32.md
Unknown action type: email in EMAIL_1967d634865aef32.md
Moved EMAIL_1967d634865aef32.md to Done
Processing approval file: EMAIL_19681bd550a0090c.md
Unknown action type: email in EMAIL_19681bd550a0090c.md
Moved EMAIL_19681bd550a0090c.md to Done
Processing approval file: EMAIL_196821bcbdfc9907.md
Unknown action type: email in EMAIL_196821bcbdfc9907.md
Moved EMAIL_196821bcbdfc9907.md to Done
Processing approval file: EMAIL_19682f78616b27e3.md
Unknown action type: email in EMAIL_19682f78616b27e3.md
Moved EMAIL_19682f78616b27e3.md to Done
Processing approval file: EMAIL_1968742279164d5c.md
Unknown action type: email in EMAIL_1968742279164d5c.md
Moved EMAIL_1968742279164d5c.md to Done
Processing approval file: EMAIL_19687b00a039ec1b.md
Unknown action type: email in EMAIL_19687b00a039ec1b.md
Moved EMAIL_19687b00a039ec1b.md to Done
Processing approval file: EMAIL_1968c249c80b275f.md
Unknown action type: email in EMAIL_1968c249c80b275f.md
Moved EMAIL_1968c249c80b275f.md to Done
Processing approval file: EMAIL_196917d7bf296dc4.md
Unknown action type: email in EMAIL_196917d7bf296dc4.md
Moved EMAIL_196917d7bf296dc4.md to Done
Processing approval file: EMAIL_196918ee15dcc565.md
Unknown action type: email in EMAIL_196918ee15dcc565.md
Moved EMAIL_196918ee15dcc565.md to Done
Processing approval file: EMAIL_19699486a5c75d6e.md
Unknown action type: email in EMAIL_19699486a5c75d6e.md
Moved EMAIL_19699486a5c75d6e.md to Done
Processing approval file: EMAIL_196a10aa80c2b1ff.md
Unknown action type: email in EMAIL_196a10aa80c2b1ff.md
Moved EMAIL_196a10aa80c2b1ff.md to Done
Processing approval file: EMAIL_196a16ff17b9fa6c.md
Unknown action type: email in EMAIL_196a16ff17b9fa6c.md
Moved EMAIL_196a16ff17b9fa6c.md to Done
Processing approval file: EMAIL_196a6285778adaec.md
Unknown action type: email in EMAIL_196a6285778adaec.md
Moved EMAIL_196a6285778adaec.md to Done
Processing approval file: EMAIL_196ab2af93c2b099.md
Unknown action type: email in EMAIL_196ab2af93c2b099.md
Moved EMAIL_196ab2af93c2b099.md to Done
Processing approval file: EMAIL_196ab582baa9ee4b.md
Unknown action type: email in EMAIL_196ab582baa9ee4b.md
Moved EMAIL_196ab582baa9ee4b.md to Done
Processing approval file: EMAIL_196b01f69e688774.md
Unknown action type: email in EMAIL_196b01f69e688774.md
Moved EMAIL_196b01f69e688774.md to Done
Processing approval file: EMAIL_196b586f706e2be4.md
Unknown action type: email in EMAIL_196b586f706e2be4.md
Moved EMAIL_196b586f706e2be4.md to Done
Processing approval file: EMAIL_196b59b6333201f4.md
Unknown action type: email in EMAIL_196b59b6333201f4.md
Moved EMAIL_196b59b6333201f4.md to Done
Processing approval file: EMAIL_196b9d32a51d0474.md
Unknown action type: email in EMAIL_196b9d32a51d0474.md
Moved EMAIL_196b9d32a51d0474.md to Done
Processing approval file: EMAIL_196bd54eb52ff902.md
Unknown action type: email in EMAIL_196bd54eb52ff902.md
Moved EMAIL_196bd54eb52ff902.md to Done
Processing approval file: EMAIL_196c51d8185f79b6.md
Unknown action type: email in EMAIL_196c51d8185f79b6.md
Moved EMAIL_196c51d8185f79b6.md to Done
Processing approval file: EMAIL_196c57f44a8a3357.md
Unknown action type: email in EMAIL_196c57f44a8a3357.md
Moved EMAIL_196c57f44a8a3357.md to Done
Processing approval file: EMAIL_196ca34d7b0b4c62.md
Unknown action type: email in EMAIL_196ca34d7b0b4c62.md
Moved EMAIL_196ca34d7b0b4c62.md to Done
Processing approval file: EMAIL_196cf50acf4e8a00.md
Unknown action type: email in EMAIL_196cf50acf4e8a00.md
Moved EMAIL_196cf50acf4e8a00.md to Done
Processing approval file: EMAIL_196cf8f7e96db889.md
Unknown action type: email in EMAIL_196cf8f7e96db889.md
Moved EMAIL_196cf8f7e96db889.md to Done
Processing approval file: EMAIL_196d434df8a8516c.md
Unknown action type: email in EMAIL_196d434df8a8516c.md
Moved EMAIL_196d434df8a8516c.md to Done
Processing approval file: EMAIL_196d5cb19feb76a7.md
Unknown action type: email in EMAIL_196d5cb19feb76a7.md
Moved EMAIL_196d5cb19feb76a7.md to Done
Processing approval file: EMAIL_196d9dafdd7bca20.md
Unknown action type: email in EMAIL_196d9dafdd7bca20.md
Moved EMAIL_196d9dafdd7bca20.md to Done
Processing approval file: EMAIL_196d9ecf42addbd2.md
Unknown action type: email in EMAIL_196d9ecf42addbd2.md
Moved EMAIL_196d9ecf42addbd2.md to Done
Processing approval file: EMAIL_196e1616bdaf3abd.md
Unknown action type: email in EMAIL_196e1616bdaf3abd.md
Moved EMAIL_196e1616bdaf3abd.md to Done
Processing approval file: EMAIL_196e3d0df4521f05.md
Unknown action type: email in EMAIL_196e3d0df4521f05.md
Moved EMAIL_196e3d0df4521f05.md to Done
Processing approval file: EMAIL_196e90fa89181596.md
Unknown action type: email in EMAIL_196e90fa89181596.md
Moved EMAIL_196e90fa89181596.md to Done
Processing approval file: EMAIL_196e91afae0e6e01.md
Unknown action type: email in EMAIL_196e91afae0e6e01.md
Moved EMAIL_196e91afae0e6e01.md to Done
Processing approval file: EMAIL_196ee1da535d6db8.md
Unknown action type: email in EMAIL_196ee1da535d6db8.md
Moved EMAIL_196ee1da535d6db8.md to Done
Processing approval file: EMAIL_196f2c20c1efae06.md
Unknown action type: email in EMAIL_196f2c20c1efae06.md
Moved EMAIL_196f2c20c1efae06.md to Done
Processing approval file: EMAIL_196f3539cb9addd0.md
Unknown action type: email in EMAIL_196f3539cb9addd0.md
Moved EMAIL_196f3539cb9addd0.md to Done
Processing approval file: EMAIL_196f367abebe0322.md
Unknown action type: email in EMAIL_196f367abebe0322.md
Moved EMAIL_196f367abebe0322.md to Done
Processing approval file: EMAIL_196f7c29f7b3216c.md
Unknown action type: email in EMAIL_196f7c29f7b3216c.md
Moved EMAIL_196f7c29f7b3216c.md to Done
Processing approval file: EMAIL_196f86a52035e7cc.md
Unknown action type: email in EMAIL_196f86a52035e7cc.md
Moved EMAIL_196f86a52035e7cc.md to Done
Processing approval file: EMAIL_196fd90af8734684.md
Unknown action type: email in EMAIL_196fd90af8734684.md
Moved EMAIL_196fd90af8734684.md to Done
Processing approval file: EMAIL_196fdb4ac19925fc.md
Unknown action type: email in EMAIL_196fdb4ac19925fc.md
Moved EMAIL_196fdb4ac19925fc.md to Done
Processing approval file: EMAIL_19702b70d995a97c.md
Unknown action type: email in EMAIL_19702b70d995a97c.md
Moved EMAIL_19702b70d995a97c.md to Done
Processing approval file: EMAIL_197056deed3d2c51.md
Unknown action type: email in EMAIL_197056deed3d2c51.md
Moved EMAIL_197056deed3d2c51.md to Done
Processing approval file: EMAIL_19707ecccb5046dd.md
Unknown action type: email in EMAIL_19707ecccb5046dd.md
Moved EMAIL_19707ecccb5046dd.md to Done
Processing approval file: EMAIL_1970cb9a50193012.md
Unknown action type: email in EMAIL_1970cb9a50193012.md
Moved EMAIL_1970cb9a50193012.md to Done
Processing approval file: EMAIL_1970d03c7c7cccef.md
Unknown action type: email in EMAIL_1970d03c7c7cccef.md
Moved EMAIL_1970d03c7c7cccef.md to Done
Processing approval file: EMAIL_197123a6dd94f2a0.md
Unknown action type: email in EMAIL_197123a6dd94f2a0.md
Moved EMAIL_197123a6dd94f2a0.md to Done
Processing approval file: EMAIL_197124de0c49bfb6.md
Unknown action type: email in EMAIL_197124de0c49bfb6.md
Moved EMAIL_197124de0c49bfb6.md to Done
Processing approval file: EMAIL_19717508dd6f13c0.md
Unknown action type: email in EMAIL_19717508dd6f13c0.md
Moved EMAIL_19717508dd6f13c0.md to Done
Processing approval file: EMAIL_19717797450d08ac.md
Unknown action type: email in EMAIL_19717797450d08ac.md
Moved EMAIL_19717797450d08ac.md to Done
Processing approval file: EMAIL_1971c76e2bc39337.md
Unknown action type: email in EMAIL_1971c76e2bc39337.md
Moved EMAIL_1971c76e2bc39337.md to Done
Processing approval file: EMAIL_197219d2f0fa308f.md
Unknown action type: email in EMAIL_197219d2f0fa308f.md
Moved EMAIL_197219d2f0fa308f.md to Done
Processing approval file: EMAIL_19726d45c1d947d0.md
Unknown action type: email in EMAIL_19726d45c1d947d0.md
Moved EMAIL_19726d45c1d947d0.md to Done
Processing approval file: EMAIL_1972be9ecb335322.md
Unknown action type: email in EMAIL_1972be9ecb335322.md
Moved EMAIL_1972be9ecb335322.md to Done
Processing approval file: EMAIL_19730c6227bf2bec.md
Unknown action type: email in EMAIL_19730c6227bf2bec.md
Moved EMAIL_19730c6227bf2bec.md to Done
Processing approval file: EMAIL_197312d35594afa7.md
Unknown action type: email in EMAIL_197312d35594afa7.md
Moved EMAIL_197312d35594afa7.md to Done
Processing approval file: EMAIL_19731575f25cf155.md
Unknown action type: email in EMAIL_19731575f25cf155.md
Moved EMAIL_19731575f25cf155.md to Done
Processing approval file: EMAIL_1973636a2f0560b6.md
Unknown action type: email in EMAIL_1973636a2f0560b6.md
Moved EMAIL_1973636a2f0560b6.md to Done
Processing approval file: EMAIL_197365a5c2001a47.md
Unknown action type: email in EMAIL_197365a5c2001a47.md
Moved EMAIL_197365a5c2001a47.md to Done
Processing approval file: EMAIL_1973b5d02ac68ec4.md
Unknown action type: email in EMAIL_1973b5d02ac68ec4.md
Moved EMAIL_1973b5d02ac68ec4.md to Done
Processing approval file: EMAIL_1973b8832bd91aaa.md
Unknown action type: email in EMAIL_1973b8832bd91aaa.md
Moved EMAIL_1973b8832bd91aaa.md to Done
Processing approval file: EMAIL_1973fe30e35d338f.md
Unknown action type: email in EMAIL_1973fe30e35d338f.md
Moved EMAIL_1973fe30e35d338f.md to Done
Processing approval file: EMAIL_197408369bd7e075.md
Unknown action type: email in EMAIL_197408369bd7e075.md
Moved EMAIL_197408369bd7e075.md to Done
Processing approval file: EMAIL_19745bcf1437d5e1.md
Unknown action type: email in EMAIL_19745bcf1437d5e1.md
Moved EMAIL_19745bcf1437d5e1.md to Done
Processing approval file: EMAIL_19745cd76fb63502.md
Unknown action type: email in EMAIL_19745cd76fb63502.md
Moved EMAIL_19745cd76fb63502.md to Done
Processing approval file: EMAIL_1974d86f5724294d.md
Unknown action type: email in EMAIL_1974d86f5724294d.md
Moved EMAIL_1974d86f5724294d.md to Done
Processing approval file: EMAIL_1974ff66c432b377.md
Unknown action type: email in EMAIL_1974ff66c432b377.md
Moved EMAIL_1974ff66c432b377.md to Done
Processing approval file: EMAIL_19755399642d9541.md
Unknown action type: email in EMAIL_19755399642d9541.md
Moved EMAIL_19755399642d9541.md to Done
Processing approval file: EMAIL_1975544bf7fc1046.md
Unknown action type: email in EMAIL_1975544bf7fc1046.md
Moved EMAIL_1975544bf7fc1046.md to Done
Processing approval file: EMAIL_19756f81236f2661.md
Unknown action type: email in EMAIL_19756f81236f2661.md
Moved EMAIL_19756f81236f2661.md to Done
Processing approval file: EMAIL_1975a432fb516837.md
Unknown action type: email in EMAIL_1975a432fb516837.md
Moved EMAIL_1975a432fb516837.md to Done
Processing approval file: EMAIL_1975efc472b36b76.md
Unknown action type: email in EMAIL_1975efc472b36b76.md
Moved EMAIL_1975efc472b36b76.md to Done
Processing approval file: EMAIL_1975f77bc4b73c90.md
Unknown action type: email in EMAIL_1975f77bc4b73c90.md
Moved EMAIL_1975f77bc4b73c90.md to Done
Processing approval file: EMAIL_1975fa112d757821.md
Unknown action type: email in EMAIL_1975fa112d757821.md
Moved EMAIL_1975fa112d757821.md to Done
Processing approval file: EMAIL_19763fbfc3f7c8cb.md
Unknown action type: email in EMAIL_19763fbfc3f7c8cb.md
Moved EMAIL_19763fbfc3f7c8cb.md to Done
Processing approval file: EMAIL_197648fdf1e89068.md
Unknown action type: email in EMAIL_197648fdf1e89068.md
Moved EMAIL_197648fdf1e89068.md to Done
Processing approval file: EMAIL_19769c976b1bbe89.md
Unknown action type: email in EMAIL_19769c976b1bbe89.md
Moved EMAIL_19769c976b1bbe89.md to Done
Processing approval file: EMAIL_19769d9f53b673e1.md
Unknown action type: email in EMAIL_19769d9f53b673e1.md
Moved EMAIL_19769d9f53b673e1.md to Done
Processing approval file: EMAIL_19771937dd34ef60.md
Unknown action type: email in EMAIL_19771937dd34ef60.md
Moved EMAIL_19771937dd34ef60.md to Done
Processing approval file: EMAIL_1977402fd2b30886.md
Unknown action type: email in EMAIL_1977402fd2b30886.md
Moved EMAIL_1977402fd2b30886.md to Done
Processing approval file: EMAIL_19778df31885d4bf.md
Unknown action type: email in EMAIL_19778df31885d4bf.md
Moved EMAIL_19778df31885d4bf.md to Done
Processing approval file: EMAIL_197794714d8b2225.md
Unknown action type: email in EMAIL_197794714d8b2225.md
Moved EMAIL_197794714d8b2225.md to Done
Processing approval file: EMAIL_1977e4fb27d9d7c8.md
Unknown action type: email in EMAIL_1977e4fb27d9d7c8.md
Moved EMAIL_1977e4fb27d9d7c8.md to Done
Processing approval file: EMAIL_197838869d9331df.md
Unknown action type: email in EMAIL_197838869d9331df.md
Moved EMAIL_197838869d9331df.md to Done
Processing approval file: EMAIL_1978399cf021383c.md
Unknown action type: email in EMAIL_1978399cf021383c.md
Moved EMAIL_1978399cf021383c.md to Done
Processing approval file: EMAIL_19788c0d1c4597ea.md
Unknown action type: email in EMAIL_19788c0d1c4597ea.md
Moved EMAIL_19788c0d1c4597ea.md to Done
Processing approval file: EMAIL_1978dd68677f9c7d.md
Unknown action type: email in EMAIL_1978dd68677f9c7d.md
Moved EMAIL_1978dd68677f9c7d.md to Done
Processing approval file: EMAIL_1978de67bd999822.md
Unknown action type: email in EMAIL_1978de67bd999822.md
Moved EMAIL_1978de67bd999822.md to Done
Processing approval file: EMAIL_19795a00264e215d.md
Unknown action type: email in EMAIL_19795a00264e215d.md
Moved EMAIL_19795a00264e215d.md to Done
Processing approval file: EMAIL_197980f74233736d.md
Unknown action type: email in EMAIL_197980f74233736d.md
Moved EMAIL_197980f74233736d.md to Done
Processing approval file: EMAIL_1979bc31b319dc7c.md
Unknown action type: email in EMAIL_1979bc31b319dc7c.md
Moved EMAIL_1979bc31b319dc7c.md to Done
Processing approval file: EMAIL_1979d534a2dd64a4.md
Unknown action type: email in EMAIL_1979d534a2dd64a4.md
Moved EMAIL_1979d534a2dd64a4.md to Done
Processing approval file: EMAIL_1979dc7791d31f69.md
Unknown action type: email in EMAIL_1979dc7791d31f69.md
Moved EMAIL_1979dc7791d31f69.md to Done
Processing approval file: EMAIL_197a1ac761879d46.md
Unknown action type: email in EMAIL_197a1ac761879d46.md
Moved EMAIL_197a1ac761879d46.md to Done
Processing approval file: EMAIL_197a25c37a70ad78.md
Unknown action type: email in EMAIL_197a25c37a70ad78.md
Moved EMAIL_197a25c37a70ad78.md to Done
Processing approval file: EMAIL_197a2807d570d998.md
Unknown action type: email in EMAIL_197a2807d570d998.md
Moved EMAIL_197a2807d570d998.md to Done
Processing approval file: EMAIL_197a566dd641f205.md
Unknown action type: email in EMAIL_197a566dd641f205.md
Moved EMAIL_197a566dd641f205.md to Done
Processing approval file: EMAIL_197a7945b77a27a2.md
Unknown action type: email in EMAIL_197a7945b77a27a2.md
Moved EMAIL_197a7945b77a27a2.md to Done
Processing approval file: EMAIL_197a7a6c2ad58a15.md
Unknown action type: email in EMAIL_197a7a6c2ad58a15.md
Moved EMAIL_197a7a6c2ad58a15.md to Done
Processing approval file: EMAIL_197ab5f83753a7a5.md
Unknown action type: email in EMAIL_197ab5f83753a7a5.md
Moved EMAIL_197ab5f83753a7a5.md to Done
Processing approval file: EMAIL_197ac34f4810c63d.md
Unknown action type: email in EMAIL_197ac34f4810c63d.md
Moved EMAIL_197ac34f4810c63d.md to Done
Processing approval file: EMAIL_197b1e12c56c198b.md
Unknown action type: email in EMAIL_197b1e12c56c198b.md
Moved EMAIL_197b1e12c56c198b.md to Done
Processing approval file: EMAIL_197b1f3046767347.md
Unknown action type: email in EMAIL_197b1f3046767347.md
Moved EMAIL_197b1f3046767347.md to Done
Processing approval file: EMAIL_197b9ac7abe4d051.md
Unknown action type: email in EMAIL_197b9ac7abe4d051.md
Moved EMAIL_197b9ac7abe4d051.md to Done
Processing approval file: EMAIL_197bc1c043f71ee1.md
Unknown action type: email in EMAIL_197bc1c043f71ee1.md
Moved EMAIL_197bc1c043f71ee1.md to Done
Processing approval file: EMAIL_197c142697e5528c.md
Unknown action type: email in EMAIL_197c142697e5528c.md
Moved EMAIL_197c142697e5528c.md to Done
Processing approval file: EMAIL_197c17169e63ac8b.md
Unknown action type: email in EMAIL_197c17169e63ac8b.md
Moved EMAIL_197c17169e63ac8b.md to Done
Processing approval file: EMAIL_197c1d3fc82acbfc.md
Unknown action type: email in EMAIL_197c1d3fc82acbfc.md
Moved EMAIL_197c1d3fc82acbfc.md to Done
Processing approval file: EMAIL_197c668bc7ae244a.md
Unknown action type: email in EMAIL_197c668bc7ae244a.md
Moved EMAIL_197c668bc7ae244a.md to Done
Processing approval file: EMAIL_197c8aff6c819d10.md
Unknown action type: email in EMAIL_197c8aff6c819d10.md
Moved EMAIL_197c8aff6c819d10.md to Done
Processing approval file: EMAIL_197cb9e17223afbf.md
Unknown action type: email in EMAIL_197cb9e17223afbf.md
Moved EMAIL_197cb9e17223afbf.md to Done
Processing approval file: EMAIL_197d01edd52f435b.md
Unknown action type: email in EMAIL_197d01edd52f435b.md
Moved EMAIL_197d01edd52f435b.md to Done
Processing approval file: EMAIL_197d0b574b0529dd.md
Unknown action type: email in EMAIL_197d0b574b0529dd.md
Moved EMAIL_197d0b574b0529dd.md to Done
Processing approval file: EMAIL_197d5ed04448415a.md
Unknown action type: email in EMAIL_197d5ed04448415a.md
Moved EMAIL_197d5ed04448415a.md to Done
Processing approval file: EMAIL_197d5ff8d04c3793.md
Unknown action type: email in EMAIL_197d5ff8d04c3793.md
Moved EMAIL_197d5ff8d04c3793.md to Done
Processing approval file: EMAIL_197ddb90075010b2.md
Unknown action type: email in EMAIL_197ddb90075010b2.md
Moved EMAIL_197ddb90075010b2.md to Done
Processing approval file: EMAIL_197e0287f23cf0f9.md
Unknown action type: email in EMAIL_197e0287f23cf0f9.md
Moved EMAIL_197e0287f23cf0f9.md to Done
Processing approval file: EMAIL_197e57368e83e493.md
Unknown action type: email in EMAIL_197e57368e83e493.md
Moved EMAIL_197e57368e83e493.md to Done
Processing approval file: EMAIL_197ea7550a0f1f94.md
Unknown action type: email in EMAIL_197ea7550a0f1f94.md
Moved EMAIL_197ea7550a0f1f94.md to Done
Processing approval file: EMAIL_197eba9eb78986e9.md
Unknown action type: email in EMAIL_197eba9eb78986e9.md
Moved EMAIL_197eba9eb78986e9.md to Done
Processing approval file: EMAIL_197efacdb9461c45.md
Unknown action type: email in EMAIL_197efacdb9461c45.md
Moved EMAIL_197efacdb9461c45.md to Done
Processing approval file: EMAIL_197f2527974abe9a.md
Unknown action type: email in EMAIL_197f2527974abe9a.md
Moved EMAIL_197f2527974abe9a.md to Done
Processing approval file: EMAIL_197f42773b56aef7.md
Unknown action type: email in EMAIL_197f42773b56aef7.md
Moved EMAIL_197f42773b56aef7.md to Done
Processing approval file: EMAIL_197f4c20ff3bfe0d.md
Unknown action type: email in EMAIL_197f4c20ff3bfe0d.md
Moved EMAIL_197f4c20ff3bfe0d.md to Done
Processing approval file: EMAIL_197f9fda73de0950.md
Unknown action type: email in EMAIL_197f9fda73de0950.md
Moved EMAIL_197f9fda73de0950.md to Done
Processing approval file: EMAIL_197fa0c1227da446.md
Unknown action type: email in EMAIL_197fa0c1227da446.md
Moved EMAIL_197fa0c1227da446.md to Done
Processing approval file: EMAIL_197fa1e67ecee2b0.md
Unknown action type: email in EMAIL_197fa1e67ecee2b0.md
Moved EMAIL_197fa1e67ecee2b0.md to Done
Processing approval file: EMAIL_197ff0f59edd2d4f.md
Unknown action type: email in EMAIL_197ff0f59edd2d4f.md
Moved EMAIL_197ff0f59edd2d4f.md to Done
Processing approval file: EMAIL_19801c58ad6ea529.md
Unknown action type: email in EMAIL_19801c58ad6ea529.md
Moved EMAIL_19801c58ad6ea529.md to Done
Processing approval file: EMAIL_1980434fea1f9877.md
Unknown action type: email in EMAIL_1980434fea1f9877.md
Moved EMAIL_1980434fea1f9877.md to Done
Processing approval file: EMAIL_1980975fb82e9c0f.md
Unknown action type: email in EMAIL_1980975fb82e9c0f.md
Moved EMAIL_1980975fb82e9c0f.md to Done
Processing approval file: EMAIL_19809a5b7edcd628.md
Unknown action type: email in EMAIL_19809a5b7edcd628.md
Moved EMAIL_19809a5b7edcd628.md to Done
Processing approval file: EMAIL_19809ed01b0cc8b7.md
Unknown action type: email in EMAIL_19809ed01b0cc8b7.md
Moved EMAIL_19809ed01b0cc8b7.md to Done
Processing approval file: EMAIL_1980b4f128146d88.md
Unknown action type: email in EMAIL_1980b4f128146d88.md
Moved EMAIL_1980b4f128146d88.md to Done
Processing approval file: EMAIL_1980e81c838b9dbf.md
Unknown action type: email in EMAIL_1980e81c838b9dbf.md
Moved EMAIL_1980e81c838b9dbf.md to Done
Processing approval file: EMAIL_19813b982dce7f10.md
Unknown action type: email in EMAIL_19813b982dce7f10.md
Moved EMAIL_19813b982dce7f10.md to Done
Processing approval file: EMAIL_198165f06b5a89bd.md
Unknown action type: email in EMAIL_198165f06b5a89bd.md
Moved EMAIL_198165f06b5a89bd.md to Done
Processing approval file: EMAIL_198182fcb5454dd8.md
Unknown action type: email in EMAIL_198182fcb5454dd8.md
Moved EMAIL_198182fcb5454dd8.md to Done
Processing approval file: EMAIL_19818ce7d69e859b.md
Unknown action type: email in EMAIL_19818ce7d69e859b.md
Moved EMAIL_19818ce7d69e859b.md to Done
Processing approval file: EMAIL_1981945c0c55531f.md
Unknown action type: email in EMAIL_1981945c0c55531f.md
Moved EMAIL_1981945c0c55531f.md to Done
Processing approval file: EMAIL_1981e04b076e1906.md
Unknown action type: email in EMAIL_1981e04b076e1906.md
Moved EMAIL_1981e04b076e1906.md to Done
Processing approval file: EMAIL_1981e18baaf56009.md
Unknown action type: email in EMAIL_1981e18baaf56009.md
Moved EMAIL_1981e18baaf56009.md to Done
Processing approval file: EMAIL_19820abc6f6a392d.md
Unknown action type: email in EMAIL_19820abc6f6a392d.md
Moved EMAIL_19820abc6f6a392d.md to Done
Processing approval file: EMAIL_198231b2cee24b77.md
Unknown action type: email in EMAIL_198231b2cee24b77.md
Moved EMAIL_198231b2cee24b77.md to Done
Processing approval file: EMAIL_19825d2151b13791.md
Unknown action type: email in EMAIL_19825d2151b13791.md
Moved EMAIL_19825d2151b13791.md to Done
Processing approval file: EMAIL_1982d67e523c780e.md
Unknown action type: email in EMAIL_1982d67e523c780e.md
Moved EMAIL_1982d67e523c780e.md to Done
Processing approval file: EMAIL_1982dfaa9241e339.md
Unknown action type: email in EMAIL_1982dfaa9241e339.md
Moved EMAIL_1982dfaa9241e339.md to Done
Processing approval file: EMAIL_198329d8244876e6.md
Unknown action type: email in EMAIL_198329d8244876e6.md
Moved EMAIL_198329d8244876e6.md to Done
Processing approval file: EMAIL_19832b22c97cbbd8.md
Unknown action type: email in EMAIL_19832b22c97cbbd8.md
Moved EMAIL_19832b22c97cbbd8.md to Done
Processing approval file: EMAIL_19837b55e0a6fdf4.md
Unknown action type: email in EMAIL_19837b55e0a6fdf4.md
Moved EMAIL_19837b55e0a6fdf4.md to Done
Processing approval file: EMAIL_1983a6b7e31ad8c4.md
Unknown action type: email in EMAIL_1983a6b7e31ad8c4.md
Moved EMAIL_1983a6b7e31ad8c4.md to Done
Processing approval file: EMAIL_1983c494463bddb9.md
Unknown action type: email in EMAIL_1983c494463bddb9.md
Moved EMAIL_1983c494463bddb9.md to Done
Processing approval file: EMAIL_1983ce68153b8aae.md
Unknown action type: email in EMAIL_1983ce68153b8aae.md
Moved EMAIL_1983ce68153b8aae.md to Done
Processing approval file: EMAIL_198420ebbde006fe.md
Unknown action type: email in EMAIL_198420ebbde006fe.md
Moved EMAIL_198420ebbde006fe.md to Done
Processing approval file: EMAIL_19842251e0fe7c12.md
Unknown action type: email in EMAIL_19842251e0fe7c12.md
Moved EMAIL_19842251e0fe7c12.md to Done
Processing approval file: EMAIL_19844b83bf329a8b.md
Unknown action type: email in EMAIL_19844b83bf329a8b.md
Moved EMAIL_19844b83bf329a8b.md to Done
Processing approval file: EMAIL_1984727adebd03f8.md
Unknown action type: email in EMAIL_1984727adebd03f8.md
Moved EMAIL_1984727adebd03f8.md to Done
Processing approval file: EMAIL_19849de917a0fcb9.md
Unknown action type: email in EMAIL_19849de917a0fcb9.md
Moved EMAIL_19849de917a0fcb9.md to Done
Processing approval file: EMAIL_1984c4fbe7492031.md
Unknown action type: email in EMAIL_1984c4fbe7492031.md
Moved EMAIL_1984c4fbe7492031.md to Done
Processing approval file: EMAIL_198518b0b7f17615.md
Unknown action type: email in EMAIL_198518b0b7f17615.md
Moved EMAIL_198518b0b7f17615.md to Done
Processing approval file: EMAIL_1985206161c577e8.md
Unknown action type: email in EMAIL_1985206161c577e8.md
Moved EMAIL_1985206161c577e8.md to Done
Processing approval file: EMAIL_1985687c4534981e.md
Unknown action type: email in EMAIL_1985687c4534981e.md
Moved EMAIL_1985687c4534981e.md to Done
Processing approval file: EMAIL_198569ac6abf6b64.md
Unknown action type: email in EMAIL_198569ac6abf6b64.md
Moved EMAIL_198569ac6abf6b64.md to Done
Processing approval file: EMAIL_19856f8cfd2165a4.md
Unknown action type: email in EMAIL_19856f8cfd2165a4.md
Moved EMAIL_19856f8cfd2165a4.md to Done
Processing approval file: EMAIL_1985900bc44b8c4c.md
Unknown action type: email in EMAIL_1985900bc44b8c4c.md
Moved EMAIL_1985900bc44b8c4c.md to Done
Processing approval file: EMAIL_1985aad0cba6bd3f.md
Unknown action type: email in EMAIL_1985aad0cba6bd3f.md
Moved EMAIL_1985aad0cba6bd3f.md to Done
Processing approval file: EMAIL_1985bb71348f7382.md
Unknown action type: email in EMAIL_1985bb71348f7382.md
Moved EMAIL_1985bb71348f7382.md to Done
Processing approval file: EMAIL_1985e411768236a5.md
Unknown action type: email in EMAIL_1985e411768236a5.md
Moved EMAIL_1985e411768236a5.md to Done
Processing approval file: EMAIL_1985eba9420625f4.md
Unknown action type: email in EMAIL_1985eba9420625f4.md
Moved EMAIL_1985eba9420625f4.md to Done
Processing approval file: EMAIL_198600b9e87e49d7.md
Unknown action type: email in EMAIL_198600b9e87e49d7.md
Moved EMAIL_198600b9e87e49d7.md to Done
Processing approval file: EMAIL_198610451cc85485.md
Unknown action type: email in EMAIL_198610451cc85485.md
Moved EMAIL_198610451cc85485.md to Done
Processing approval file: EMAIL_1986437f4e797c3f.md
Unknown action type: email in EMAIL_1986437f4e797c3f.md
Moved EMAIL_1986437f4e797c3f.md to Done
Processing approval file: EMAIL_1986608c7baeebd3.md
Unknown action type: email in EMAIL_1986608c7baeebd3.md
Moved EMAIL_1986608c7baeebd3.md to Done
Processing approval file: EMAIL_198660de03a11fd3.md
Unknown action type: email in EMAIL_198660de03a11fd3.md
Moved EMAIL_198660de03a11fd3.md to Done
Processing approval file: EMAIL_198688dd0def79f0.md
Unknown action type: email in EMAIL_198688dd0def79f0.md
Moved EMAIL_198688dd0def79f0.md to Done
Processing approval file: EMAIL_1986a84239d74f13.md
Unknown action type: email in EMAIL_1986a84239d74f13.md
Moved EMAIL_1986a84239d74f13.md to Done
Processing approval file: EMAIL_1986b34327de3308.md
Unknown action type: email in EMAIL_1986b34327de3308.md
Moved EMAIL_1986b34327de3308.md to Done
Processing approval file: EMAIL_1986db427d729716.md
Unknown action type: email in EMAIL_1986db427d729716.md
Moved EMAIL_1986db427d729716.md to Done
Processing approval file: EMAIL_198705a8ca960036.md
Unknown action type: email in EMAIL_198705a8ca960036.md
Moved EMAIL_198705a8ca960036.md to Done
Processing approval file: EMAIL_19872c55f9283138.md
Unknown action type: email in EMAIL_19872c55f9283138.md
Moved EMAIL_19872c55f9283138.md to Done
Processing approval file: EMAIL_198731c3358ae359.md
Unknown action type: email in EMAIL_198731c3358ae359.md
Moved EMAIL_198731c3358ae359.md to Done
Processing approval file: EMAIL_1987580c86705eac.md
Unknown action type: email in EMAIL_1987580c86705eac.md
Moved EMAIL_1987580c86705eac.md to Done
Processing approval file: EMAIL_19875813f879b997.md
Unknown action type: email in EMAIL_19875813f879b997.md
Moved EMAIL_19875813f879b997.md to Done
Processing approval file: EMAIL_198788814102e418.md
Unknown action type: email in EMAIL_198788814102e418.md
Moved EMAIL_198788814102e418.md to Done
Processing approval file: EMAIL_1987a9412ce3dd8f.md
Unknown action type: email in EMAIL_1987a9412ce3dd8f.md
Moved EMAIL_1987a9412ce3dd8f.md to Done
Processing approval file: EMAIL_1987aa74b88e02ab.md
Unknown action type: email in EMAIL_1987aa74b88e02ab.md
Moved EMAIL_1987aa74b88e02ab.md to Done
Processing approval file: EMAIL_1987afc676e2c10d.md
Unknown action type: email in EMAIL_1987afc676e2c10d.md
Moved EMAIL_1987afc676e2c10d.md to Done
Processing approval file: EMAIL_1987ea23b55ab8b6.md
Unknown action type: email in EMAIL_1987ea23b55ab8b6.md
Moved EMAIL_1987ea23b55ab8b6.md to Done
Processing approval file: EMAIL_1987fc4d902578d3.md
Unknown action type: email in EMAIL_1987fc4d902578d3.md
Moved EMAIL_1987fc4d902578d3.md to Done
Processing approval file: EMAIL_1987fcda3a86e3ca.md
Unknown action type: email in EMAIL_1987fcda3a86e3ca.md
Moved EMAIL_1987fcda3a86e3ca.md to Done
Processing approval file: EMAIL_198828486e7fc727.md
Unknown action type: email in EMAIL_198828486e7fc727.md
Moved EMAIL_198828486e7fc727.md to Done
Processing approval file: EMAIL_19882d756b6434e6.md
Unknown action type: email in EMAIL_19882d756b6434e6.md
Moved EMAIL_19882d756b6434e6.md to Done
Processing approval file: EMAIL_198852010241f31f.md
Unknown action type: email in EMAIL_198852010241f31f.md
Moved EMAIL_198852010241f31f.md to Done
Processing approval file: EMAIL_1988577eca6e8ddb.md
Unknown action type: email in EMAIL_1988577eca6e8ddb.md
Moved EMAIL_1988577eca6e8ddb.md to Done
Processing approval file: EMAIL_1988a1a67cb13d3d.md
Unknown action type: email in EMAIL_1988a1a67cb13d3d.md
Moved EMAIL_1988a1a67cb13d3d.md to Done
Processing approval file: EMAIL_1988a24f574411ee.md
Unknown action type: email in EMAIL_1988a24f574411ee.md
Moved EMAIL_1988a24f574411ee.md to Done
Processing approval file: EMAIL_1988b2a0a433a1f2.md
Unknown action type: email in EMAIL_1988b2a0a433a1f2.md
Moved EMAIL_1988b2a0a433a1f2.md to Done
Processing approval file: EMAIL_19891f79a584fe92.md
Unknown action type: email in EMAIL_19891f79a584fe92.md
Moved EMAIL_19891f79a584fe92.md to Done
Processing approval file: EMAIL_198946714074f59a.md
Unknown action type: email in EMAIL_198946714074f59a.md
Moved EMAIL_198946714074f59a.md to Done
Processing approval file: EMAIL_1989719b6ca677f9.md
Unknown action type: email in EMAIL_1989719b6ca677f9.md
Moved EMAIL_1989719b6ca677f9.md to Done
Processing approval file: EMAIL_19897352e2a6ab11.md
Unknown action type: email in EMAIL_19897352e2a6ab11.md
Moved EMAIL_19897352e2a6ab11.md to Done
Processing approval file: EMAIL_198989a1e817161c.md
Unknown action type: email in EMAIL_198989a1e817161c.md
Moved EMAIL_198989a1e817161c.md to Done
Processing approval file: EMAIL_198998eb8f619c34.md
Unknown action type: email in EMAIL_198998eb8f619c34.md
Moved EMAIL_198998eb8f619c34.md to Done
Processing approval file: EMAIL_198999a6142d9cb7.md
Unknown action type: email in EMAIL_198999a6142d9cb7.md
Moved EMAIL_198999a6142d9cb7.md to Done
Processing approval file: EMAIL_1989ea098eb26269.md
Unknown action type: email in EMAIL_1989ea098eb26269.md
Moved EMAIL_1989ea098eb26269.md to Done
Processing approval file: EMAIL_1989fb33c596a768.md
Unknown action type: email in EMAIL_1989fb33c596a768.md
Moved EMAIL_1989fb33c596a768.md to Done
Processing approval file: EMAIL_198a31b4b8a538bf.md
Unknown action type: email in EMAIL_198a31b4b8a538bf.md
Moved EMAIL_198a31b4b8a538bf.md to Done
Processing approval file: EMAIL_198a3eed0fedbd1d.md
Unknown action type: email in EMAIL_198a3eed0fedbd1d.md
Moved EMAIL_198a3eed0fedbd1d.md to Done
Processing approval file: EMAIL_198a4020c687bd22.md
Unknown action type: email in EMAIL_198a4020c687bd22.md
Moved EMAIL_198a4020c687bd22.md to Done
Processing approval file: EMAIL_198a838cf52f05ba.md
Unknown action type: email in EMAIL_198a838cf52f05ba.md
Moved EMAIL_198a838cf52f05ba.md to Done
Processing approval file: EMAIL_198a860cffe00ba5.md
Unknown action type: email in EMAIL_198a860cffe00ba5.md
Moved EMAIL_198a860cffe00ba5.md to Done
Processing approval file: EMAIL_198a87f314c22d81.md
Unknown action type: email in EMAIL_198a87f314c22d81.md
Moved EMAIL_198a87f314c22d81.md to Done
Processing approval file: EMAIL_198a90087db6d256.md
Unknown action type: email in EMAIL_198a90087db6d256.md
Moved EMAIL_198a90087db6d256.md to Done
Processing approval file: EMAIL_198abbd18574ceaa.md
Unknown action type: email in EMAIL_198abbd18574ceaa.md
Moved EMAIL_198abbd18574ceaa.md to Done
Processing approval file: EMAIL_198bb69d022a217e.md
Unknown action type: email in EMAIL_198bb69d022a217e.md
Moved EMAIL_198bb69d022a217e.md to Done
Processing approval file: EMAIL_198c16c502444ad9.md
Unknown action type: email in EMAIL_198c16c502444ad9.md
Moved EMAIL_198c16c502444ad9.md to Done
Processing approval file: EMAIL_198c1982bc5a5482.md
Unknown action type: email in EMAIL_198c1982bc5a5482.md
Moved EMAIL_198c1982bc5a5482.md to Done
Processing approval file: EMAIL_198c61733db87fe6.md
Unknown action type: email in EMAIL_198c61733db87fe6.md
Moved EMAIL_198c61733db87fe6.md to Done
Processing approval file: EMAIL_198ca7bfdf7bcc1b.md
Unknown action type: email in EMAIL_198ca7bfdf7bcc1b.md
Moved EMAIL_198ca7bfdf7bcc1b.md to Done
Processing approval file: EMAIL_198cac6bc8df2d25.md
Unknown action type: email in EMAIL_198cac6bc8df2d25.md
Moved EMAIL_198cac6bc8df2d25.md to Done
Processing approval file: EMAIL_198cc6dfb73474be.md
Unknown action type: email in EMAIL_198cc6dfb73474be.md
Moved EMAIL_198cc6dfb73474be.md to Done
Processing approval file: EMAIL_198ccd952933f0d4.md
Unknown action type: email in EMAIL_198ccd952933f0d4.md
Moved EMAIL_198ccd952933f0d4.md to Done
Processing approval file: EMAIL_198d27edaae664bf.md
Unknown action type: email in EMAIL_198d27edaae664bf.md
Moved EMAIL_198d27edaae664bf.md to Done
Processing approval file: EMAIL_198e3eaaaa047a89.md
Unknown action type: email in EMAIL_198e3eaaaa047a89.md
Moved EMAIL_198e3eaaaa047a89.md to Done
Processing approval file: EMAIL_198eae0da00cc4f5.md
Unknown action type: email in EMAIL_198eae0da00cc4f5.md
Moved EMAIL_198eae0da00cc4f5.md to Done
Processing approval file: EMAIL_198eb77b181e8f90.md
Unknown action type: email in EMAIL_198eb77b181e8f90.md
Moved EMAIL_198eb77b181e8f90.md to Done
Processing approval file: EMAIL_198eb846928d69a4.md
Unknown action type: email in EMAIL_198eb846928d69a4.md
Moved EMAIL_198eb846928d69a4.md to Done
Processing approval file: EMAIL_198ee458b7fa74ec.md
Unknown action type: email in EMAIL_198ee458b7fa74ec.md
Moved EMAIL_198ee458b7fa74ec.md to Done
Processing approval file: EMAIL_198ef4bf1eaba5aa.md
Unknown action type: email in EMAIL_198ef4bf1eaba5aa.md
Moved EMAIL_198ef4bf1eaba5aa.md to Done
Processing approval file: EMAIL_198ef4c93080699d.md
Unknown action type: email in EMAIL_198ef4c93080699d.md
Moved EMAIL_198ef4c93080699d.md to Done
Processing approval file: EMAIL_198ef9ec0fd77bb2.md
Unknown action type: email in EMAIL_198ef9ec0fd77bb2.md
Moved EMAIL_198ef9ec0fd77bb2.md to Done
Processing approval file: EMAIL_198f3d1a48f5381b.md
Unknown action type: email in EMAIL_198f3d1a48f5381b.md
Moved EMAIL_198f3d1a48f5381b.md to Done
Processing approval file: EMAIL_198f5d4638439f35.md
Unknown action type: email in EMAIL_198f5d4638439f35.md
Moved EMAIL_198f5d4638439f35.md to Done
Processing approval file: EMAIL_198f9b966d9f4b22.md
Unknown action type: email in EMAIL_198f9b966d9f4b22.md
Moved EMAIL_198f9b966d9f4b22.md to Done
Processing approval file: EMAIL_198f9b966ff32db6.md
Unknown action type: email in EMAIL_198f9b966ff32db6.md
Moved EMAIL_198f9b966ff32db6.md to Done
Processing approval file: EMAIL_199034539577c0f4.md
Unknown action type: email in EMAIL_199034539577c0f4.md
Moved EMAIL_199034539577c0f4.md to Done
Processing approval file: EMAIL_1990638fb9fb0840.md
Unknown action type: email in EMAIL_1990638fb9fb0840.md
Moved EMAIL_1990638fb9fb0840.md to Done
Processing approval file: EMAIL_1990ad0aaccb3abb.md
Unknown action type: email in EMAIL_1990ad0aaccb3abb.md
Moved EMAIL_1990ad0aaccb3abb.md to Done
Processing approval file: EMAIL_1990aeccc16d1ca9.md
Unknown action type: email in EMAIL_1990aeccc16d1ca9.md
Moved EMAIL_1990aeccc16d1ca9.md to Done
Processing approval file: EMAIL_1990f511c40e14a9.md
Unknown action type: email in EMAIL_1990f511c40e14a9.md
Moved EMAIL_1990f511c40e14a9.md to Done
Processing approval file: EMAIL_199102e27f837113.md
Unknown action type: email in EMAIL_199102e27f837113.md
Moved EMAIL_199102e27f837113.md to Done
Processing approval file: EMAIL_199147c0ec72eb79.md
Unknown action type: email in EMAIL_199147c0ec72eb79.md
Moved EMAIL_199147c0ec72eb79.md to Done
Processing approval file: EMAIL_199158dd2bfa23e0.md
Unknown action type: email in EMAIL_199158dd2bfa23e0.md
Moved EMAIL_199158dd2bfa23e0.md to Done
Processing approval file: EMAIL_199277a00b3a5ff6.md
Unknown action type: email in EMAIL_199277a00b3a5ff6.md
Moved EMAIL_199277a00b3a5ff6.md to Done
Processing approval file: EMAIL_1992946e928052a3.md
Unknown action type: email in EMAIL_1992946e928052a3.md
Moved EMAIL_1992946e928052a3.md to Done
Processing approval file: EMAIL_1992dac67f855e26.md
Unknown action type: email in EMAIL_1992dac67f855e26.md
Moved EMAIL_1992dac67f855e26.md to Done
Processing approval file: EMAIL_1992ddc341564858.md
Unknown action type: email in EMAIL_1992ddc341564858.md
Moved EMAIL_1992ddc341564858.md to Done
Processing approval file: EMAIL_19932535e8800178.md
Unknown action type: email in EMAIL_19932535e8800178.md
Moved EMAIL_19932535e8800178.md to Done
Processing approval file: EMAIL_19932f3b64c5205f.md
Unknown action type: email in EMAIL_19932f3b64c5205f.md
Moved EMAIL_19932f3b64c5205f.md to Done
Processing approval file: EMAIL_19933d2ecbaa8ce4.md
Unknown action type: email in EMAIL_19933d2ecbaa8ce4.md
Moved EMAIL_19933d2ecbaa8ce4.md to Done
Processing approval file: EMAIL_19937549135c0e59.md
Unknown action type: email in EMAIL_19937549135c0e59.md
Moved EMAIL_19937549135c0e59.md to Done
Processing approval file: EMAIL_199382cc451b5aa7.md
Unknown action type: email in EMAIL_199382cc451b5aa7.md
Moved EMAIL_199382cc451b5aa7.md to Done
Processing approval file: EMAIL_19939174039b6d29.md
Unknown action type: email in EMAIL_19939174039b6d29.md
Moved EMAIL_19939174039b6d29.md to Done
Processing approval file: EMAIL_1993d39411b5ab61.md
Unknown action type: email in EMAIL_1993d39411b5ab61.md
Moved EMAIL_1993d39411b5ab61.md to Done
Processing approval file: EMAIL_1993e42dfc7d191f.md
Unknown action type: email in EMAIL_1993e42dfc7d191f.md
Moved EMAIL_1993e42dfc7d191f.md to Done
Processing approval file: EMAIL_1993eb088644e4b4.md
Unknown action type: email in EMAIL_1993eb088644e4b4.md
Moved EMAIL_1993eb088644e4b4.md to Done
Processing approval file: EMAIL_199426c24057109e.md
Unknown action type: email in EMAIL_199426c24057109e.md
Moved EMAIL_199426c24057109e.md to Done
Processing approval file: EMAIL_19943273ddbefa77.md
Unknown action type: email in EMAIL_19943273ddbefa77.md
Moved EMAIL_19943273ddbefa77.md to DoneStarting approval workflow monitoring (checking every 5s)...
Checking for pending approvals...
Processing approval file: EMAIL_194bc106c68f3976.md
Unknown action type: email in EMAIL_194bc106c68f3976.md
Moved EMAIL_194bc106c68f3976.md to Done
Processing approval file: EMAIL_194bc7e4f052deb1.md
Unknown action type: email in EMAIL_194bc7e4f052deb1.md
Moved EMAIL_194bc7e4f052deb1.md to Done
Processing approval file: EMAIL_194bcc874ff913b1.md
Unknown action type: email in EMAIL_194bcc874ff913b1.md
Moved EMAIL_194bcc874ff913b1.md to Done
Processing approval file: EMAIL_194c208a2a8a235e.md
Unknown action type: email in EMAIL_194c208a2a8a235e.md
Moved EMAIL_194c208a2a8a235e.md to Done
Processing approval file: LINKEDIN_POST_1771964430.md
Handling LinkedIn post approval: LINKEDIN_POST_1771964430.md
LinkedIn post still pending: This is a test post from the Personal AI Employee ...
Checking for pending approvals...
Checking for pending approvals...
Checking for pending approvals...
Checking for pending approvals...
Checking for pending approvals...
Checking for pending approvals...
Checking for pending approvals...
Checking for pending approvals...
Checking for pending approvals...
Checking for pending approvals...
Checking for pending approvals...
Checking for pending approvals...
Checking for pending approvals...
Checking for pending approvals...

Approval workflow monitoring stopped.
Starting approval workflow monitoring (checking every 5s)...
Checking for pending approvals...
Processing approval file: EMAIL_194a308a1bf690c0.md
Unknown action type: email in EMAIL_194a308a1bf690c0.md
Moved EMAIL_194a308a1bf690c0.md to Done
Processing approval file: EMAIL_194a8c0a7c4470fb.md
Unknown action type: email in EMAIL_194a8c0a7c4470fb.md
Moved EMAIL_194a8c0a7c4470fb.md to Done
Processing approval file: EMAIL_194ac9d5c8c41c74.md
Unknown action type: email in EMAIL_194ac9d5c8c41c74.md
Moved EMAIL_194ac9d5c8c41c74.md to Done
Processing approval file: EMAIL_194ad5561d1b2012.md
Unknown action type: email in EMAIL_194ad5561d1b2012.md
Moved EMAIL_194ad5561d1b2012.md to Done
Processing approval file: LINKEDIN_POST_1771964430.md
Handling LinkedIn post approval: LINKEDIN_POST_1771964430.md
LinkedIn post still pending: This is a test post from the Personal AI Employee ...
Checking for pending approvals...
Checking for pending approvals...
Checking for pending approvals...
Checking for pending approvals...
Checking for pending approvals...
Checking for pending approvals...
Checking for pending approvals...
Checking for pending approvals...
Checking for pending approvals...
Checking for pending approvals...
Checking for pending approvals...

Approval workflow monitoring stopped.
Starting approval workflow monitoring (checking every 5s)...
Checking for pending approvals...
Processing approval file: EMAIL_1949712d4da985a2.md
Unknown action type: email in EMAIL_1949712d4da985a2.md
Moved EMAIL_1949712d4da985a2.md to Done
Processing approval file: EMAIL_1949871cd9d9c87b.md
Unknown action type: email in EMAIL_1949871cd9d9c87b.md
Moved EMAIL_1949871cd9d9c87b.md to Done
Processing approval file: EMAIL_19498db3d76e808d.md
Unknown action type: email in EMAIL_19498db3d76e808d.md
Moved EMAIL_19498db3d76e808d.md to Done
Processing approval file: EMAIL_19498dfa9c632952.md
Unknown action type: email in EMAIL_19498dfa9c632952.md
Moved EMAIL_19498dfa9c632952.md to Done
Processing approval file: EMAIL_1949b72d7b0029d8.md
Unknown action type: email in EMAIL_1949b72d7b0029d8.md
Moved EMAIL_1949b72d7b0029d8.md to Done
Processing approval file: EMAIL_1949de3bb3ea3368.md
Unknown action type: email in EMAIL_1949de3bb3ea3368.md
Moved EMAIL_1949de3bb3ea3368.md to Done
Processing approval file: EMAIL_1949ea8848636723.md
Unknown action type: email in EMAIL_1949ea8848636723.md
Moved EMAIL_1949ea8848636723.md to Done
Processing approval file: EMAIL_1949ea94e34ab306.md
Unknown action type: email in EMAIL_1949ea94e34ab306.md
Moved EMAIL_1949ea94e34ab306.md to Done
Processing approval file: LINKEDIN_POST_1771964430.md
Handling LinkedIn post approval: LINKEDIN_POST_1771964430.md
LinkedIn post still pending: This is a test post from the Personal AI Employee ...
Checking for pending approvals...
Checking for pending approvals...
Checking for pending approvals...
Checking for pending approvals...
Checking for pending approvals...
Checking for pending approvals...
Checking for pending approvals...
Checking for pending approvals...
Checking for pending approvals...
Checking for pending approvals...
Checking for pending approvals...
Checking for pending approvals...
Checking for pending approvals...
Checking for pending approvals...
Checking for pending approvals...
Checking for pending approvals...
Checking for pending approvals...
Checking for pending approvals...
Checking for pending approvals...
Checking for pending approvals...
Checking for pending approvals...
Checking for pending approvals...
Checking for pending approvals...
Checking for pending approvals...
Checking for pending approvals...
Processing approval file: EMAIL_1947efc1e7940ae6.md
Unknown action type: email in EMAIL_1947efc1e7940ae6.md
Moved EMAIL_1947efc1e7940ae6.md to Done
Processing approval file: EMAIL_1948948dc8482f52.md
Unknown action type: email in EMAIL_1948948dc8482f52.md
Moved EMAIL_1948948dc8482f52.md to Done
Processing approval file: EMAIL_1948a48493b33669.md
Unknown action type: email in EMAIL_1948a48493b33669.md
Moved EMAIL_1948a48493b33669.md to Done
Processing approval file: EMAIL_1948e8dfabde98fd.md
Unknown action type: email in EMAIL_1948e8dfabde98fd.md
Moved EMAIL_1948e8dfabde98fd.md to Done
Processing approval file: EMAIL_1948e92f5b3fca3e.md
Unknown action type: email in EMAIL_1948e92f5b3fca3e.md
Moved EMAIL_1948e92f5b3fca3e.md to Done
Processing approval file: EMAIL_1948f00c2d2f0343.md
Unknown action type: email in EMAIL_1948f00c2d2f0343.md
Moved EMAIL_1948f00c2d2f0343.md to Done
Processing approval file: EMAIL_1948f712eb6d6754.md
Unknown action type: email in EMAIL_1948f712eb6d6754.md
Moved EMAIL_1948f712eb6d6754.md to Done
Processing approval file: EMAIL_194939c15c0a3fd2.md
Unknown action type: email in EMAIL_194939c15c0a3fd2.md
Moved EMAIL_194939c15c0a3fd2.md to Done
Checking for pending approvals...
Checking for pending approvals...
Checking for pending approvals...
Checking for pending approvals...
Checking for pending approvals...
Checking for pending approvals...
Checking for pending approvals...
Checking for pending approvals...
Checking for pending approvals...
Checking for pending approvals...
Checking for pending approvals...
Checking for pending approvals...
Checking for pending approvals...
Checking for pending approvals...
Checking for pending approvals...
Checking for pending approvals...
Checking for pending approvals...
Checking for pending approvals...
Checking for pending approvals...
Checking for pending approvals...
Checking for pending approvals...
Checking for pending approvals...
Checking for pending approvals...
Checking for pending approvals...
Processing approval file: EMAIL_194653c5b44b62eb.md
Unknown action type: email in EMAIL_194653c5b44b62eb.md
Moved EMAIL_194653c5b44b62eb.md to Done
Processing approval file: EMAIL_1946a62c10eb2bda.md
Unknown action type: email in EMAIL_1946a62c10eb2bda.md
Moved EMAIL_1946a62c10eb2bda.md to Done
Processing approval file: EMAIL_1946a69b6e9f6d43.md
Unknown action type: email in EMAIL_1946a69b6e9f6d43.md
Moved EMAIL_1946a69b6e9f6d43.md to Done
Processing approval file: EMAIL_1946a8af75ed9fba.md
Unknown action type: email in EMAIL_1946a8af75ed9fba.md
Moved EMAIL_1946a8af75ed9fba.md to Done
Processing approval file: EMAIL_1946c3dd1d3c88d0.md
Unknown action type: email in EMAIL_1946c3dd1d3c88d0.md
Moved EMAIL_1946c3dd1d3c88d0.md to Done
Processing approval file: EMAIL_19473f76479de80f.md
Unknown action type: email in EMAIL_19473f76479de80f.md
Moved EMAIL_19473f76479de80f.md to Done
Processing approval file: EMAIL_1947465425a3b85e.md
Unknown action type: email in EMAIL_1947465425a3b85e.md
Moved EMAIL_1947465425a3b85e.md to Done
Processing approval file: EMAIL_19474af6b5a65d6d.md
Unknown action type: email in EMAIL_19474af6b5a65d6d.md
Moved EMAIL_19474af6b5a65d6d.md to Done
Processing approval file: EMAIL_1947766b5f980977.md
Unknown action type: email in EMAIL_1947766b5f980977.md
Moved EMAIL_1947766b5f980977.md to Done
Checking for pending approvals...
Checking for pending approvals...
Checking for pending approvals...
Checking for pending approvals...
Checking for pending approvals...
Checking for pending approvals...
Checking for pending approvals...
Checking for pending approvals...
Checking for pending approvals...
Checking for pending approvals...
Checking for pending approvals...
Checking for pending approvals...
Checking for pending approvals...
Checking for pending approvals...
Checking for pending approvals...
Checking for pending approvals...
Checking for pending approvals...
Checking for pending approvals...
Checking for pending approvals...
Checking for pending approvals...
Checking for pending approvals...
Checking for pending approvals...
Checking for pending approvals...
Checking for pending approvals...
Processing approval file: EMAIL_1946015f620ccace.md
Unknown action type: email in EMAIL_1946015f620ccace.md
Moved EMAIL_1946015f620ccace.md to Done
Processing approval file: EMAIL_194601f14e6c2437.md
Unknown action type: email in EMAIL_194601f14e6c2437.md
Moved EMAIL_194601f14e6c2437.md to Done
Processing approval file: EMAIL_1946070b2211a428.md
Unknown action type: email in EMAIL_1946070b2211a428.md
Moved EMAIL_1946070b2211a428.md to Done
Processing approval file: EMAIL_194648458f4359f6.md
Unknown action type: email in EMAIL_194648458f4359f6.md
Moved EMAIL_194648458f4359f6.md to Done
Processing approval file: EMAIL_19465292793159a4.md
Unknown action type: email in EMAIL_19465292793159a4.md
Moved EMAIL_19465292793159a4.md to Done
Checking for pending approvals...
Checking for pending approvals...
Checking for pending approvals...
Checking for pending approvals...
Checking for pending approvals...
Checking for pending approvals...
Checking for pending approvals...
Checking for pending approvals...
Checking for pending approvals...
Checking for pending approvals...
Checking for pending approvals...
Checking for pending approvals...
Checking for pending approvals...
Checking for pending approvals...
Checking for pending approvals...
Checking for pending approvals...
Checking for pending approvals...
Checking for pending approvals...
Checking for pending approvals...
Checking for pending approvals...
Checking for pending approvals...
Checking for pending approvals...
Checking for pending approvals...
Checking for pending approvals...Starting approval workflow monitoring (checking every 5s)...
Checking for pending approvals...
Processing approval file: LINKEDIN_POST_1771964430.md
Handling LinkedIn post approval: LINKEDIN_POST_1771964430.md
LinkedIn post still pending: This is a test post from the Personal AI Employee ...
Processing approval file: LINKEDIN_POST_1772134872.md
Handling LinkedIn post approval: LINKEDIN_POST_1772134872.md
LinkedIn post still pending: This is a test LinkedIn post created by the Person...
Processing approval file: LINKEDIN_POST_1772134941.md
Handling LinkedIn post approval: LINKEDIN_POST_1772134941.md
LinkedIn post still pending: This is a test LinkedIn post created by the Person...
Processing approval file: LINKEDIN_POST_1772135012.md
Handling LinkedIn post approval: LINKEDIN_POST_1772135012.md
LinkedIn post still pending: Just shipped a new feature for our AI automation p...
Checking for pending approvals...
Checking for pending approvals...
Checking for pending approvals...
Checking for pending approvals...
Checking for pending approvals...
Processing approval file: EMAIL_193fd4e329d1f0c4.md
Unknown action type: email in EMAIL_193fd4e329d1f0c4.md
Moved EMAIL_193fd4e329d1f0c4.md to Done
Processing approval file: EMAIL_193fe3d2d479a980.md
Unknown action type: email in EMAIL_193fe3d2d479a980.md
Moved EMAIL_193fe3d2d479a980.md to Done
Checking for pending approvals...
Checking for pending approvals...
Checking for pending approvals...
Checking for pending approvals...
Checking for pending approvals...
Checking for pending approvals...

Approval workflow monitoring stopped.
Starting approval workflow monitoring (checking every 5s)...
Checking for pending approvals...
Processing approval file: LINKEDIN_POST_1771964430.md
Handling LinkedIn post approval: LINKEDIN_POST_1771964430.md
LinkedIn post still pending: This is a test post from the Personal AI Employee ...
Processing approval file: LINKEDIN_POST_1772134872.md
Handling LinkedIn post approval: LINKEDIN_POST_1772134872.md
LinkedIn post still pending: This is a test LinkedIn post created by the Person...
Processing approval file: LINKEDIN_POST_1772134941.md
Handling LinkedIn post approval: LINKEDIN_POST_1772134941.md
LinkedIn post still pending: This is a test LinkedIn post created by the Person...
Processing approval file: LINKEDIN_POST_1772135012.md
Handling LinkedIn post approval: LINKEDIN_POST_1772135012.md
LinkedIn post still pending: Just shipped a new feature for our AI automation p...
Checking for pending approvals...
Checking for pending approvals...
Checking for pending approvals...
Checking for pending approvals...
Checking for pending approvals...
Processing approval file: EMAIL_193f903992f9b645.md
Unknown action type: email in EMAIL_193f903992f9b645.md
Moved EMAIL_193f903992f9b645.md to Done
Processing approval file: EMAIL_193f916c872751b4.md
Unknown action type: email in EMAIL_193f916c872751b4.md
Moved EMAIL_193f916c872751b4.md to Done
Checking for pending approvals...
Checking for pending approvals...
Checking for pending approvals...
Checking for pending approvals...
Checking for pending approvals...
Checking for pending approvals...
Checking for pending approvals...
Checking for pending approvals...
Checking for pending approvals...
Checking for pending approvals...
Checking for pending approvals...
Checking for pending approvals...
Checking for pending approvals...
Checking for pending approvals...
Checking for pending approvals...
Checking for pending approvals...
Checking for pending approvals...
Checking for pending approvals...
Checking for pending approvals...
Checking for pending approvals...
Checking for pending approvals...
Checking for pending approvals...
Checking for pending approvals...
Checking for pending approvals...
Processing approval file: EMAIL_193eeca15f4d89b6.md
Unknown action type: email in EMAIL_193eeca15f4d89b6.md
Moved EMAIL_193eeca15f4d89b6.md to Done
Processing approval file: EMAIL_193f3f07f0abc327.md
Unknown action type: email in EMAIL_193f3f07f0abc327.md
Moved EMAIL_193f3f07f0abc327.md to Done
Checking for pending approvals...
Checking for pending approvals...
Checking for pending approvals...
Checking for pending approvals...
Checking for pending approvals...
Checking for pending approvals...
Checking for pending approvals...
Checking for pending approvals...
Checking for pending approvals...
Checking for pending approvals...
Checking for pending approvals...
Checking for pending approvals...
Checking for pending approvals...
Checking for pending approvals...
Checking for pending approvals...
Checking for pending approvals...
Checking for pending approvals...
Checking for pending approvals...
Checking for pending approvals...
Checking for pending approvals...
Checking for pending approvals...
Checking for pending approvals...
Checking for pending approvals...
Checking for pending approvals...
Processing approval file: EMAIL_193e38e6faafc3d0.md
Unknown action type: email in EMAIL_193e38e6faafc3d0.md
Moved EMAIL_193e38e6faafc3d0.md to Done
Processing approval file: EMAIL_193e47e45f2690fd.md
Unknown action type: email in EMAIL_193e47e45f2690fd.md
Moved EMAIL_193e47e45f2690fd.md to Done
Processing approval file: EMAIL_193e481eaa529ffb.md
Unknown action type: email in EMAIL_193e481eaa529ffb.md
Moved EMAIL_193e481eaa529ffb.md to Done
Checking for pending approvals...
Checking for pending approvals...
Checking for pending approvals...
Checking for pending approvals...
Checking for pending approvals...
Checking for pending approvals...
Checking for pending approvals...
Checking for pending approvals...
Checking for pending approvals...
Checking for pending approvals...
Checking for pending approvals...
Checking for pending approvals...
Checking for pending approvals...
Checking for pending approvals...
Checking for pending approvals...
Checking for pending approvals...
Checking for pending approvals...
Checking for pending approvals...
Checking for pending approvals...
Checking for pending approvals...
Checking for pending approvals...
Checking for pending approvals...
Checking for pending approvals...
Checking for pending approvals...
Processing approval file: EMAIL_193d143103b6e317.md
Unknown action type: email in EMAIL_193d143103b6e317.md
Moved EMAIL_193d143103b6e317.md to Done
Processing approval file: EMAIL_193d452437ea92f1.md
Unknown action type: email in EMAIL_193d452437ea92f1.md
Moved EMAIL_193d452437ea92f1.md to Done
Processing approval file: EMAIL_193d4f71745503d4.md
Unknown action type: email in EMAIL_193d4f71745503d4.md
Moved EMAIL_193d4f71745503d4.md to Done
Processing approval file: EMAIL_193d50a477e5e721.md
Unknown action type: email in EMAIL_193d50a477e5e721.md
Moved EMAIL_193d50a477e5e721.md to Done
Processing approval file: EMAIL_193d941b63a260e0.md
Unknown action type: email in EMAIL_193d941b63a260e0.md
Moved EMAIL_193d941b63a260e0.md to Done
Processing approval file: EMAIL_193d9dd80916d259.md
Unknown action type: email in EMAIL_193d9dd80916d259.md
Moved EMAIL_193d9dd80916d259.md to Done
Processing approval file: EMAIL_193da30b0e93bb99.md
Unknown action type: email in EMAIL_193da30b0e93bb99.md
Moved EMAIL_193da30b0e93bb99.md to Done
Checking for pending approvals...
Checking for pending approvals...
Checking for pending approvals...
Checking for pending approvals...
Checking for pending approvals...
Checking for pending approvals...
Checking for pending approvals...
Checking for pending approvals...
Checking for pending approvals...
Checking for pending approvals...
Checking for pending approvals...
Checking for pending approvals...
Checking for pending approvals...
Checking for pending approvals...
Checking for pending approvals...
Checking for pending approvals...
Checking for pending approvals...
Checking for pending approvals...
Checking for pending approvals...
Checking for pending approvals...
Checking for pending approvals...
Checking for pending approvals...
Checking for pending approvals...
Checking for pending approvals...
Processing approval file: EMAIL_193c096f4dfa8962.md
Unknown action type: email in EMAIL_193c096f4dfa8962.md
Moved EMAIL_193c096f4dfa8962.md to Done
Processing approval file: EMAIL_193c2e4e6219f1d0.md
Unknown action type: email in EMAIL_193c2e4e6219f1d0.md
Moved EMAIL_193c2e4e6219f1d0.md to Done
Processing approval file: EMAIL_193c2f0d2e472539.md
Unknown action type: email in EMAIL_193c2f0d2e472539.md
Moved EMAIL_193c2f0d2e472539.md to Done
Processing approval file: EMAIL_193cfe3e6b6b9b37.md
Unknown action type: email in EMAIL_193cfe3e6b6b9b37.md
Moved EMAIL_193cfe3e6b6b9b37.md to Done
Checking for pending approvals...
Checking for pending approvals...
Checking for pending approvals...
Checking for pending approvals...
Checking for pending approvals...
Checking for pending approvals...
Checking for pending approvals...
Checking for pending approvals...
Checking for pending approvals...
Checking for pending approvals...
Checking for pending approvals...
Checking for pending approvals...
Checking for pending approvals...
Checking for pending approvals...
Checking for pending approvals...
Checking for pending approvals...
Checking for pending approvals...
Checking for pending approvals...
Checking for pending approvals...
Checking for pending approvals...
Checking for pending approvals...
Checking for pending approvals...
Checking for pending approvals...
Checking for pending approvals...
Processing approval file: EMAIL_193b59ca2e8667bb.md
Unknown action type: email in EMAIL_193b59ca2e8667bb.md
Moved EMAIL_193b59ca2e8667bb.md to Done
Processing approval file: EMAIL_193b626bb9abf4cf.mdStarting approval workflow monitoring (checking every 5s)...
Checking for pending approvals...
Processing approval file: LINKEDIN_POST_1771964430.md
Handling LinkedIn post approval: LINKEDIN_POST_1771964430.md
LinkedIn post still pending: This is a test post from the Personal AI Employee ...
Processing approval file: LINKEDIN_POST_1772134872.md
Handling LinkedIn post approval: LINKEDIN_POST_1772134872.md
LinkedIn post still pending: This is a test LinkedIn post created by the Person...
Processing approval file: LINKEDIN_POST_1772134941.md
Handling LinkedIn post approval: LINKEDIN_POST_1772134941.md
LinkedIn post still pending: This is a test LinkedIn post created by the Person...
Processing approval file: LINKEDIN_POST_1772135012.md
Handling LinkedIn post approval: LINKEDIN_POST_1772135012.md
LinkedIn post still pending: Just shipped a new feature for our AI automation p...
Checking for pending approvals...
Checking for pending approvals...
Checking for pending approvals...
Checking for pending approvals...
Checking for pending approvals...
Checking for pending approvals...
Checking for pending approvals...
Checking for pending approvals...
Checking for pending approvals...
Checking for pending approvals...
Checking for pending approvals...
Checking for pending approvals...
Checking for pending approvals...
Checking for pending approvals...
Checking for pending approvals...
Checking for pending approvals...
Processing approval file: EMAIL_1939b75cd233e69c.md
Unknown action type: email in EMAIL_1939b75cd233e69c.md
Moved EMAIL_1939b75cd233e69c.md to Done
Processing approval file: EMAIL_1939bac633709077.md
Unknown action type: email in EMAIL_1939bac633709077.md
Moved EMAIL_1939bac633709077.md to Done
Processing approval file: EMAIL_1939c644d20eeae8.md
Unknown action type: email in EMAIL_1939c644d20eeae8.md
Moved EMAIL_1939c644d20eeae8.md to Done
Checking for pending approvals...
Checking for pending approvals...
Checking for pending approvals...
Checking for pending approvals...
Checking for pending approvals...
Checking for pending approvals...
Checking for pending approvals...
Checking for pending approvals...
Checking for pending approvals...
Checking for pending approvals...
Checking for pending approvals...
Checking for pending approvals...
Checking for pending approvals...
Checking for pending approvals...
Checking for pending approvals...
Checking for pending approvals...
Checking for pending approvals...
Checking for pending approvals...
Checking for pending approvals...
Checking for pending approvals...
Checking for pending approvals...
Checking for pending approvals...
Checking for pending approvals...
Checking for pending approvals...
Processing approval file: EMAIL_1939217a3ae4d69a.md
Unknown action type: email in EMAIL_1939217a3ae4d69a.md
Moved EMAIL_1939217a3ae4d69a.md to Done
Processing approval file: EMAIL_19392602a6d141bf.md
Unknown action type: email in EMAIL_19392602a6d141bf.md
Moved EMAIL_19392602a6d141bf.md to Done
Processing approval file: EMAIL_193927ca8ccdbac3.md
Unknown action type: email in EMAIL_193927ca8ccdbac3.md
Moved EMAIL_193927ca8ccdbac3.md to Done
Checking for pending approvals...
Checking for pending approvals...
Checking for pending approvals...
Checking for pending approvals...
Checking for pending approvals...
Checking for pending approvals...
Checking for pending approvals...
Checking for pending approvals...
Checking for pending approvals...
Checking for pending approvals...
Checking for pending approvals...
Checking for pending approvals...
Checking for pending approvals...
Processing approval file: EMAIL_193822b8a912b8dd.md
Unknown action type: email in EMAIL_193822b8a912b8dd.md
Moved EMAIL_193822b8a912b8dd.md to Done
Processing approval file: EMAIL_19387cadf4e6dd71.md
Unknown action type: email in EMAIL_19387cadf4e6dd71.md
Moved EMAIL_19387cadf4e6dd71.md to Done
Checking for pending approvals...
Checking for pending approvals...
Checking for pending approvals...
Checking for pending approvals...
Checking for pending approvals...
Checking for pending approvals...
Checking for pending approvals...
Checking for pending approvals...
Checking for pending approvals...
Checking for pending approvals...
Checking for pending approvals...
Checking for pending approvals...
Checking for pending approvals...
Checking for pending approvals...
Checking for pending approvals...
Checking for pending approvals...
Checking for pending approvals...
Checking for pending approvals...
Checking for pending approvals...
Checking for pending approvals...
Checking for pending approvals...
Checking for pending approvals...
Checking for pending approvals...
Checking for pending approvals...
Processing approval file: EMAIL_19368e4c0387df8e.md
Unknown action type: email in EMAIL_19368e4c0387df8e.md
Moved EMAIL_19368e4c0387df8e.md to Done
Processing approval file: EMAIL_1936e0b273b9a4e4.md
Unknown action type: email in EMAIL_1936e0b273b9a4e4.md
Moved EMAIL_1936e0b273b9a4e4.md to Done
Processing approval file: EMAIL_1936e8cb4969c341.md
Unknown action type: email in EMAIL_1936e8cb4969c341.md
Moved EMAIL_1936e8cb4969c341.md to Done
Processing approval file: EMAIL_1936e9718af8af39.md
Unknown action type: email in EMAIL_1936e9718af8af39.md
Moved EMAIL_1936e9718af8af39.md to Done
Processing approval file: EMAIL_1936ebe145dc312b.md
Unknown action type: email in EMAIL_1936ebe145dc312b.md
Moved EMAIL_1936ebe145dc312b.md to Done
Checking for pending approvals...
Checking for pending approvals...
Checking for pending approvals...
Checking for pending approvals...
Checking for pending approvals...
Checking for pending approvals...
Checking for pending approvals...
Checking for pending approvals...
Checking for pending approvals...
Checking for pending approvals...
Checking for pending approvals...
Checking for pending approvals...
Processing approval file: EMAIL_19356cb3d10de14c.md
Unknown action type: email in EMAIL_19356cb3d10de14c.md
Moved EMAIL_19356cb3d10de14c.md to Done
Processing approval file: EMAIL_193644ffd1a41558.md
Unknown action type: email in EMAIL_193644ffd1a41558.md
Moved EMAIL_193644ffd1a41558.md to Done
Processing approval file: EMAIL_193682cc347c786f.md
Unknown action type: email in EMAIL_193682cc347c786f.md
Moved EMAIL_193682cc347c786f.md to Done
Checking for pending approvals...
Checking for pending approvals...
Checking for pending approvals...
Checking for pending approvals...
Checking for pending approvals...
Checking for pending approvals...
Checking for pending approvals...

Approval workflow monitoring stopped.
Starting approval workflow monitoring (checking every 5s)...
Checking for pending approvals...
Processing approval file: LINKEDIN_POST_1771964430.md
Handling LinkedIn post approval: LINKEDIN_POST_1771964430.md
LinkedIn post still pending: This is a test post from the Personal AI Employee ...
Processing approval file: LINKEDIN_POST_1772134872.md
Handling LinkedIn post approval: LINKEDIN_POST_1772134872.md
LinkedIn post still pending: This is a test LinkedIn post created by the Person...
Processing approval file: LINKEDIN_POST_1772134941.md
Handling LinkedIn post approval: LINKEDIN_POST_1772134941.md
LinkedIn post still pending: This is a test LinkedIn post created by the Person...
Processing approval file: LINKEDIN_POST_1772135012.md
Handling LinkedIn post approval: LINKEDIN_POST_1772135012.md
LinkedIn post still pending: Just shipped a new feature for our AI automation p...
Checking for pending approvals...
Checking for pending approvals...
Checking for pending approvals...
Checking for pending approvals...
Checking for pending approvals...
Checking for pending approvals...
Checking for pending approvals...
Checking for pending approvals...
Checking for pending approvals...
Checking for pending approvals...
Checking for pending approvals...
Checking for pending approvals...
Checking for pending approvals...
Checking for pending approvals...
Checking for pending approvals...
Processing approval file: EMAIL_19344d8ae4b8f956.md
Unknown action type: email in EMAIL_19344d8ae4b8f956.md
Moved EMAIL_19344d8ae4b8f956.md to Done
Processing approval file: EMAIL_193490fd8854e731.md
Unknown action type: email in EMAIL_193490fd8854e731.md
Moved EMAIL_193490fd8854e731.md to Done
Processing approval file: EMAIL_19349fc15e294614.md
Unknown action type: email in EMAIL_19349fc15e294614.md
Moved EMAIL_19349fc15e294614.md to Done
Processing approval file: EMAIL_19349fe9d19ecf44.md
Unknown action type: email in EMAIL_19349fe9d19ecf44.md
Moved EMAIL_19349fe9d19ecf44.md to Done
Checking for pending approvals...
Checking for pending approvals...
Checking for pending approvals...
Checking for pending approvals...
Checking for pending approvals...
Checking for pending approvals...
Checking for pending approvals...
Checking for pending approvals...
Checking for pending approvals...
Checking for pending approvals...
Checking for pending approvals...
Checking for pending approvals...
Checking for pending approvals...
Checking for pending approvals...
Checking for pending approvals...
Checking for pending approvals...
Checking for pending approvals...
Checking for pending approvals...
Checking for pending approvals...
Checking for pending approvals...
Checking for pending approvals...
Checking for pending approvals...
Checking for pending approvals...
Checking for pending approvals...
Processing approval file: EMAIL_19325e54839a68bd.md
Unknown action type: email in EMAIL_19325e54839a68bd.md
Moved EMAIL_19325e54839a68bd.md to Done
Processing approval file: EMAIL_19325f21f644aa68.md
Unknown action type: email in EMAIL_19325f21f644aa68.md
Moved EMAIL_19325f21f644aa68.md to Done
Processing approval file: EMAIL_1932b056d7e11070.md
Unknown action type: email in EMAIL_1932b056d7e11070.md
Moved EMAIL_1932b056d7e11070.md to Done
Processing approval file: EMAIL_1932b1870e4e930f.md
Unknown action type: email in EMAIL_1932b1870e4e930f.md
Moved EMAIL_1932b1870e4e930f.md to Done
Processing approval file: EMAIL_1932d9862b8c3383.md
Unknown action type: email in EMAIL_1932d9862b8c3383.md
Moved EMAIL_1932d9862b8c3383.md to Done
Processing approval file: EMAIL_1932f86cb5408db9.md
Unknown action type: email in EMAIL_1932f86cb5408db9.md
Moved EMAIL_1932f86cb5408db9.md to Done
Processing approval file: EMAIL_193302b92b789636.md
Unknown action type: email in EMAIL_193302b92b789636.md
Moved EMAIL_193302b92b789636.md to Done
Processing approval file: EMAIL_193303ecd061bd73.md
Unknown action type: email in EMAIL_193303ecd061bd73.md
Moved EMAIL_193303ecd061bd73.md to Done
Checking for pending approvals...
Checking for pending approvals...
Checking for pending approvals...
Checking for pending approvals...
Checking for pending approvals...
Checking for pending approvals...
Checking for pending approvals...
Checking for pending approvals...
Checking for pending approvals...
Checking for pending approvals...
Checking for pending approvals...
Checking for pending approvals...
Checking for pending approvals...
Checking for pending approvals...
Checking for pending approvals...
Checking for pending approvals...
Checking for pending approvals...
Checking for pending approvals...
Checking for pending approvals...
Checking for pending approvals...
Checking for pending approvals...
Checking for pending approvals...
Checking for pending approvals...
Checking for pending approvals...
Checking for pending approvals...
Checking for pending approvals...
Checking for pending approvals...
Checking for pending approvals...
Checking for pending approvals...
Checking for pending approvals...
Checking for pending approvals...
Checking for pending approvals...
Checking for pending approvals...
Checking for pending approvals...
Checking for pending approvals...
Checking for pending approvals...
Checking for pending approvals...
Checking for pending approvals...
Processing approval file: EMAIL_193098bdd7257967.md
Unknown action type: email in EMAIL_193098bdd7257967.md
Moved EMAIL_193098bdd7257967.md to Done
Processing approval file: EMAIL_1930b7a38669803a.md
Unknown action type: email in EMAIL_1930b7a38669803a.md
Moved EMAIL_1930b7a38669803a.md to Done
Processing approval file: EMAIL_1930eb2319db2eb9.md
Unknown action type: email in EMAIL_1930eb2319db2eb9.md
Moved EMAIL_1930eb2319db2eb9.md to Done
Processing approval file: EMAIL_19311589df76809c.md
Unknown action type: email in EMAIL_19311589df76809c.md
Moved EMAIL_19311589df76809c.md to Done
Processing approval file: EMAIL_19318fef1f04eb00.md
Unknown action type: email in EMAIL_19318fef1f04eb00.md
Moved EMAIL_19318fef1f04eb00.md to Done
Checking for pending approvals...
Checking for pending approvals...
Checking for pending approvals...
Checking for pending approvals...
Checking for pending approvals...
Checking for pending approvals...
Checking for pending approvals...
Checking for pending approvals...
Checking for pending approvals...
Checking for pending approvals...
Checking for pending approvals...
Checking for pending approvals...
Checking for pending approvals...
Checking for pending approvals...
Checking for pending approvals...
Checking for pending approvals...
Checking for pending approvals...
Checking for pending approvals...
Checking for pending approvals...
Checking for pending approvals...
Checking for pending approvals...
Checking for pending approvals...
Checking for pending approvals...
Checking for pending approvals...
Processing approval file: EMAIL_192ff3f23de3e919.md
Unknown action type: email in EMAIL_192ff3f23de3e919.md
Moved EMAIL_192ff3f23de3e919.md to Done
Checking for pending approvals...
Checking for pending approvals...
Checking for pending approvals...
Checking for pending approvals...
Checking for pending approvals...
Checking for pending approvals...
Checking for pending approvals...
Checking for pending approvals...
Checking for pending approvals...
Checking for pending approvals...
Checking for pending approvals...
Checking for pending approvals...
Checking for pending approvals...
Checking for pending approvals...
Checking for pending approvals...
Checking for pending approvals...
Checking for pending approvals...
Checking for pending approvals...
Checking for pending approvals...
Checking for pending approvals...
Checking for pending approvals...
Checking for pending approvals...
Checking for pending approvals...
Checking for pending approvals...
Processing approval file: EMAIL_192f8615ec7ebc2a.md
Unknown action type: email in EMAIL_192f8615ec7ebc2a.md
Moved EMAIL_192f8615ec7ebc2a.md to Done
Processing approval file: EMAIL_192fc072d03e357f.md
Unknown action type: email in EMAIL_192fc072d03e357f.md
Moved EMAIL_192fc072d03e357f.md to Done
Processing approval file: EMAIL_192fcbf311ac11e0.md
Unknown action type: email in EMAIL_192fcbf311ac11e0.md
Moved EMAIL_192fcbf311ac11e0.md to Done
Checking for pending approvals...
Checking for pending approvals...
Checking for pending approvals...
Checking for pending approvals...
Checking for pending approvals...
Checking for pending approvals...
Checking for pending approvals...
Checking for pending approvals...
Checking for pending approvals...
Checking for pending approvals...
Checking for pending approvals...
Checking for pending approvals...
Checking for pending approvals...
Checking for pending approvals...
Checking for pending approvals...
Checking for pending approvals...
Checking for pending approvals...
Checking for pending approvals...
Checking for pending approvals...
Checking for pending approvals...
Checking for pending approvals...
Checking for pending approvals...
Checking for pending approvals...
Checking for pending approvals...
Processing approval file: EMAIL_192e57f5a44f0b12.md
Unknown action type: email in EMAIL_192e57f5a44f0b12.md
Moved EMAIL_192e57f5a44f0b12.md to Done
Processing approval file: EMAIL_192e76db3a86a3c6.md
Unknown action type: email in EMAIL_192e76db3a86a3c6.md
Moved EMAIL_192e76db3a86a3c6.md to Done
Processing approval file: EMAIL_192e849760a775ef.md
Unknown action type: email in EMAIL_192e849760a775ef.md
Moved EMAIL_192e849760a775ef.md to Done
Processing approval file: EMAIL_192eaa5ab5d188b1.md
Unknown action type: email in EMAIL_192eaa5ab5d188b1.md
Moved EMAIL_192eaa5ab5d188b1.md to Done
Processing approval file: EMAIL_192ed4c17527c26e.md
Unknown action type: email in EMAIL_192ed4c17527c26e.md
Moved EMAIL_192ed4c17527c26e.md to Done
Checking for pending approvals...
Checking for pending approvals...
Checking for pending approvals...
Checking for pending approvals...
Checking for pending approvals...
Checking for pending approvals...
Checking for pending approvals...
Checking for pending approvals...
Checking for pending approvals...
Checking for pending approvals...
Checking for pending approvals...
Checking for pending approvals...
Checking for pending approvals...
Checking for pending approvals...
Checking for pending approvals...
Checking for pending approvals...
Checking for pending approvals...
Checking for pending approvals...
Checking for pending approvals...
Checking for pending approvals...
Checking for pending approvals...
Checking for pending approvals...
Checking for pending approvals...
Checking for pending approvals...
Processing approval file: EMAIL_192d8b334bedb6be.md
Unknown action type: email in EMAIL_192d8b334bedb6be.md
Moved EMAIL_192d8b334bedb6be.md to Done
Processing approval file: EMAIL_192d9b32ecd86be9.md
Unknown action type: email in EMAIL_192d9b32ecd86be9.md
Moved EMAIL_192d9b32ecd86be9.md to Done
Processing approval file: EMAIL_192db32a1f1f7678.md
Unknown action type: email in EMAIL_192db32a1f1f7678.md
Moved EMAIL_192db32a1f1f7678.md to Done
Processing approval file: EMAIL_192dd3d3be8a4f68.md
Unknown action type: email in EMAIL_192dd3d3be8a4f68.md
Moved EMAIL_192dd3d3be8a4f68.md to Done
Processing approval file: EMAIL_192ddc5df7ff0b0c.md
Unknown action type: email in EMAIL_192ddc5df7ff0b0c.md
Moved EMAIL_192ddc5df7ff0b0c.md to Done
Checking for pending approvals...
Checking for pending approvals...
Checking for pending approvals...
Checking for pending approvals...
Checking for pending approvals...
Checking for pending approvals...
Checking for pending approvals...
Checking for pending approvals...
Checking for pending approvals...
Checking for pending approvals...
Checking for pending approvals...
Checking for pending approvals...
Checking for pending approvals...
Checking for pending approvals...
Checking for pending approvals...
Checking for pending approvals...
Checking for pending approvals...
Checking for pending approvals...
Checking for pending approvals...
Checking for pending approvals...
Checking for pending approvals...
Checking for pending approvals...
Checking for pending approvals...
Checking for pending approvals...
Processing approval file: EMAIL_192d330159023157.md
Unknown action type: email in EMAIL_192d330159023157.md
Moved EMAIL_192d330159023157.md to Done
Processing approval file: EMAIL_192d38c4c2e60758.md
Unknown action type: email in EMAIL_192d38c4c2e60758.md
Moved EMAIL_192d38c4c2e60758.md to Done
Processing approval file: EMAIL_192d8319904f7146.md
Unknown action type: email in EMAIL_192d8319904f7146.md
Moved EMAIL_192d8319904f7146.md to Done
Checking for pending approvals...
Checking for pending approvals...
Checking for pending approvals...
Checking for pending approvals...
Checking for pending approvals...
Checking for pending approvals...
Checking for pending approvals...
Checking for pending approvals...
Checking for pending approvals...
Checking for pending approvals...
Checking for pending approvals...
Checking for pending approvals...
Checking for pending approvals...
Checking for pending approvals...
Checking for pending approvals...
Checking for pending approvals...
Checking for pending approvals...
Checking for pending approvals...
Checking for pending approvals...
Checking for pending approvals...
Checking for pending approvals...
Checking for pending approvals...
Checking for pending approvals...
Checking for pending approvals...
Processing approval file: EMAIL_192c3614372c01a2.md
Unknown action type: email in EMAIL_192c3614372c01a2.md
Moved EMAIL_192c3614372c01a2.md to Done
Processing approval file: EMAIL_192c4193d1e6a7ae.md
Unknown action type: email in EMAIL_192c4193d1e6a7ae.md
Moved EMAIL_192c4193d1e6a7ae.md to Done
Processing approval file: EMAIL_192c43e2264d61c6.md
Unknown action type: email in EMAIL_192c43e2264d61c6.md
Moved EMAIL_192c43e2264d61c6.md to Done
Processing approval file: EMAIL_192c58689b0d59a2.md
Unknown action type: email in EMAIL_192c58689b0d59a2.md
Moved EMAIL_192c58689b0d59a2.md to Done
Checking for pending approvals...
Checking for pending approvals...
Checking for pending approvals...
Checking for pending approvals...
Checking for pending approvals...
Checking for pending approvals...
Checking for pending approvals...
Checking for pending approvals...
Checking for pending approvals...
Checking for pending approvals...
Checking for pending approvals...
Checking for pending approvals...
Checking for pending approvals...
Checking for pending approvals...
Checking for pending approvals...
Checking for pending approvals...
Checking for pending approvals...
Checking for pending approvals...
Checking for pending approvals...
Checking for pending approvals...
Checking for pending approvals...
Checking for pending approvals...
Checking for pending approvals...
Checking for pending approvals...
Checking for pending approvals...
Processing approval file: EMAIL_192b3ee2852d429b.md
Unknown action type: email in EMAIL_192b3ee2852d429b.md
Moved EMAIL_192b3ee2852d429b.md to Done
Processing approval file: EMAIL_192b5a593225fd46.md
Unknown action type: email in EMAIL_192b5a593225fd46.md
Moved EMAIL_192b5a593225fd46.md to Done
Processing approval file: EMAIL_192b8f4600a31852.md
Unknown action type: email in EMAIL_192b8f4600a31852.md
Moved EMAIL_192b8f4600a31852.md to Done
Processing approval file: EMAIL_192b9cc86e31e4db.md
Unknown action type: email in EMAIL_192b9cc86e31e4db.md
Moved EMAIL_192b9cc86e31e4db.md to Done
Processing approval file: EMAIL_192bb02dc2b1275f.md
Unknown action type: email in EMAIL_192bb02dc2b1275f.md
Moved EMAIL_192bb02dc2b1275f.md to Done
Checking for pending approvals...
Checking for pending approvals...
Checking for pending approvals...
Checking for pending approvals...
Checking for pending approvals...
Checking for pending approvals...
Checking for pending approvals...
Checking for pending approvals...
Checking for pending approvals...
Checking for pending approvals...
Checking for pending approvals...
Checking for pending approvals...
Checking for pending approvals...
Checking for pending approvals...
Checking for pending approvals...
Checking for pending approvals...
Checking for pending approvals...
Checking for pending approvals...
Checking for pending approvals...
Checking for pending approvals...
Checking for pending approvals...
Checking for pending approvals...
Checking for pending approvals...

Approval workflow monitoring stopped.
Starting approval workflow monitoring (checking every 5s)...
Checking for pending approvals...
Processing approval file: LINKEDIN_POST_1771964430.md
Handling LinkedIn post approval: LINKEDIN_POST_1771964430.md
LinkedIn post still pending: This is a test post from the Personal AI Employee ...
Processing approval file: LINKEDIN_POST_1772134872.md
Handling LinkedIn post approval: LINKEDIN_POST_1772134872.md
LinkedIn post still pending: This is a test LinkedIn post created by the Person...
Processing approval file: LINKEDIN_POST_1772134941.md
Handling LinkedIn post approval: LINKEDIN_POST_1772134941.md
LinkedIn post still pending: This is a test LinkedIn post created by the Person...
Processing approval file: LINKEDIN_POST_1772135012.md
Handling LinkedIn post approval: LINKEDIN_POST_1772135012.md
LinkedIn post still pending: Just shipped a new feature for our AI automation p...
Checking for pending approvals...
Checking for pending approvals...
Checking for pending approvals...
Checking for pending approvals...
Checking for pending approvals...
Processing approval file: EMAIL_19252cd5d5333497.md
Unknown action type: email in EMAIL_19252cd5d5333497.md
Moved EMAIL_19252cd5d5333497.md to Done
Processing approval file: EMAIL_1925731201d1a5cc.md
Unknown action type: email in EMAIL_1925731201d1a5cc.md
Moved EMAIL_1925731201d1a5cc.md to Done
Processing approval file: EMAIL_19257cb68e6ce7eb.md
Unknown action type: email in EMAIL_19257cb68e6ce7eb.md
Moved EMAIL_19257cb68e6ce7eb.md to Done
Processing approval file: EMAIL_19257f3b4f9c40a5.md
Unknown action type: email in EMAIL_19257f3b4f9c40a5.md
Moved EMAIL_19257f3b4f9c40a5.md to Done
Processing approval file: EMAIL_19259169bf69b736.md
Unknown action type: email in EMAIL_19259169bf69b736.md
Moved EMAIL_19259169bf69b736.md to Done
Processing approval file: EMAIL_1925d1adca23dcaa.md
Unknown action type: email in EMAIL_1925d1adca23dcaa.md
Moved EMAIL_1925d1adca23dcaa.md to Done
Processing approval file: EMAIL_19262406a7f4f309.md
Unknown action type: email in EMAIL_19262406a7f4f309.md
Moved EMAIL_19262406a7f4f309.md to Done
Processing approval file: EMAIL_19265f4e3989afe1.md
Unknown action type: email in EMAIL_19265f4e3989afe1.md
Moved EMAIL_19265f4e3989afe1.md to Done
Processing approval file: EMAIL_1926766c0ff0c0c4.md
Unknown action type: email in EMAIL_1926766c0ff0c0c4.md
Moved EMAIL_1926766c0ff0c0c4.md to Done
Processing approval file: EMAIL_1926bca2600ce2ef.md
Unknown action type: email in EMAIL_1926bca2600ce2ef.md
Moved EMAIL_1926bca2600ce2ef.md to Done
Processing approval file: EMAIL_19270b2dfdf33f8f.md
Unknown action type: email in EMAIL_19270b2dfdf33f8f.md
Moved EMAIL_19270b2dfdf33f8f.md to Done
Processing approval file: EMAIL_19271b393f9bf0ec.md
Unknown action type: email in EMAIL_19271b393f9bf0ec.md
Moved EMAIL_19271b393f9bf0ec.md to Done
Processing approval file: EMAIL_19275a8fbfc605c0.md
Unknown action type: email in EMAIL_19275a8fbfc605c0.md
Moved EMAIL_19275a8fbfc605c0.md to Done
Processing approval file: EMAIL_192787e19bded0b8.md
Unknown action type: email in EMAIL_192787e19bded0b8.md
Moved EMAIL_192787e19bded0b8.md to Done
Processing approval file: EMAIL_1927b4835546fe0b.md
Unknown action type: email in EMAIL_1927b4835546fe0b.md
Moved EMAIL_1927b4835546fe0b.md to Done
Processing approval file: EMAIL_1927c0039765a2b8.md
Unknown action type: email in EMAIL_1927c0039765a2b8.md
Moved EMAIL_1927c0039765a2b8.md to Done
Processing approval file: EMAIL_1927c2450e627321.md
Unknown action type: email in EMAIL_1927c2450e627321.md
Moved EMAIL_1927c2450e627321.md to Done
Processing approval file: EMAIL_1927e80610a5fca3.md
Unknown action type: email in EMAIL_1927e80610a5fca3.md
Moved EMAIL_1927e80610a5fca3.md to Done
Processing approval file: EMAIL_19282c141a5c8f6b.md
Unknown action type: email in EMAIL_19282c141a5c8f6b.md
Moved EMAIL_19282c141a5c8f6b.md to Done
Processing approval file: EMAIL_1928a1674e86d290.md
Unknown action type: email in EMAIL_1928a1674e86d290.md
Moved EMAIL_1928a1674e86d290.md to Done
Processing approval file: EMAIL_1928fe1a2f601fe7.md
Unknown action type: email in EMAIL_1928fe1a2f601fe7.md
Moved EMAIL_1928fe1a2f601fe7.md to Done
Processing approval file: EMAIL_1929099a68f07a4d.md
Unknown action type: email in EMAIL_1929099a68f07a4d.md
Moved EMAIL_1929099a68f07a4d.md to Done
Processing approval file: EMAIL_19295c0001a74c47.md
Unknown action type: email in EMAIL_19295c0001a74c47.md
Moved EMAIL_19295c0001a74c47.md to Done
Processing approval file: EMAIL_1929ae65645c4325.md
Unknown action type: email in EMAIL_1929ae65645c4325.md
Moved EMAIL_1929ae65645c4325.md to Done
Processing approval file: EMAIL_1929f54ba1c0a08d.md
Unknown action type: email in EMAIL_1929f54ba1c0a08d.md
Moved EMAIL_1929f54ba1c0a08d.md to Done
Processing approval file: EMAIL_192a00cbc9f61c8e.md
Unknown action type: email in EMAIL_192a00cbc9f61c8e.md
Moved EMAIL_192a00cbc9f61c8e.md to Done
Checking for pending approvals...
Processing approval file: EMAIL_192a03218c2d623e.md
Unknown action type: email in EMAIL_192a03218c2d623e.md
Moved EMAIL_192a03218c2d623e.md to Done
Processing approval file: EMAIL_192ae22ffb8325d1.md
Unknown action type: email in EMAIL_192ae22ffb8325d1.md
Moved EMAIL_192ae22ffb8325d1.md to Done
Processing approval file: EMAIL_192af7fc724be11d.md
Unknown action type: email in EMAIL_192af7fc724be11d.md
Moved EMAIL_192af7fc724be11d.md to Done
Checking for pending approvals...
Checking for pending approvals...
Checking for pending approvals...
Checking for pending approvals...
Checking for pending approvals...
Checking for pending approvals...
Checking for pending approvals...
Checking for pending approvals...
Checking for pending approvals...
Checking for pending approvals...
Checking for pending approvals...
Checking for pending approvals...
Checking for pending approvals...
Checking for pending approvals...
Checking for pending approvals...
Checking for pending approvals...
Checking for pending approvals...
Checking for pending approvals...
Checking for pending approvals...
Checking for pending approvals...
Checking for pending approvals...
Checking for pending approvals...
Checking for pending approvals...
Checking for pending approvals...
Checking for pending approvals...
Checking for pending approvals...
Checking for pending approvals...
Checking for pending approvals...
Checking for pending approvals...
Checking for pending approvals...
Checking for pending approvals...
Checking for pending approvals...
Checking for pending approvals...
Checking for pending approvals...
Checking for pending approvals...
Checking for pending approvals...
Checking for pending approvals...
Checking for pending approvals...
Checking for pending approvals...
Checking for pending approvals...
Checking for pending approvals...
Checking for pending approvals...
Checking for pending approvals...
Checking for pending approvals...
Checking for pending approvals...
Checking for pending approvals...
Checking for pending approvals...
Checking for pending approvals...
Checking for pending approvals...
Checking for pending approvals...
Checking for pending approvals...
Checking for pending approvals...
Checking for pending approvals...
Checking for pending approvals...
Checking for pending approvals...
Checking for pending approvals...
Checking for pending approvals...
Checking for pending approvals...
Checking for pending approvals...
Checking for pending approvals...
Checking for pending approvals...
Checking for pending approvals...
Checking for pending approvals...
Checking for pending approvals...
Checking for pending approvals...
Checking for pending approvals...
Checking for pending approvals...
Checking for pending approvals...
Checking for pending approvals...
Checking for pending approvals...
Checking for pending approvals...
Checking for pending approvals...
Checking for pending approvals...
Checking for pending approvals...
Checking for pending approvals...
Checking for pending approvals...
Checking for pending approvals...
Checking for pending approvals...
Checking for pending approvals...
Checking for pending approvals...
Checking for pending approvals...
Checking for pending approvals...
Checking for pending approvals...
Checking for pending approvals...
Checking for pending approvals...
Checking for pending approvals...
Checking for pending approvals...
Checking for pending approvals...
Checking for pending approvals...
Checking for pending approvals...
Checking for pending approvals...
Checking for pending approvals...
Checking for pending approvals...
Checking for pending approvals...
Checking for pending approvals...
Checking for pending approvals...
Checking for pending approvals...
Checking for pending approvals...
Checking for pending approvals...
Checking for pending approvals...
Checking for pending approvals...
Checking for pending approvals...
Checking for pending approvals...
Checking for pending approvals...
Checking for pending approvals...
Checking for pending approvals...
Checking for pending approvals...
Checking for pending approvals...
Checking for pending approvals...
Checking for pending approvals...
Checking for pending approvals...
Checking for pending approvals...
Checking for pending approvals...
Checking for pending approvals...
Checking for pending approvals...
Checking for pending approvals...
Checking for pending approvals...
Checking for pending approvals...
Checking for pending approvals...
Checking for pending approvals...
Checking for pending approvals...
Checking for pending approvals...
Checking for pending approvals...
Checking for pending approvals...
Checking for pending approvals...
Checking for pending approvals...
Checking for pending approvals...
Checking for pending approvals...
Checking for pending approvals...
Checking for pending approvals...
Checking for pending approvals...
Checking for pending approvals...
Checking for pending approvals...
Checking for pending approvals...
Checking for pending approvals...
Checking for pending approvals...
Checking for pending approvals...
Checking for pending approvals...
Checking for pending approvals...
Checking for pending approvals...
Checking for pending approvals...
Checking for pending approvals...
Checking for pending approvals...
Checking for pending approvals...
Checking for pending approvals...
Checking for pending approvals...
Checking for pending approvals...
Checking for pending approvals...
Checking for pending approvals...
Checking for pending approvals...
Checking for pending approvals...
Checking for pending approvals...
Checking for pending approvals...
Checking for pending approvals...
Checking for pending approvals...
Checking for pending approvals...
Checking for pending approvals...
Checking for pending approvals...
Checking for pending approvals...
Checking for pending approvals...
Checking for pending approvals...
Checking for pending approvals...
Checking for pending approvals...
Checking for pending approvals...
Checking for pending approvals...
Checking for pending approvals...
Checking for pending approvals...
Checking for pending approvals...
Checking for pending approvals...
Checking for pending approvals...
Checking for pending approvals...
Checking for pending approvals...
Checking for pending approvals...
Checking for pending approvals...
Checking for pending approvals...
Checking for pending approvals...
Checking for pending approvals...
Checking for pending approvals...
Checking for pending approvals...
Checking for pending approvals...
Checking for pending approvals...
Checking for pending approvals...
Checking for pending approvals...
Checking for pending approvals...
Checking for pending approvals...
Checking for pending approvals...
Checking for pending approvals...
Checking for pending approvals...
Checking for pending approvals...
Checking for pending approvals...
Checking for pending approvals...
Checking for pending approvals...
Checking for pending approvals...
Checking for pending approvals...
Checking for pending approvals...
Checking for pending approvals...
Checking for pending approvals...
Checking for pending approvals...
Checking for pending approvals...
Checking for pending approvals...
Checking for pending approvals...
Checking for pending approvals...
Checking for pending approvals...
Checking for pending approvals...
Checking for pending approvals...
Checking for pending approvals...
Checking for pending approvals...
Checking for pending approvals...
Checking for pending approvals...
Checking for pending approvals...
Checking for pending approvals...
Checking for pending approvals...
Checking for pending approvals...
Checking for pending approvals...
Checking for pending approvals...
Checking for pending approvals...
Checking for pending approvals...
Checking for pending approvals...
Checking for pending approvals...
Checking for pending approvals...
Checking for pending approvals...
Checking for pending approvals...
Checking for pending approvals...
Checking for pending approvals...
Checking for pending approvals...
Checking for pending approvals...
Checking for pending approvals...
Checking for pending approvals...
Checking for pending approvals...
Checking for pending approvals...
Checking for pending approvals...
Checking for pending approvals...
Checking for pending approvals...
Checking for pending approvals...
Checking for pending approvals...
Checking for pending approvals...
Checking for pending approvals...
Checking for pending approvals...
Checking for pending approvals...
Checking for pending approvals...
Checking for pending approvals...
Checking for pending approvals...
Checking for pending approvals...
Checking for pending approvals...
Checking for pending approvals...
Checking for pending approvals...
Checking for pending approvals...
Checking for pending approvals...
Checking for pending approvals...
Checking for pending approvals...
Checking for pending approvals...
Checking for pending approvals...
Checking for pending approvals...
Checking for pending approvals...
Checking for pending approvals...
Checking for pending approvals...
Checking for pending approvals...
Checking for pending approvals...
Checking for pending approvals...
Checking for pending approvals...
Checking for pending approvals...
Checking for pending approvals...
Checking for pending approvals...
Checking for pending approvals...
Checking for pending approvals...
Checking for pending approvals...
Checking for pending approvals...
Checking for pending approvals...
Checking for pending approvals...
Checking for pending approvals...
Checking for pending approvals...
Checking for pending approvals...
Checking for pending approvals...
Checking for pending approvals...
Checking for pending approvals...
Checking for pending approvals...
Checking for pending approvals...
Checking for pending approvals...
Checking for pending approvals...
Checking for pending approvals...
Checking for pending approvals...
Checking for pending approvals...
Checking for pending approvals...
Checking for pending approvals...
Checking for pending approvals...
Checking for pending approvals...
Checking for pending approvals...
Checking for pending approvals...
Checking for pending approvals...
Checking for pending approvals...
Checking for pending approvals...
Checking for pending approvals...
Checking for pending approvals...
Checking for pending approvals...
Checking for pending approvals...
Checking for pending approvals...
Checking for pending approvals...
Checking for pending approvals...
Checking for pending approvals...
Checking for pending approvals...
Checking for pending approvals...
Checking for pending approvals...
Checking for pending approvals...
Checking for pending approvals...
Checking for pending approvals...
Checking for pending approvals...
Checking for pending approvals...
Checking for pending approvals...
Checking for pending approvals...
Checking for pending approvals...
Checking for pending approvals...
Checking for pending approvals...
Starting approval workflow monitoring (checking every 5s)...
Checking for pending approvals...
Processing approval file: LINKEDIN_POST_1771964430.md
Handling LinkedIn post approval: LINKEDIN_POST_1771964430.md
LinkedIn post still pending: This is a test post from the Personal AI Employee ...
Processing approval file: LINKEDIN_POST_1772134872.md
Handling LinkedIn post approval: LINKEDIN_POST_1772134872.md
LinkedIn post still pending: This is a test LinkedIn post created by the Person...
Processing approval file: LINKEDIN_POST_1772134941.md
Handling LinkedIn post approval: LINKEDIN_POST_1772134941.md
LinkedIn post still pending: This is a test LinkedIn post created by the Person...
Processing approval file: LINKEDIN_POST_1772135012.md
Handling LinkedIn post approval: LINKEDIN_POST_1772135012.md
LinkedIn post still pending: Just shipped a new feature for our AI automation p...
Checking for pending approvals...
Checking for pending approvals...
Checking for pending approvals...
Checking for pending approvals...
Checking for pending approvals...
Checking for pending approvals...
Checking for pending approvals...
Checking for pending approvals...
Checking for pending approvals...
Checking for pending approvals...
Checking for pending approvals...
Checking for pending approvals...
Checking for pending approvals...
Checking for pending approvals...
Checking for pending approvals...
Checking for pending approvals...
Checking for pending approvals...
Checking for pending approvals...
Checking for pending approvals...
Checking for pending approvals...
Checking for pending approvals...
Checking for pending approvals...
Checking for pending approvals...
Checking for pending approvals...
Checking for pending approvals...
Checking for pending approvals...
Checking for pending approvals...
Checking for pending approvals...
Checking for pending approvals...
Checking for pending approvals...
Checking for pending approvals...
Checking for pending approvals...
Checking for pending approvals...
Checking for pending approvals...
Checking for pending approvals...
Checking for pending approvals...
Checking for pending approvals...
Checking for pending approvals...
Checking for pending approvals...
Checking for pending approvals...
Checking for pending approvals...
Checking for pending approvals...
Checking for pending approvals...
Checking for pending approvals...
Checking for pending approvals...
Checking for pending approvals...
Checking for pending approvals...
Checking for pending approvals...
Checking for pending approvals...
Checking for pending approvals...
Checking for pending approvals...
Checking for pending approvals...
Checking for pending approvals...
Checking for pending approvals...
Checking for pending approvals...
Checking for pending approvals...
Checking for pending approvals...
Checking for pending approvals...
Checking for pending approvals...
Checking for pending approvals...
Checking for pending approvals...
Checking for pending approvals...
Checking for pending approvals...
Checking for pending approvals...
Checking for pending approvals...
Checking for pending approvals...
Checking for pending approvals...
Checking for pending approvals...
Checking for pending approvals...
Checking for pending approvals...
Checking for pending approvals...
Checking for pending approvals...
Checking for pending approvals...
Checking for pending approvals...
Checking for pending approvals...
Checking for pending approvals...
Checking for pending approvals...
Checking for pending approvals...
Checking for pending approvals...
Checking for pending approvals...
Checking for pending approvals...
Checking for pending approvals...
Checking for pending approvals...
Checking for pending approvals...
Checking for pending approvals...
Checking for pending approvals...
Checking for pending approvals...
Checking for pending approvals...
Checking for pending approvals...
Checking for pending approvals...
Checking for pending approvals...
Checking for pending approvals...
Checking for pending approvals...
Checking for pending approvals...
Checking for pending approvals...
Checking for pending approvals...
Checking for pending approvals...
Checking for pending approvals...
Checking for pending approvals...
Checking for pending approvals...
Checking for pending approvals...
Checking for pending approvals...
Checking for pending approvals...
Checking for pending approvals...
Checking for pending approvals...
Checking for pending approvals...
Checking for pending approvals...
Checking for pending approvals...
Checking for pending approvals...
Checking for pending approvals...
Checking for pending approvals...
Checking for pending approvals...
Checking for pending approvals...
Checking for pending approvals...
Checking for pending approvals...
Checking for pending approvals...
Checking for pending approvals...
Checking for pending approvals...
Checking for pending approvals...
Checking for pending approvals...
Checking for pending approvals...
Checking for pending approvals...
Checking for pending approvals...
Checking for pending approvals...
Checking for pending approvals...
Checking for pending approvals...
Checking for pending approvals...
Checking for pending approvals...
Checking for pending approvals...
Checking for pending approvals...
Checking for pending approvals...
Checking for pending approvals...
Checking for pending approvals...
Checking for pending approvals...
Checking for pending approvals...
Checking for pending approvals...
Checking for pending approvals...
Checking for pending approvals...
Checking for pending approvals...
Checking for pending approvals...
Checking for pending approvals...
Checking for pending approvals...
Checking for pending approvals...
Checking for pending approvals...
Checking for pending approvals...
Checking for pending approvals...
Checking for pending approvals...
Checking for pending approvals...
Checking for pending approvals...
Checking for pending approvals...
Checking for pending approvals...
Checking for pending approvals...
Checking for pending approvals...
Checking for pending approvals...
Checking for pending approvals...
Checking for pending approvals...
Checking for pending approvals...
Checking for pending approvals...
Checking for pending approvals...
Checking for pending approvals...
Checking for pending approvals...
Checking for pending approvals...
Checking for pending approvals...
Checking for pending approvals...
Checking for pending approvals...
Checking for pending approvals...
Checking for pending approvals...
Checking for pending approvals...
Checking for pending approvals...
Checking for pending approvals...
Checking for pending approvals...
Checking for pending approvals...
Checking for pending approvals...
Checking for pending approvals...
Checking for pending approvals...
Checking for pending approvals...
Checking for pending approvals...
Checking for pending approvals...
Checking for pending approvals...
Checking for pending approvals...
Checking for pending approvals...
Checking for pending approvals...
Checking for pending approvals...
Checking for pending approvals...
Checking for pending approvals...
Checking for pending approvals...
Checking for pending approvals...
Checking for pending approvals...
Checking for pending approvals...
Checking for pending approvals...
Checking for pending approvals...
Checking for pending approvals...
Checking for pending approvals...
Checking for pending approvals...
Checking for pending approvals...
Checking for pending approvals...
Checking for pending approvals...
Checking for pending approvals...
Checking for pending approvals...
Checking for pending approvals...
Checking for pending approvals...
Checking for pending approvals...
Checking for pending approvals...
Checking for pending approvals...
Checking for pending approvals...
Checking for pending approvals...
Checking for pending approvals...
Checking for pending approvals...
Checking for pending approvals...
Checking for pending approvals...
Checking for pending approvals...
Checking for pending approvals...
Checking for pending approvals...
Checking for pending approvals...
Checking for pending approvals...
Checking for pending approvals...
Checking for pending approvals...
Checking for pending approvals...
Checking for pending approvals...
Checking for pending approvals...
Checking for pending approvals...
Checking for pending approvals...
Checking for pending approvals...
Checking for pending approvals...
Checking for pending approvals...
Checking for pending approvals...
Checking for pending approvals...
Checking for pending approvals...
Checking for pending approvals...
Checking for pending approvals...
Checking for pending approvals...
Checking for pending approvals...
Checking for pending approvals...
Checking for pending approvals...
Checking for pending approvals...
Checking for pending approvals...
Checking for pending approvals...
Checking for pending approvals...
Checking for pending approvals...
Checking for pending approvals...
Checking for pending approvals...
Checking for pending approvals...
Checking for pending approvals...
Checking for pending approvals...
Checking for pending approvals...
Checking for pending approvals...
Checking for pending approvals...
Checking for pending approvals...
Checking for pending approvals...
Checking for pending approvals...
Checking for pending approvals...
Checking for pending approvals...
Checking for pending approvals...
Checking for pending approvals...
Checking for pending approvals...
Checking for pending approvals...
Checking for pending approvals...
Checking for pending approvals...
Checking for pending approvals...
Checking for pending approvals...
Checking for pending approvals...
Checking for pending approvals...
Checking for pending approvals...
Checking for pending approvals...
Checking for pending approvals...
Checking for pending approvals...
Checking for pending approvals...
Checking for pending approvals...
Checking for pending approvals...
Checking for pending approvals...
Checking for pending approvals...
Checking for pending approvals...
Checking for pending approvals...
Checking for pending approvals...
Checking for pending approvals...
Checking for pending approvals...
Checking for pending approvals...
Checking for pending approvals...
Checking for pending approvals...
Checking for pending approvals...
Checking for pending approvals...
Checking for pending approvals...
Checking for pending approvals...
Checking for pending approvals...
Checking for pending approvals...
Checking for pending approvals...
Checking for pending approvals...
Checking for pending approvals...
Checking for pending approvals...
Checking for pending approvals...
Checking for pending approvals...
Checking for pending approvals...
Checking for pending approvals...
Checking for pending approvals...
Checking for pending approvals...
Checking for pending approvals...
Checking for pending approvals...
Checking for pending approvals...
Checking for pending approvals...
Checking for pending approvals...
Checking for pending approvals...
Checking for pending approvals...
Checking for pending approvals...
Checking for pending approvals...
Checking for pending approvals...
Checking for pending approvals...
Checking for pending approvals...
Checking for pending approvals...
Checking for pending approvals...
Checking for pending approvals...
Checking for pending approvals...
Checking for pending approvals...
Checking for pending approvals...
Checking for pending approvals...
Checking for pending approvals...
Checking for pending approvals...
Checking for pending approvals...
Checking for pending approvals...
Checking for pending approvals...
Checking for pending approvals...
Checking for pending approvals...
Checking for pending approvals...
Checking for pending approvals...
Checking for pending approvals...
Checking for pending approvals...
Checking for pending approvals...
Checking for pending approvals...
Checking for pending approvals...
Checking for pending approvals...
Checking for pending approvals...
Checking for pending approvals...
Checking for pending approvals...
Checking for pending approvals...
Checking for pending approvals...
Checking for pending approvals...
Checking for pending approvals...
Checking for pending approvals...
Checking for pending approvals...
Checking for pending approvals...
Checking for pending approvals...
Checking for pending approvals...
Checking for pending approvals...
Checking for pending approvals...
Checking for pending approvals...
Checking for pending approvals...
Checking for pending approvals...
Checking for pending approvals...
Checking for pending approvals...
Checking for pending approvals...
Checking for pending approvals...
Checking for pending approvals...
Checking for pending approvals...
Checking for pending approvals...
Checking for pending approvals...
Checking for pending approvals...
Checking for pending approvals...
Checking for pending approvals...
Checking for pending approvals...
Checking for pending approvals...
Checking for pending approvals...
Checking for pending approvals...
Checking for pending approvals...
Checking for pending approvals...
Checking for pending approvals...
Checking for pending approvals...
Checking for pending approvals...
Checking for pending approvals...
Checking for pending approvals...
Checking for pending approvals...
Checking for pending approvals...
Checking for pending approvals...
Checking for pending approvals...
Checking for pending approvals...
Checking for pending approvals...
Checking for pending approvals...
Checking for pending approvals...
Checking for pending approvals...
Checking for pending approvals...
Checking for pending approvals...
Checking for pending approvals...
Checking for pending approvals...
Checking for pending approvals...
Checking for pending approvals...
Checking for pending approvals...
Checking for pending approvals...
Checking for pending approvals...
Checking for pending approvals...
Checking for pending approvals...
Checking for pending approvals...
Checking for pending approvals...
Checking for pending approvals...
Checking for pending approvals...
Checking for pending approvals...
Checking for pending approvals...
Checking for pending approvals...
Checking for pending approvals...
Checking for pending approvals...
Checking for pending approvals...
Checking for pending approvals...
Checking for pending approvals...
Checking for pending approvals...
Checking for pending approvals...
Checking for pending approvals...
Checking for pending approvals...
Checking for pending approvals...
Checking for pending approvals...
Checking for pending approvals...
Checking for pending approvals...
Checking for pending approvals...
Checking for pending approvals...
Checking for pending approvals...
Checking for pending approvals...
Checking for pending approvals...
Checking for pending approvals...
Checking for pending approvals...
Checking for pending approvals...
Checking for pending approvals...
Checking for pending approvals...
Checking for pending approvals...
Checking for pending approvals...
Checking for pending approvals...
Checking for pending approvals...
Checking for pending approvals...
Checking for pending approvals...
Checking for pending approvals...
Checking for pending approvals...
Checking for pending approvals...
Checking for pending approvals...
Checking for pending approvals...
Checking for pending approvals...
Checking for pending approvals...
Checking for pending approvals...
Checking for pending approvals...
Checking for pending approvals...
Checking for pending approvals...
Checking for pending approvals...
Checking for pending approvals...
Checking for pending approvals...
Checking for pending approvals...
Checking for pending approvals...
Checking for pending approvals...
Checking for pending approvals...
Checking for pending approvals...
Checking for pending approvals...
Checking for pending approvals...
Checking for pending approvals...
Checking for pending approvals...
Checking for pending approvals...
Checking for pending approvals...
Checking for pending approvals...
Checking for pending approvals...
Checking for pending approvals...
Checking for pending approvals...
Checking for pending approvals...
Checking for pending approvals...
Checking for pending approvals...
Checking for pending approvals...
Checking for pending approvals...
Checking for pending approvals...
Checking for pending approvals...
Checking for pending approvals...
Checking for pending approvals...
Checking for pending approvals...
Checking for pending approvals...
Checking for pending approvals...
Checking for pending approvals...
Checking for pending approvals...
Checking for pending approvals...
Checking for pending approvals...
Checking for pending approvals...
Checking for pending approvals...
Checking for pending approvals...
Checking for pending approvals...
Checking for pending approvals...
Checking for pending approvals...
Checking for pending approvals...
Checking for pending approvals...
Checking for pending approvals...
Checking for pending approvals...
Checking for pending approvals...
Checking for pending approvals...
Checking for pending approvals...
Checking for pending approvals...
Checking for pending approvals...
Checking for pending approvals...
Checking for pending approvals...
Checking for pending approvals...
Checking for pending approvals...
Checking for pending approvals...
Checking for pending approvals...
Checking for pending approvals...
Checking for pending approvals...
Checking for pending approvals...
Checking for pending approvals...
Checking for pending approvals...
Checking for pending approvals...
Checking for pending approvals...
Checking for pending approvals...
Checking for pending approvals...
Checking for pending approvals...
Checking for pending approvals...
Checking for pending approvals...
Checking for pending approvals...
Checking for pending approvals...
Checking for pending approvals...
Checking for pending approvals...
Checking for pending approvals...
Checking for pending approvals...
Checking for pending approvals...
Checking for pending approvals...
Checking for pending approvals...
Checking for pending approvals...
Checking for pending approvals...
Checking for pending approvals...
Checking for pending approvals...
Checking for pending approvals...
Checking for pending approvals...
Checking for pending approvals...
Checking for pending approvals...
Checking for pending approvals...
Checking for pending approvals...
Checking for pending approvals...
Checking for pending approvals...
Checking for pending approvals...
Checking for pending approvals...
Checking for pending approvals...
Checking for pending approvals...
Checking for pending approvals...
Checking for pending approvals...
Checking for pending approvals...
Checking for pending approvals...
Checking for pending approvals...
Checking for pending approvals...
Checking for pending approvals...
Checking for pending approvals...
Checking for pending approvals...
Checking for pending approvals...
Checking for pending approvals...
Checking for pending approvals...
Checking for pending approvals...
Checking for pending approvals...
Checking for pending approvals...
Checking for pending approvals...
Checking for pending approvals...
Checking for pending approvals...
Checking for pending approvals...
Checking for pending approvals...
Checking for pending approvals...
Checking for pending approvals...
Checking for pending approvals...
Checking for pending approvals...
Checking for pending approvals...
Checking for pending approvals...
Checking for pending approvals...
Checking for pending approvals...
Checking for pending approvals...
Checking for pending approvals...
Checking for pending approvals...
Checking for pending approvals...
Checking for pending approvals...
Checking for pending approvals...
Checking for pending approvals...
Checking for pending approvals...
Checking for pending approvals...
Checking for pending approvals...
Checking for pending approvals...
Checking for pending approvals...
Checking for pending approvals...
Checking for pending approvals...
Checking for pending approvals...
Checking for pending approvals...
Checking for pending approvals...
Checking for pending approvals...
Checking for pending approvals...
Checking for pending approvals...
Checking for pending approvals...
Checking for pending approvals...
Checking for pending approvals...
Checking for pending approvals...
Checking for pending approvals...
Checking for pending approvals...
Checking for pending approvals...
Checking for pending approvals...
Checking for pending approvals...
Checking for pending approvals...
Checking for pending approvals...
Checking for pending approvals...
Checking for pending approvals...
Checking for pending approvals...
Checking for pending approvals...
Checking for pending approvals...
Checking for pending approvals...
Checking for pending approvals...
Checking for pending approvals...
Checking for pending approvals...
Checking for pending approvals...
Checking for pending approvals...
Checking for pending approvals...
Checking for pending approvals...
Checking for pending approvals...
Checking for pending approvals...
Checking for pending approvals...
Checking for pending approvals...
Checking for pending approvals...
Checking for pending approvals...
Checking for pending approvals...
Checking for pending approvals...
Checking for pending approvals...
Checking for pending approvals...
Checking for pending approvals...
Checking for pending approvals...
Checking for pending approvals...
Checking for pending approvals...
Checking for pending approvals...
Checking for pending approvals...
Checking for pending approvals...
Checking for pending approvals...
Checking for pending approvals...
Checking for pending approvals...
Checking for pending approvals...
Checking for pending approvals...
Checking for pending approvals...
Checking for pending approvals...
Checking for pending approvals...
Checking for pending approvals...
Checking for pending approvals...
Checking for pending approvals...
Checking for pending approvals...
Checking for pending approvals...
Checking for pending approvals...
Checking for pending approvals...
Checking for pending approvals...
Checking for pending approvals...
Checking for pending approvals...
Checking for pending approvals...
Checking for pending approvals...
Checking for pending approvals...
Checking for pending approvals...
Checking for pending approvals...
Checking for pending approvals...
Checking for pending approvals...
Checking for pending approvals...
Checking for pending approvals...
Checking for pending approvals...
Checking for pending approvals...
Checking for pending approvals...
Checking for pending approvals...
Checking for pending approvals...
Checking for pending approvals...
Checking for pending approvals...
Checking for pending approvals...
Checking for pending approvals...
Checking for pending approvals...
Checking for pending approvals...
Checking for pending approvals...
Checking for pending approvals...
Checking for pending approvals...
Checking for pending approvals...
Checking for pending approvals...
Checking for pending approvals...
Checking for pending approvals...
Checking for pending approvals...
Checking for pending approvals...
Checking for pending approvals...
Checking for pending approvals...
Checking for pending approvals...
Checking for pending approvals...
Checking for pending approvals...
Checking for pending approvals...
Checking for pending approvals...
Checking for pending approvals...
Checking for pending approvals...
Checking for pending approvals...
Checking for pending approvals...
Checking for pending approvals...
Checking for pending approvals...
Checking for pending approvals...
Checking for pending approvals...
Checking for pending approvals...
Checking for pending approvals...
Checking for pending approvals...
Checking for pending approvals...
Checking for pending approvals...
Checking for pending approvals...
Checking for pending approvals...
Checking for pending approvals...
Checking for pending approvals...
Checking for pending approvals...
Checking for pending approvals...
Checking for pending approvals...
Checking for pending approvals...
Checking for pending approvals...
Checking for pending approvals...
Checking for pending approvals...
Checking for pending approvals...
Checking for pending approvals...
Checking for pending approvals...
Checking for pending approvals...
Checking for pending approvals...
Checking for pending approvals...
Checking for pending approvals...
Checking for pending approvals...
Checking for pending approvals...
Checking for pending approvals...
Checking for pending approvals...
Checking for pending approvals...
Checking for pending approvals...
Checking for pending approvals...
Checking for pending approvals...
Checking for pending approvals...
Checking for pending approvals...
Checking for pending approvals...
Checking for pending approvals...
Checking for pending approvals...
Checking for pending approvals...
Checking for pending approvals...
Checking for pending approvals...
Checking for pending approvals...
Checking for pending approvals...
Checking for pending approvals...
Checking for pending approvals...
Checking for pending approvals...
Checking for pending approvals...
Checking for pending approvals...
Checking for pending approvals...
Checking for pending approvals...
Checking for pending approvals...
Checking for pending approvals...
Checking for pending approvals...
Checking for pending approvals...
Checking for pending approvals...
Checking for pending approvals...
Checking for pending approvals...
Checking for pending approvals...
Checking for pending approvals...
Checking for pending approvals...
Checking for pending approvals...
Checking for pending approvals...
Checking for pending approvals...
Checking for pending approvals...
Checking for pending approvals...
Checking for pending approvals...
Checking for pending approvals...
Checking for pending approvals...
Checking for pending approvals...
Checking for pending approvals...
Checking for pending approvals...
Checking for pending approvals...
Checking for pending approvals...
Checking for pending approvals...
Checking for pending approvals...
Checking for pending approvals...
Checking for pending approvals...
Checking for pending approvals...
Checking for pending approvals...
Checking for pending approvals...
Checking for pending approvals...
Checking for pending approvals...
Checking for pending approvals...
Checking for pending approvals...
Checking for pending approvals...
Checking for pending approvals...
Checking for pending approvals...
Checking for pending approvals...
Checking for pending approvals...
Checking for pending approvals...
Checking for pending approvals...
Checking for pending approvals...
Checking for pending approvals...
Checking for pending approvals...
Checking for pending approvals...
Checking for pending approvals...
Checking for pending approvals...
Checking for pending approvals...
Checking for pending approvals...
Checking for pending approvals...
Checking for pending approvals...
Checking for pending approvals...
Checking for pending approvals...
Checking for pending approvals...
Checking for pending approvals...
Checking for pending approvals...
Checking for pending approvals...
Checking for pending approvals...
Checking for pending approvals...
Checking for pending approvals...
Checking for pending approvals...
Checking for pending approvals...
Checking for pending approvals...
Checking for pending approvals...
Checking for pending approvals...
Checking for pending approvals...
Checking for pending approvals...
Checking for pending approvals...
Checking for pending approvals...
Checking for pending approvals...
Checking for pending approvals...
Checking for pending approvals...
Checking for pending approvals...
Checking for pending approvals...
Checking for pending approvals...
Checking for pending approvals...
Checking for pending approvals...
Checking for pending approvals...
Checking for pending approvals...
Checking for pending approvals...
Checking for pending approvals...
Checking for pending approvals...
Checking for pending approvals...
Checking for pending approvals...
Checking for pending approvals...
Checking for pending approvals...
Checking for pending approvals...
Checking for pending approvals...
Checking for pending approvals...
Checking for pending approvals...
Checking for pending approvals...
Checking for pending approvals...
Checking for pending approvals...
Checking for pending approvals...
Checking for pending approvals...
Checking for pending approvals...
Checking for pending approvals...
Checking for pending approvals...
Checking for pending approvals...
Checking for pending approvals...
Checking for pending approvals...
Checking for pending approvals...
Checking for pending approvals...
Checking for pending approvals...
Checking for pending approvals...
Checking for pending approvals...
Checking for pending approvals...
Checking for pending approvals...
Checking for pending approvals...
Checking for pending approvals...
Checking for pending approvals...
Checking for pending approvals...
Checking for pending approvals...
Checking for pending approvals...
Checking for pending approvals...
Checking for pending approvals...
Checking for pending approvals...
Checking for pending approvals...
Checking for pending approvals...
Checking for pending approvals...
Checking for pending approvals...
Checking for pending approvals...
Checking for pending approvals...
Checking for pending approvals...
Checking for pending approvals...
Checking for pending approvals...
Checking for pending approvals...
Checking for pending approvals...
Checking for pending approvals...
Checking for pending approvals...
Checking for pending approvals...
Checking for pending approvals...
Checking for pending approvals...
Checking for pending approvals...
Checking for pending approvals...
Checking for pending approvals...
Checking for pending approvals...
Checking for pending approvals...
Checking for pending approvals...
Checking for pending approvals...
Checking for pending approvals...
Checking for pending approvals...
Checking for pending approvals...
Checking for pending approvals...
Processing approval file: Final_Test.md
Unknown action type: linkedin_post in Final_Test.md
Moved Final_Test.md to Done
Checking for pending approvals...
Checking for pending approvals...
Checking for pending approvals...
Checking for pending approvals...
Checking for pending approvals...
Checking for pending approvals...
Checking for pending approvals...
Checking for pending approvals...
Checking for pending approvals...
Checking for pending approvals...
Checking for pending approvals...
Checking for pending approvals...
Checking for pending approvals...
Checking for pending approvals...
Checking for pending approvals...
Checking for pending approvals...
Checking for pending approvals...
Checking for pending approvals...
Checking for pending approvals...
Checking for pending approvals...
Checking for pending approvals...
Checking for pending approvals...
Checking for pending approvals...
Checking for pending approvals...
Checking for pending approvals...
Checking for pending approvals...
Checking for pending approvals...
Checking for pending approvals...
Checking for pending approvals...
Checking for pending approvals...
Checking for pending approvals...
Checking for pending approvals...
Checking for pending approvals...
Checking for pending approvals...
Checking for pending approvals...
Checking for pending approvals...
Checking for pending approvals...
Checking for pending approvals...
Checking for pending approvals...
Checking for pending approvals...
Checking for pending approvals...
Checking for pending approvals...
Checking for pending approvals...
Checking for pending approvals...
Checking for pending approvals...
Checking for pending approvals...
Checking for pending approvals...
Checking for pending approvals...
Checking for pending approvals...
Checking for pending approvals...
Checking for pending approvals...
Checking for pending approvals...
Checking for pending approvals...
Checking for pending approvals...
Checking for pending approvals...
Checking for pending approvals...
Checking for pending approvals...
Checking for pending approvals...
Checking for pending approvals...
Checking for pending approvals...
Checking for pending approvals...
Checking for pending approvals...
Checking for pending approvals...
Checking for pending approvals...
Checking for pending approvals...
Checking for pending appChecking for pending approvals...
Checking for pending approvals...
Checking for pending approvals...
Checking for pending approvals...
Checking for pending approvals...
Checking for pending approvals...
Checking for pending approvals...
Checking for pending approvals...
Checking for pending approvals...
Checking for pending approvals...
Checking for pending approvals...
Checking for pending approvals...
Checking for pending approvals...
Checking for pending approvals...
rovals...
Checking for pending approvals...
Checking for pending approvals...
Checking for pending approvals...
Checking for pending approvals...
Checking for pending approvals...
Checking for pending approvals...
Checking for pending approvals...
Checking for pending approvals...
Checking for pending approvals...
Checking for pending approvals...
Checking for pending approvals...
Checking for pending approvals...
Checking for pending approvals...
Checking for pending approvals...
Checking for pending approvals...
Checking for pending approvals...
Checking for pending approvals...
Checking for pending approvals...
Checking for pending approvals...
Checking for pending approvals...
Checking for pending approvals...
Checking for pending approvals...
Checking for pending approvals...
Checking for pending approvals...
Checking for pending approvals...
Checking for pending approvals...
Checking for pending approvals...
Checking for pending approvals...
Checking for pending approvals...
Checking for pending approvals...
Checking for pending approvals...
Checking for pending approvals...
Checking for pending approvals...
Checking for pending approvals...
Checking for pending approvals...
Checking for pending approvals...
Checking for pending approvals...
Checking for pending approvals...
Checking for pending approvals...
Checking for pending approvals...
Checking for pending approvals...
Checking for pending approvals...
Checking for pending approvals...
Checking for pending approvals...
Checking for pending approvals...
Checking for pending approvals...
Checking for pending approvals...
Checking for pending approvals...
Checking for pending approvals...
Checking for pending approvals...
Checking for pending approvals...
Checking for pending approvals...
Checking for pending approvals...
Checking for pending approvals...
Checking for pending approvals...
Checking for pending approvals...
Checking for pending approvals...
Checking for pending approvals...
Checking for pending approvals...
Checking for pending approvals...
Checking for pending approvals...
Checking for pending approvals...
Checking for pending approvals...
Checking for pending approvals...
Checking for pending approvals...
Checking for pending approvals...
Checking for pending approvals...
Checking for pending approvals...
Checking for pending approvals...
Checking for pending approvals...
Checking for pending approvals...
Checking for pending approvals...
Checking for pending approvals...
Checking for pending approvals...
Checking for pending approvals...
Checking for pending approvals...
Checking for pending approvals...
Checking for pending approvals...
Checking for pending approvals...
Checking for pending approvals...
Checking for pending approvals...
Checking for pending approvals...
Checking for pending approvals...
Checking for pending approvals...
Checking for pending approvals...
Checking for pending approvals...
Checking for pending approvals...
Checking for pending approvals...
Checking for pending approvals...
Checking for pending approvals...
Checking for pending approvals...
Checking for pending approvals...
Checking for pending approvals...
Checking for pending approvals...
Checking for pending approvals...
Checking for pending approvals...
Checking for pending approvals...
Checking for pending approvals...
Checking for pending approvals...
Checking for pending approvals...
Checking for pending approvals...
Checking for pending approvals...
Checking for pending approvals...
Checking for pending approvals...
Checking for pending approvals...
Checking for pending approvals...
Checking for pending approvals...
Checking for pending approvals...
Checking for pending approvals...
Checking for pending approvals...
Checking for pending approvals...
Checking for pending approvals...
Checking for pending approvals...
Checking for pending approvals...
Checking for pending approvals...
Checking for pending approvals...
Checking for pending approvals...
Checking for pending approvals...
Checking for pending approvals...
Checking for pending approvals...
Checking for pending approvals...
Checking for pending approvals...
Checking for pending approvals...
Checking for pending approvals...
Checking for pending approvals...
Checking for pending approvals...
Checking for pending approvals...
Checking for pending approvals...
Checking for pending approvals...
Checking for pending approvals...
Checking for pending approvals...
Checking for pending approvals...
Checking for pending approvals...
Checking for pending approvals...
Checking for pending approvals...
Checking for pending approvals...
Checking for pending approvals...
Checking for pending approvals...
Checking for pending approvals...
Checking for pending approvals...
Checking for pending approvals...
Checking for pending approvals...
Checking for pending approvals...
Checking for pending approvals...
Checking for pending approvals...
Checking for pending approvals...
Checking for pending approvals...
Checking for pending approvals...
Checking for pending approvals...
Checking for pending approvals...
Checking for pending approvals...
Checking for pending approvals...
Checking for pending approvals...
Checking for pending approvals...
Checking for pending approvals...
Checking for pending approvals...
Checking for pending approvals...
Checking for pending approvals...
Checking for pending approvals...
Checking for pending approvals...
Checking for pending approvals...
Checking for pending approvals...
Checking for pending approvals...
Checking for pending approvals...
Checking for pending approvals...
Checking for pending approvals...
Checking for pending approvals...
Checking for pending approvals...
Checking for pending approvals...
Checking for pending approvals...
Checking for pending approvals...
Checking for pending approvals...
Checking for pending approvals...
Checking for pending approvals...
Checking for pending approvals...
Checking for pending approvals...
Checking for pending approvals...
Checking for pending approvals...
Checking for pending approvals...
Checking for pending approvals...
Checking for pending approvals...
Checking for pending approvals...
Checking for pending approvals...
Checking for pending approvals...
Checking for pending approvals...
Checking for pending approvals...
Checking for pending approvals...
Checking for pending approvals...
Checking for pending approvals...
Checking for pending approvals...
Checking for pending approvals...
Checking for pending approvals...
Checking for pending approvals...
Starting approval workflow monitoring (checking every 5s)...
Checking for pending approvals...
Processing approval file: LINKEDIN_POST_1771964430.md
Handling LinkedIn post approval: LINKEDIN_POST_1771964430.md
LinkedIn post still pending: This is a test post from the Personal AI Employee ...
Processing approval file: LINKEDIN_POST_1772134872.md
Handling LinkedIn post approval: LINKEDIN_POST_1772134872.md
LinkedIn post still pending: This is a test LinkedIn post created by the Person...
Processing approval file: LINKEDIN_POST_1772134941.md
Handling LinkedIn post approval: LINKEDIN_POST_1772134941.md
LinkedIn post still pending: This is a test LinkedIn post created by the Person...
Processing approval file: LINKEDIN_POST_1772135012.md
Handling LinkedIn post approval: LINKEDIN_POST_1772135012.md
LinkedIn post still pending: Just shipped a new feature for our AI automation p...
Checking for pending approvals...
Starting approval workflow monitoring (checking every 5s)...
Checking for pending approvals...
Processing approval file: LINKEDIN_POST_1771964430.md
Handling LinkedIn post approval: LINKEDIN_POST_1771964430.md
LinkedIn post still pending: This is a test post from the Personal AI Employee ...
Processing approval file: LINKEDIN_POST_1772134872.md
Handling LinkedIn post approval: LINKEDIN_POST_1772134872.md
LinkedIn post still pending: This is a test LinkedIn post created by the Person...
Processing approval file: LINKEDIN_POST_1772134941.md
Handling LinkedIn post approval: LINKEDIN_POST_1772134941.md
LinkedIn post still pending: This is a test LinkedIn post created by the Person...
Processing approval file: LINKEDIN_POST_1772135012.md
Handling LinkedIn post approval: LINKEDIN_POST_1772135012.md
LinkedIn post still pending: Just shipped a new feature for our AI automation p...
Checking for pending approvals...
Checking for pending approvals...
Checking for pending approvals...
Checking for pending approvals...
Checking for pending approvals...
Checking for pending approvals...
Checking for pending approvals...
Checking for pending approvals...
Checking for pending approvals...
Checking for pending approvals...
Checking for pending approvals...
Checking for pending approvals...
Checking for pending approvals...
Checking for pending approvals...
Checking for pending approvals...
Checking for pending approvals...
Checking for pending approvals...
Checking for pending approvals...
Checking for pending approvals...
Checking for pending approvals...
Checking for pending approvals...
Checking for pending approvals...
Checking for pending approvals...
Checking for pending approvals...
Checking for pending approvals...
Checking for pending approvals...
Checking for pending approvals...
Checking for pending approvals...
Checking for pending approvals...
Checking for pending approvals...
Checking for pending approvals...
Checking for pending approvals...
Checking for pending approvals...
Checking for pending approvals...
Checking for pending approvals...
Checking for pending approvals...
Checking for pending approvals...
Checking for pending approvals...
Checking for pending approvals...
Checking for pending approvals...
Checking for pending approvals...
Checking for pending approvals...
Checking for pending approvals...
Checking for pending approvals...
Checking for pending approvals...
Checking for pending approvals...
Checking for pending approvals...
Checking for pending approvals...
Checking for pending approvals...
Checking for pending approvals...
Checking for pending approvals...
Checking for pending approvals...
Checking for pending approvals...
Checking for pending approvals...
Checking for pending approvals...
Checking for pending approvals...
Checking for pending approvals...
Checking for pending approvals...
Checking for pending approvals...
Checking for pending approvals...
Checking for pending approvals...
Checking for pending approvals...
Checking for pending approvals...
Checking for pending approvals...
Checking for pending approvals...
Checking for pending approvals...
Checking for pending approvals...
Checking for pending approvals...
Checking for pending approvals...
Checking for pending approvals...
Checking for pending approvals...
Checking for pending approvals...
Checking for pending approvals...
Checking for pending approvals...
Checking for pending approvals...
Checking for pending approvals...
Checking for pending approvals...
Checking for pending approvals...
Checking for pending approvals...
Checking for pending approvals...
Checking for pending approvals...
Checking for pending approvals...
Checking for pending approvals...
Checking for pending approvals...
Checking for pending approvals...
Checking for pending approvals...
Checking for pending approvals...
Checking for pending approvals...
Checking for pending approvals...
Checking for pending approvals...
Checking for pending approvals...
Checking for pending approvals...
Checking for pending approvals...
Checking for pending approvals...
Checking for pending approvals...
Starting approval workflow monitoring (checking every 5s)...
Checking for pending approvals...
Processing approval file: LINKEDIN_POST_1771964430.md
Handling LinkedIn post approval: LINKEDIN_POST_1771964430.md
LinkedIn post still pending: This is a test post from the Personal AI Employee ...
Processing approval file: LINKEDIN_POST_1772134872.md
Handling LinkedIn post approval: LINKEDIN_POST_1772134872.md
LinkedIn post still pending: This is a test LinkedIn post created by the Person...
Processing approval file: LINKEDIN_POST_1772134941.md
Handling LinkedIn post approval: LINKEDIN_POST_1772134941.md
LinkedIn post still pending: This is a test LinkedIn post created by the Person...
Processing approval file: LINKEDIN_POST_1772135012.md
Handling LinkedIn post approval: LINKEDIN_POST_1772135012.md
LinkedIn post still pending: Just shipped a new feature for our AI automation p...
Starting approval workflow monitoring (checking every 5s)...
Checking for pending approvals...
Processing approval file: LINKEDIN_POST_1771964430.md
Handling LinkedIn post approval: LINKEDIN_POST_1771964430.md
LinkedIn post still pending: This is a test post from the Personal AI Employee ...
Processing approval file: LINKEDIN_POST_1772134872.md
Handling LinkedIn post approval: LINKEDIN_POST_1772134872.md
LinkedIn post still pending: This is a test LinkedIn post created by the Person...
Processing approval file: LINKEDIN_POST_1772134941.md
Handling LinkedIn post approval: LINKEDIN_POST_1772134941.md
LinkedIn post still pending: This is a test LinkedIn post created by the Person...
Processing approval file: LINKEDIN_POST_1772135012.md
Handling LinkedIn post approval: LINKEDIN_POST_1772135012.md
LinkedIn post still pending: Just shipped a new feature for our AI automation p...
Starting approval workflow monitoring (checking every 5s)...
Checking for pending approvals...
Processing approval file: LINKEDIN_POST_1771964430.md
Handling LinkedIn post approval: LINKEDIN_POST_1771964430.md
LinkedIn post still pending: This is a test post from the Personal AI Employee ...
Processing approval file: LINKEDIN_POST_1772134872.md
Handling LinkedIn post approval: LINKEDIN_POST_1772134872.md
LinkedIn post still pending: This is a test LinkedIn post created by the Person...
Processing approval file: LINKEDIN_POST_1772134941.md
Handling LinkedIn post approval: LINKEDIN_POST_1772134941.md
LinkedIn post still pending: This is a test LinkedIn post created by the Person...
Processing approval file: LINKEDIN_POST_1772135012.md
Handling LinkedIn post approval: LINKEDIN_POST_1772135012.md
LinkedIn post still pending: Just shipped a new feature for our AI automation p...
Starting approval workflow monitoring (checking every 5s)...
Checking for pending approvals...
Processing approval file: LINKEDIN_POST_1771964430.md
Handling LinkedIn post approval: LINKEDIN_POST_1771964430.md
LinkedIn post still pending: This is a test post from the Personal AI Employee ...
Processing approval file: LINKEDIN_POST_1772134872.md
Handling LinkedIn post approval: LINKEDIN_POST_1772134872.md
LinkedIn post still pending: This is a test LinkedIn post created by the Person...
Processing approval file: LINKEDIN_POST_1772134941.md
Handling LinkedIn post approval: LINKEDIN_POST_1772134941.md
LinkedIn post still pending: This is a test LinkedIn post created by the Person...
Processing approval file: LINKEDIN_POST_1772135012.md
Handling LinkedIn post approval: LINKEDIN_POST_1772135012.md
LinkedIn post still pending: Just shipped a new feature for our AI automation p...
Checking for pending approvals...
Checking for pending approvals...
Checking for pending approvals...
Checking for pending approvals...
Checking for pending approvals...
Checking for pending approvals...
Checking for pending approvals...
Checking for pending approvals...
Checking for pending approvals...
Checking for pending approvals...
Checking for pending approvals...
Checking for pending approvals...
Checking for pending approvals...
Checking for pending approvals...
Checking for pending approvals...
Checking for pending approvals...
Checking for pending approvals...
Checking for pending approvals...
Checking for pending approvals...
Checking for pending approvals...
Starting approval workflow monitoring (checking every 5s)...
Checking for pending approvals...
Processing approval file: LINKEDIN_POST_1771964430.md
Handling LinkedIn post approval: LINKEDIN_POST_1771964430.md
LinkedIn post still pending: This is a test post from the Personal AI Employee ...
Processing approval file: LINKEDIN_POST_1772134872.md
Handling LinkedIn post approval: LINKEDIN_POST_1772134872.md
LinkedIn post still pending: This is a test LinkedIn post created by the Person...
Processing approval file: LINKEDIN_POST_1772134941.md
Handling LinkedIn post approval: LINKEDIN_POST_1772134941.md
LinkedIn post still pending: This is a test LinkedIn post created by the Person...
Processing approval file: LINKEDIN_POST_1772135012.md
Handling LinkedIn post approval: LINKEDIN_POST_1772135012.md
LinkedIn post still pending: Just shipped a new feature for our AI automation p...
Checking for pending approvals...
Checking for pending approvals...
