2026-02-23 02:33:39,059 - INFO - Found 35 files in Needs_Action. Transferring to Done...
2026-02-23 02:33:39,061 - INFO - [OK] Moved context7-tools.md from Needs_Action to Done
2026-02-23 02:33:39,063 - INFO - [OK] Moved FILE_article-list.widget.md from Needs_Action to Done
2026-02-23 02:33:39,064 - INFO - [OK] Moved FILE_Business_Goals.md.tmp.4064.1771541617002.md from Needs_Action to Done
2026-02-23 02:33:39,066 - INFO - [OK] Moved FILE_Company_Handbook.md.tmp.4064.1771541564692.md from Needs_Action to Done
2026-02-23 02:33:39,068 - INFO - [OK] Moved FILE_complete-frontend-config.tsx.md from Needs_Action to Done
2026-02-23 02:33:39,085 - INFO - [OK] Moved FILE_connections.py.md from Needs_Action to Done
2026-02-23 02:33:39,089 - INFO - [OK] Moved FILE_evaluation.py.md from Needs_Action to Done
2026-02-23 02:33:39,092 - INFO - [OK] Moved FILE_example_evaluation.xml.md from Needs_Action to Done
2026-02-23 02:33:39,095 - INFO - [OK] Moved FILE_extract-code-blocks.sh.md from Needs_Action to Done
2026-02-23 02:33:39,110 - INFO - [OK] Moved FILE_extract-notes.sh.md from Needs_Action to Done
2026-02-23 02:33:39,113 - INFO - [OK] Moved FILE_extract-signatures.sh.md from Needs_Action to Done
2026-02-23 02:33:39,116 - INFO - [OK] Moved FILE_fetch-docs.sh.md from Needs_Action to Done
2026-02-23 02:33:39,118 - INFO - [OK] Moved FILE_fetch-raw.sh.md from Needs_Action to Done
2026-02-23 02:33:39,121 - INFO - [OK] Moved FILE_filesystem_watcher.py.md from Needs_Action to Done
2026-02-23 02:33:39,123 - INFO - [OK] Moved FILE_gmail_watcher_impl.py.md from Needs_Action to Done
2026-02-23 02:33:39,126 - INFO - [OK] Moved FILE_LICENSE.txt.md from Needs_Action to Done
2026-02-23 02:33:39,129 - INFO - [OK] Moved FILE_line-select.widget.md from Needs_Action to Done
2026-02-23 02:33:39,132 - INFO - [OK] Moved FILE_linkedin_poster_impl.py.md from Needs_Action to Done
2026-02-23 02:33:39,134 - INFO - [OK] Moved FILE_mcp-client.py.md from Needs_Action to Done
2026-02-23 02:33:39,136 - INFO - [OK] Moved FILE_name-suggestions.widget.md from Needs_Action to Done
2026-02-23 02:33:39,139 - INFO - [OK] Moved FILE_requirements.txt.md from Needs_Action to Done
2026-02-23 02:33:39,142 - INFO - [OK] Moved FILE_server-action-handler.py.md from Needs_Action to Done
2026-02-23 02:33:39,144 - INFO - [OK] Moved FILE_start-server.sh.md from Needs_Action to Done
2026-02-23 02:33:39,147 - INFO - [OK] Moved FILE_start_automated_system.py.md from Needs_Action to Done
2026-02-23 02:33:39,150 - INFO - [OK] Moved FILE_stop-server.sh.md from Needs_Action to Done
2026-02-23 02:33:39,152 - INFO - [OK] Moved FILE_SYSTEM_TEST_20260220_001.md.tmp.4064.1771541994090.md from Needs_Action to Done
2026-02-23 02:33:39,155 - INFO - [OK] Moved SYSTEM_TEST_20260220_001.md from Needs_Action to Done
2026-02-23 02:33:39,158 - INFO - [OK] Moved test.md from Needs_Action to Done
2026-02-23 02:33:39,160 - INFO - [OK] Moved test2.md from Needs_Action to Done
2026-02-23 02:33:39,163 - INFO - [OK] Moved test3.md from Needs_Action to Done
2026-02-23 02:33:39,165 - INFO - [OK] Moved test4.md from Needs_Action to Done
2026-02-23 02:33:39,167 - INFO - [OK] Moved test5.md from Needs_Action to Done
2026-02-23 02:33:39,170 - INFO - [OK] Moved test6.md from Needs_Action to Done
2026-02-23 02:33:39,172 - INFO - [OK] Moved test7.md from Needs_Action to Done
2026-02-23 02:33:39,174 - INFO - [OK] Moved TIER1_COMPLETE.md from Needs_Action to Done
2026-02-23 02:33:39,192 - INFO - Successfully transferred 35 files from Needs_Action to Done
2026-02-23 02:35:04,533 - INFO - No files found in Needs_Action to transfer.
2026-02-25 04:08:24,494 - INFO - No files found in Needs_Action to transfer.
2026-02-25 04:08:24,512 - INFO - No files found in Needs_Action to transfer.
2026-02-25 04:11:38,540 - INFO - No files found in Needs_Action to transfer.
2026-02-25 04:11:38,554 - INFO - No files found in Needs_Action to transfer.
2026-02-25 04:13:38,628 - INFO - No files found in Needs_Action to transfer.
2026-02-25 04:13:38,630 - INFO - No files found in Needs_Action to transfer.
2026-02-25 04:15:38,688 - INFO - No files found in Needs_Action to transfer.
2026-02-25 04:15:38,704 - INFO - No files found in Needs_Action to transfer.
2026-02-25 04:17:16,931 - INFO - Found 82 files in Needs_Action. Transferring to Done...
2026-02-25 04:17:16,932 - INFO - [OK] Moved EMAIL_194dc8400faba012.md from Needs_Action to Done
2026-02-25 04:17:16,958 - INFO - [OK] Moved EMAIL_194dcae0f77d11b1.md from Needs_Action to Done
2026-02-25 04:17:16,960 - INFO - [OK] Moved EMAIL_194de65812e89f1b.md from Needs_Action to Done
2026-02-25 04:17:16,962 - INFO - [OK] Moved EMAIL_194e01d0164c682b.md from Needs_Action to Done
2026-02-25 04:17:16,963 - INFO - [OK] Moved EMAIL_194e0daf59d4d167.md from Needs_Action to Done
2026-02-25 04:17:16,964 - INFO - [OK] Moved EMAIL_194e0ee81b33ffb0.md from Needs_Action to Done
2026-02-25 04:17:16,965 - INFO - [OK] Moved EMAIL_194e0f8cd80f2888.md from Needs_Action to Done
2026-02-25 04:17:16,965 - INFO - Found 86 files in Needs_Action. Transferring to Done...
2026-02-25 04:17:16,965 - INFO - [OK] Moved EMAIL_194e26703233e4e2.md from Needs_Action to Done
2026-02-25 04:17:16,966 - INFO - [OK] Moved EMAIL_194e5fb55c5b2c41.md from Needs_Action to Done
2026-02-25 04:17:16,967 - ERROR - [ERROR] Error moving file EMAIL_194de65812e89f1b.md: [WinError 2] The system cannot find the file specified
2026-02-25 04:17:16,967 - INFO - [OK] Moved EMAIL_194e65361f5187e4.md from Needs_Action to Done
2026-02-25 04:17:16,968 - ERROR - [ERROR] Error moving file EMAIL_194e01d0164c682b.md: [WinError 2] The system cannot find the file specified
2026-02-25 04:17:16,968 - INFO - [OK] Moved EMAIL_194e693c50e73e46.md from Needs_Action to Done
2026-02-25 04:17:16,969 - ERROR - [ERROR] Error moving file EMAIL_194e0daf59d4d167.md: [WinError 2] The system cannot find the file specified
2026-02-25 04:17:16,970 - INFO - [OK] Moved EMAIL_194e8b23696b08ff.md from Needs_Action to Done
2026-02-25 04:17:16,970 - ERROR - [ERROR] Error moving file EMAIL_194e0ee81b33ffb0.md: [WinError 2] The system cannot find the file specified
2026-02-25 04:17:16,971 - INFO - [OK] Moved EMAIL_194eb21a859cdb62.md from Needs_Action to Done
2026-02-25 04:17:16,971 - ERROR - [ERROR] Error moving file EMAIL_194e0f8cd80f2888.md: [WinError 2] The system cannot find the file specified
2026-02-25 04:17:16,972 - ERROR - [ERROR] Error moving file EMAIL_194e26703233e4e2.md: [WinError 2] The system cannot find the file specified
2026-02-25 04:17:16,972 - INFO - [OK] Moved EMAIL_194eb66a4f64d11b.md from Needs_Action to Done
2026-02-25 04:17:16,973 - ERROR - [ERROR] Error moving file EMAIL_194e5fb55c5b2c41.md: [WinError 2] The system cannot find the file specified
2026-02-25 04:17:16,973 - INFO - [OK] Moved EMAIL_194ec933fcb90533.md from Needs_Action to Done
2026-02-25 04:17:16,974 - ERROR - [ERROR] Error moving file EMAIL_194e65361f5187e4.md: [WinError 2] The system cannot find the file specified
2026-02-25 04:17:16,975 - ERROR - [ERROR] Error moving file EMAIL_194e693c50e73e46.md: [WinError 2] The system cannot find the file specified
2026-02-25 04:17:16,975 - INFO - [OK] Moved EMAIL_194f06537272d32d.md from Needs_Action to Done
2026-02-25 04:17:16,976 - ERROR - [ERROR] Error moving file EMAIL_194e8b23696b08ff.md: [WinError 2] The system cannot find the file specified
2026-02-25 04:17:16,976 - INFO - [OK] Moved EMAIL_194f06bd04e07420.md from Needs_Action to Done
2026-02-25 04:17:16,978 - INFO - [OK] Moved EMAIL_194f1739535d0a40.md from Needs_Action to Done
2] The system cannot find the file specified
2026-02-25 04:17:16,980 - INFO - [OK] Moved EMAIL_194f174264b2f7a6.md from Needs_Action to Done
2026-02-25 04:17:16,980 - ERROR - [ERROR] Error moving file EMAIL_194eb66a4f64d11b.md: [WinError 2] The system cannot find the file specified
2026-02-25 04:17:16,982 - INFO - [OK] Moved EMAIL_194f4b6661b451a2.md from Needs_Action to Done
2] The system cannot find the file specified
2026-02-25 04:17:16,984 - ERROR - [ERROR] Error moving file EMAIL_194f06537272d32d.md: [WinError 2] The system cannot find the file specified
2026-02-25 04:17:16,984 - INFO - [OK] Moved EMAIL_194f56e686b45b42.md from Needs_Action to Done
2026-02-25 04:17:16,985 - ERROR - [ERROR] Error moving file EMAIL_194f06bd04e07420.md: [WinError 2] The system cannot find the file specified
2026-02-25 04:17:16,985 - INFO - [OK] Moved EMAIL_194f8254ec59c06f.md from Needs_Action to Done
2026-02-25 04:17:16,986 - ERROR - [ERROR] Error moving file EMAIL_194f1739535d0a40.md: [WinError 2] The system cannot find the file specified
2026-02-25 04:17:16,987 - INFO - [OK] Moved EMAIL_194fa94cc17b9ddb.md from Needs_Action to Done
2026-02-25 04:17:16,987 - ERROR - [ERROR] Error moving file EMAIL_194f174264b2f7a6.md: [WinError 2] The system cannot find the file specified
2026-02-25 04:17:16,988 - INFO - [OK] Moved EMAIL_194faa253b2218b1.md from Needs_Action to Done
2026-02-25 04:17:16,988 - ERROR - [ERROR] Error moving file EMAIL_194f4b6661b451a2.md: [WinError 2] The system cannot find the file specified
2026-02-25 04:17:16,990 - INFO - [OK] Moved EMAIL_194fac59bd282864.md from Needs_Action to Done
2026-02-25 04:17:16,990 - ERROR - [ERROR] Error moving file EMAIL_194f56e686b45b42.md: [WinError 2] The system cannot find the file specified
2026-02-25 04:17:16,992 - INFO - [OK] Moved EMAIL_194fb3360324133f.md from Needs_Action to Done
2] The system cannot find the file specified
2026-02-25 04:17:16,993 - ERROR - [ERROR] Error moving file EMAIL_194fa94cc17b9ddb.md: [WinError 2] The system cannot find the file specified
2026-02-25 04:17:16,994 - INFO - [OK] Moved EMAIL_194ffbb1e76a3522.md from Needs_Action to Done
2026-02-25 04:17:16,995 - ERROR - [ERROR] Error moving file EMAIL_194faa253b2218b1.md: [WinError 2] The system cannot find the file specified
2026-02-25 04:17:16,995 - INFO - [OK] Moved EMAIL_194ffe35a69b9a1a.md from Needs_Action to Done
2026-02-25 04:17:16,996 - INFO - [OK] Moved EMAIL_19502e0055da1b24.md from Needs_Action to Done
2] The system cannot find the file specified
2026-02-25 04:17:16,999 - INFO - [OK] Moved EMAIL_1950429739ce45c2.md from Needs_Action to Done
2026-02-25 04:17:16,999 - ERROR - [ERROR] Error moving file EMAIL_194fb3360324133f.md: [WinError 2] The system cannot find the file specified
2026-02-25 04:17:17,001 - ERROR - [ERROR] Error moving file EMAIL_194ffbb1e76a3522.md: [WinError 2] The system cannot find the file specified
2026-02-25 04:17:17,001 - INFO - [OK] Moved EMAIL_19504f850fc359bc.md from Needs_Action to Done
2026-02-25 04:17:17,003 - ERROR - [ERROR] Error moving file EMAIL_194ffe35a69b9a1a.md: [WinError 2] The system cannot find the file specified
2026-02-25 04:17:17,003 - INFO - [OK] Moved EMAIL_19505057d1af85f4.md from Needs_Action to Done
2026-02-25 04:17:17,005 - INFO - [OK] Moved EMAIL_195090373c30eda1.md from Needs_Action to Done
2026-02-25 04:17:17,005 - ERROR - [ERROR] Error moving file EMAIL_19502e0055da1b24.md: [WinError 2] The system cannot find the file specified
2026-02-25 04:17:17,007 - ERROR - [ERROR] Error moving file EMAIL_1950429739ce45c2.md: [WinError 2] The system cannot find the file specified
2026-02-25 04:17:17,009 - ERROR - [ERROR] Error moving file EMAIL_19504f850fc359bc.md: [WinError 2] The system cannot find the file specified
2026-02-25 04:17:17,009 - INFO - [OK] Moved EMAIL_1950a07d3b649c0a.md from Needs_Action to Done
2026-02-25 04:17:17,010 - ERROR - [ERROR] Error moving file EMAIL_19505057d1af85f4.md: [WinError 2] The system cannot find the file specified
2026-02-25 04:17:17,011 - INFO - [OK] Moved EMAIL_1950cbee564ad1f6.md from Needs_Action to Done
2026-02-25 04:17:17,011 - ERROR - [ERROR] Error moving file EMAIL_195090373c30eda1.md: [WinError 2] The system cannot find the file specified
2026-02-25 04:17:17,012 - INFO - [OK] Moved EMAIL_1950f2e2ec886d1f.md from Needs_Action to Done
2026-02-25 04:17:17,013 - ERROR - [ERROR] Error moving file EMAIL_1950a07d3b649c0a.md: [WinError 2] The system cannot find the file specified
2026-02-25 04:17:17,014 - ERROR - [ERROR] Error moving file EMAIL_1950cbee564ad1f6.md: [WinError 2] The system cannot find the file specified
2026-02-25 04:17:17,015 - INFO - [OK] Moved EMAIL_195146b3e2079a5f.md from Needs_Action to Done
2026-02-25 04:17:17,015 - ERROR - [ERROR] Error moving file EMAIL_1950f2e2ec886d1f.md: [WinError 2] The system cannot find the file specified
2026-02-25 04:17:17,016 - INFO - [OK] Moved EMAIL_19514d97e457b06d.md from Needs_Action to Done
2026-02-25 04:17:17,016 - ERROR - [ERROR] Error moving file EMAIL_195146b3e2079a5f.md: [WinError 2] The system cannot find the file specified
2026-02-25 04:17:17,017 - ERROR - [ERROR] Error moving file EMAIL_19514d97e457b06d.md: [WinError 2] The system cannot find the file specified
2026-02-25 04:17:17,017 - INFO - [OK] Moved EMAIL_19514e62e8a1c9e9.md from Needs_Action to Done
2026-02-25 04:17:17,019 - ERROR - [ERROR] Error moving file EMAIL_19514e62e8a1c9e9.md: [WinError 2] The system cannot find the file specified
2026-02-25 04:17:17,020 - INFO - [OK] Moved EMAIL_19518c2ea13d8451.md from Needs_Action to Done
2026-02-25 04:17:17,020 - ERROR - [ERROR] Error moving file EMAIL_19515a694013eecf.md: [WinError 2] The system cannot find the file specified
2026-02-25 04:17:17,022 - INFO - [OK] Moved EMAIL_195197af277431e4.md from Needs_Action to Done
2026-02-25 04:17:17,024 - INFO - [OK] Moved EMAIL_1951d8e2102afa49.md from Needs_Action to Done
2026-02-25 04:17:17,025 - ERROR - [ERROR] Error moving file EMAIL_19518c2ea13d8451.md: [WinError 2] The system cannot find the file specified
2026-02-25 04:17:17,026 - INFO - [OK] Moved EMAIL_1951e22a8a8ee26e.md from Needs_Action to Done
2026-02-25 04:17:17,027 - ERROR - [ERROR] Error moving file EMAIL_195197af277431e4.md: [WinError 2] The system cannot find the file specified
2026-02-25 04:17:17,029 - INFO - [OK] Moved EMAIL_1951ea159a4fe03b.md from Needs_Action to Done
2026-02-25 04:17:17,030 - ERROR - [ERROR] Error moving file EMAIL_1951d8e2102afa49.md: [WinError 2] The system cannot find the file specified
2026-02-25 04:17:17,031 - ERROR - [ERROR] Error moving file EMAIL_1951e22a8a8ee26e.md: [WinError 2] The system cannot find the file specified
2026-02-25 04:17:17,032 - INFO - [OK] Moved EMAIL_19523c7bf32762b2.md from Needs_Action to Done
2] The system cannot find the file specified
2026-02-25 04:17:17,034 - ERROR - [ERROR] Error moving file EMAIL_1951f084b650a2ff.md: [WinError 2] The system cannot find the file specified
2026-02-25 04:17:17,035 - INFO - [OK] Moved EMAIL_19524a0b8ba05f73.md from Needs_Action to Done
2026-02-25 04:17:17,036 - ERROR - [ERROR] Error moving file EMAIL_19523c7bf32762b2.md: [WinError 2] The system cannot find the file specified
2026-02-25 04:17:17,037 - INFO - [OK] Moved EMAIL_19526ec8a501c69f.md from Needs_Action to Done
2026-02-25 04:17:17,038 - ERROR - [ERROR] Error moving file EMAIL_19524a0b8ba05f73.md: [WinError 2] The system cannot find the file specified
2026-02-25 04:17:17,039 - INFO - [OK] Moved EMAIL_195275a3f8ff1080.md from Needs_Action to Done
2026-02-25 04:17:17,039 - ERROR - [ERROR] Error moving file EMAIL_19526ec8a501c69f.md: [WinError 2] The system cannot find the file specified
2026-02-25 04:17:17,040 - INFO - [OK] Moved EMAIL_19527e2054927655.md from Needs_Action to Done
2026-02-25 04:17:17,040 - ERROR - [ERROR] Error moving file EMAIL_195275a3f8ff1080.md: [WinError 2] The system cannot find the file specified
2026-02-25 04:17:17,041 - ERROR - [ERROR] Error moving file EMAIL_19527e2054927655.md: [WinError 2] The system cannot find the file specified
2026-02-25 04:17:17,043 - ERROR - [ERROR] Error moving file EMAIL_1952905428ace949.md: [WinError 2] The system cannot find the file specified
2026-02-25 04:17:17,043 - INFO - [OK] Moved EMAIL_1952911c616ce23b.md from Needs_Action to Done
2026-02-25 04:17:17,044 - INFO - [OK] Moved EMAIL_1952d0459a0594fe.md from Needs_Action to Done
2] The system cannot find the file specified
2026-02-25 04:17:17,046 - INFO - [OK] Moved EMAIL_1952e1458290620f.md from Needs_Action to Done
2026-02-25 04:17:17,046 - ERROR - [ERROR] Error moving file EMAIL_1952d0459a0594fe.md: [WinError 2] The system cannot find the file specified
2026-02-25 04:17:17,048 - INFO - [OK] Moved EMAIL_1953240ec9dff119.md from Needs_Action to Done
2026-02-25 04:17:17,048 - ERROR - [ERROR] Error moving file EMAIL_1952e1458290620f.md: [WinError 2] The system cannot find the file specified
2026-02-25 04:17:17,050 - INFO - [OK] Moved EMAIL_195333ab4abcb4ac.md from Needs_Action to Done
2] The system cannot find the file specified
2026-02-25 04:17:17,051 - ERROR - [ERROR] Error moving file EMAIL_195333ab4abcb4ac.md: [WinError 2] The system cannot find the file specified
2026-02-25 04:17:17,053 - ERROR - [ERROR] Error moving file EMAIL_19535fe443c12ea6.md: [WinError 2] The system cannot find the file specified
2026-02-25 04:17:17,054 - INFO - [OK] Moved EMAIL_195384cc06854103.md from Needs_Action to Done
2026-02-25 04:17:17,054 - ERROR - [ERROR] Error moving file EMAIL_1953712bf7505cfd.md: [WinError 2] The system cannot find the file specified
2026-02-25 04:17:17,056 - INFO - [OK] Moved EMAIL_195387e8af22aa52.md from Needs_Action to Done
2026-02-25 04:17:17,056 - ERROR - [ERROR] Error moving file EMAIL_195384cc06854103.md: [WinError 2] The system cannot find the file specified
2026-02-25 04:17:17,057 - ERROR - [ERROR] Error moving file EMAIL_195387e8af22aa52.md: [WinError 2] The system cannot find the file specified
2026-02-25 04:17:17,057 - INFO - [OK] Moved EMAIL_19538de2bee17e76.md from Needs_Action to Done
2026-02-25 04:17:17,058 - ERROR - [ERROR] Error moving file EMAIL_19538de2bee17e76.md: [WinError 2] The system cannot find the file specified
2026-02-25 04:17:17,058 - INFO - [OK] Moved EMAIL_19539371d7e61e26.md from Needs_Action to Done
2026-02-25 04:17:17,059 - ERROR - [ERROR] Error moving file EMAIL_19539371d7e61e26.md: [WinError 2] The system cannot find the file specified
2026-02-25 04:17:17,060 - INFO - [OK] Moved EMAIL_1953c75579d00178.md from Needs_Action to Done
2026-02-25 04:17:17,060 - INFO - [OK] Moved EMAIL_1953c75579d00178.md from Needs_Action to Done
2026-02-25 04:17:17,061 - INFO - [OK] Moved EMAIL_1953d8768a24cc2b.md from Needs_Action to Done
2026-02-25 04:17:17,061 - INFO - [OK] Moved EMAIL_1953d8768a24cc2b.md from Needs_Action to Done
2026-02-25 04:17:17,063 - INFO - [OK] Moved EMAIL_19541b038ecbd96b.md from Needs_Action to Done
2026-02-25 04:17:17,064 - INFO - [OK] Moved EMAIL_19542adcdb5ea72e.md from Needs_Action to Done
2026-02-25 04:17:17,064 - INFO - [OK] Moved EMAIL_19542adcdb5ea72e.md from Needs_Action to Done
2026-02-25 04:17:17,084 - INFO - [OK] Moved EMAIL_19542d8c2610a84b.md from Needs_Action to Done
2026-02-25 04:17:17,085 - INFO - [OK] Moved EMAIL_19542d8c2610a84b.md from Needs_Action to Done
2026-02-25 04:17:17,085 - INFO - [OK] Moved EMAIL_1954339cca325b3d.md from Needs_Action to Done
2026-02-25 04:17:17,086 - INFO - [OK] Moved EMAIL_19543fbced80bf31.md from Needs_Action to Done
2026-02-25 04:17:17,086 - INFO - [OK] Moved EMAIL_19543fbced80bf31.md from Needs_Action to Done
2026-02-25 04:17:17,100 - INFO - [OK] Moved EMAIL_19546bc7f127730e.md from Needs_Action to Done
2026-02-25 04:17:17,100 - INFO - [OK] Moved EMAIL_19546bc7f127730e.md from Needs_Action to Done
2026-02-25 04:17:17,116 - INFO - [OK] Moved EMAIL_19547d42dce3c520.md from Needs_Action to Done
2026-02-25 04:17:17,116 - INFO - [OK] Moved EMAIL_19547d42dce3c520.md from Needs_Action to Done
2026-02-25 04:17:17,116 - INFO - [OK] Moved EMAIL_19547de2d677c253.md from Needs_Action to Done
2026-02-25 04:17:17,117 - INFO - [OK] Moved EMAIL_19547de2d677c253.md from Needs_Action to Done
2026-02-25 04:17:17,117 - INFO - [OK] Moved EMAIL_1954a8b101027367.md from Needs_Action to Done
2026-02-25 04:17:17,117 - INFO - [OK] Moved EMAIL_1954a8b101027367.md from Needs_Action to Done
2026-02-25 04:17:17,131 - INFO - [OK] Moved EMAIL_1954c6e455ecc4d4.md from Needs_Action to Done
2026-02-25 04:17:17,132 - ERROR - [ERROR] Error moving file EMAIL_1954c6e455ecc4d4.md: [WinError 2] The system cannot find the file specified
2026-02-25 04:17:17,147 - INFO - [OK] Moved EMAIL_1954d13897fe3f9a.md from Needs_Action to Done
2026-02-25 04:17:17,148 - ERROR - [ERROR] Error moving file EMAIL_1954d13897fe3f9a.md: [WinError 2] The system cannot find the file specified
2026-02-25 04:17:17,148 - INFO - [OK] Moved EMAIL_1954d1e3836cdc2f.md from Needs_Action to Done
2026-02-25 04:17:17,148 - INFO - [OK] Moved EMAIL_1954d1e3836cdc2f.md from Needs_Action to Done
2026-02-25 04:17:17,149 - INFO - [OK] Moved EMAIL_1955220d8b622c96.md from Needs_Action to Done
2026-02-25 04:17:17,149 - INFO - [OK] Moved EMAIL_1955220d8b622c96.md from Needs_Action to Done
2026-02-25 04:17:17,150 - INFO - [OK] Moved EMAIL_19554d7c0267dda3.md from Needs_Action to Done
2026-02-25 04:17:17,150 - INFO - [OK] Moved EMAIL_19554d7c0267dda3.md from Needs_Action to Done
2026-02-25 04:17:17,150 - INFO - [OK] Moved EMAIL_19557473890f1585.md from Needs_Action to Done
2026-02-25 04:17:17,151 - INFO - [OK] Moved EMAIL_19557473890f1585.md from Needs_Action to Done
2026-02-25 04:17:17,151 - INFO - [OK] Moved EMAIL_1955ad9da1d2a74b.md from Needs_Action to Done
2026-02-25 04:17:17,152 - INFO - [OK] Moved EMAIL_1955c8a8031ec4a0.md from Needs_Action to Done
2026-02-25 04:17:17,153 - INFO - [OK] Moved EMAIL_1955cff2aaa9f867.md from Needs_Action to Done
2026-02-25 04:17:17,153 - INFO - [OK] Moved EMAIL_1956194a1f0dde12.md from Needs_Action to Done
2026-02-25 04:17:17,154 - INFO - [OK] Moved EMAIL_19561b7b1eeb7444.md from Needs_Action to Done
2026-02-25 04:17:17,155 - INFO - [OK] Moved EMAIL_19566d129259dc49.md from Needs_Action to Done
2026-02-25 04:17:17,156 - INFO - [OK] Moved EMAIL_195670e0984073f5.md from Needs_Action to Done
2026-02-25 04:17:17,157 - INFO - [OK] Moved EMAIL_19567b9c8ceb6736.md from Needs_Action to Done
2026-02-25 04:17:17,266 - INFO - Successfully transferred 80 files from Needs_Action to Done
2026-02-25 04:17:17,270 - INFO - Successfully transferred 25 files from Needs_Action to Done
2026-02-25 04:20:58,527 - INFO - No files found in Needs_Action to transfer.
2026-02-25 04:20:58,535 - INFO - No files found in Needs_Action to transfer.
2026-02-25 04:25:05,467 - INFO - No files found in Needs_Action to transfer.
2026-02-25 04:25:05,485 - INFO - No files found in Needs_Action to transfer.
2026-02-25 04:36:26,606 - INFO - No files found in Needs_Action to transfer.
2026-02-25 04:36:26,619 - INFO - No files found in Needs_Action to transfer.
2026-02-25 05:16:03,025 - INFO - No files found in Needs_Action to transfer.
2026-02-25 05:16:03,030 - INFO - No files found in Needs_Action to transfer.
2026-02-26 23:53:22,349 - INFO - No files found in Needs_Action to transfer.
2026-02-26 23:53:22,369 - INFO - No files found in Needs_Action to transfer.
2026-02-26 23:55:22,764 - INFO - No files found in Needs_Action to transfer.
2026-02-26 23:55:22,797 - INFO - No files found in Needs_Action to transfer.
2026-02-26 23:57:22,923 - INFO - No files found in Needs_Action to transfer.
2026-02-26 23:59:23,066 - INFO - No files found in Needs_Action to transfer.
2026-02-26 23:59:23,071 - INFO - No files found in Needs_Action to transfer.
2026-02-27 00:01:23,348 - INFO - No files found in Needs_Action to transfer.
2026-02-27 00:01:23,353 - INFO - No files found in Needs_Action to transfer.
2026-02-27 00:03:30,847 - INFO - No files found in Needs_Action to transfer.
2026-02-27 00:05:25,101 - INFO - No files found in Needs_Action to transfer.
2026-02-27 00:05:25,106 - INFO - No files found in Needs_Action to transfer.
2026-02-27 00:07:25,345 - INFO - No files found in Needs_Action to transfer.
2026-02-27 00:07:25,347 - INFO - No files found in Needs_Action to transfer.
2026-02-27 00:09:25,673 - INFO - No files found in Needs_Action to transfer.
2026-02-27 00:09:25,676 - INFO - No files found in Needs_Action to transfer.
2026-02-27 01:24:23,477 - INFO - No files found in Needs_Action to transfer.
2026-02-27 01:24:44,321 - INFO - No files found in Needs_Action to transfer.
2026-02-27 01:24:44,381 - INFO - No files found in Needs_Action to transfer.
2026-02-27 01:24:44,564 - INFO - No files found in Needs_Action to transfer.
2026-02-27 01:24:44,623 - INFO - No files found in Needs_Action to transfer.
2026-02-27 02:37:26,704 - INFO - Found 10 files in Needs_Action. Transferring to Done...
2026-02-27 02:37:26,705 - INFO - [OK] Moved PROCESS_EMAIL_19400b1459d49147.md.md from Needs_Action to Done
2026-02-27 02:37:26,706 - INFO - [OK] Moved PROCESS_EMAIL_194026f17bb80614.md.md from Needs_Action to Done
2026-02-27 02:37:26,707 - INFO - [OK] Moved PROCESS_EMAIL_19403637ffaa2e95.md.md from Needs_Action to Done
2026-02-27 02:37:26,707 - INFO - [OK] Moved PROCESS_EMAIL_1940370717206b61.md.md from Needs_Action to Done
2026-02-27 02:37:26,708 - INFO - [OK] Moved PROCESS_EMAIL_19405d796e5c325a.md.md from Needs_Action to Done
2026-02-27 02:37:26,709 - INFO - [OK] Moved PROCESS_EMAIL_194079ae8b8161cb.md.md from Needs_Action to Done
2026-02-27 02:37:26,710 - INFO - [OK] Moved PROCESS_EMAIL_19407d1e28add548.md.md from Needs_Action to Done
2026-02-27 02:37:26,722 - INFO - [OK] Moved PROCESS_EMAIL_1940889db7146ebc.md.md from Needs_Action to Done
2026-02-27 02:37:26,723 - INFO - [OK] Moved PROCESS_EMAIL_1940891d7819c87e.md.md from Needs_Action to Done
2026-02-27 02:37:26,724 - INFO - [OK] Moved PROCESS_EMAIL_1940894edd02fb97.md.md from Needs_Action to Done
2026-02-27 02:37:26,728 - INFO - No files found in Needs_Action to transfer.
2026-02-27 02:37:26,894 - INFO - Successfully transferred 10 files from Needs_Action to Done
2026-02-27 02:37:47,099 - INFO - Found 14 files in Needs_Action. Transferring to Done...
2026-02-27 02:37:47,100 - INFO - [OK] Moved EMAIL_193fe410024f784c.md from Needs_Action to Done
2026-02-27 02:37:47,102 - INFO - [OK] Moved EMAIL_193fe45c91e93437.md from Needs_Action to Done
2026-02-27 02:37:47,103 - INFO - [OK] Moved EMAIL_193fe5a532db1be8.md from Needs_Action to Done
2026-02-27 02:37:47,105 - INFO - [OK] Moved EMAIL_19400b1459d49147.md from Needs_Action to Done
2026-02-27 02:37:47,106 - INFO - [OK] Moved EMAIL_194026f17bb80614.md from Needs_Action to Done
2026-02-27 02:37:47,110 - INFO - [OK] Moved EMAIL_19403637ffaa2e95.md from Needs_Action to Done
2026-02-27 02:37:47,112 - INFO - [OK] Moved EMAIL_1940370717206b61.md from Needs_Action to Done
2026-02-27 02:37:47,113 - INFO - [OK] Moved EMAIL_19405d796e5c325a.md from Needs_Action to Done
2026-02-27 02:37:47,114 - INFO - [OK] Moved EMAIL_194079ae8b8161cb.md from Needs_Action to Done
2026-02-27 02:37:47,116 - INFO - [OK] Moved EMAIL_19407d1e28add548.md from Needs_Action to Done
2026-02-27 02:37:47,117 - INFO - [OK] Moved EMAIL_1940889db7146ebc.md from Needs_Action to Done
2026-02-27 02:37:47,120 - INFO - [OK] Moved EMAIL_1940891d7819c87e.md from Needs_Action to Done
2026-02-27 02:37:47,123 - INFO - [OK] Moved EMAIL_1940894edd02fb97.md from Needs_Action to Done
2026-02-27 02:37:47,127 - INFO - [OK] Moved EMAIL_19c9be0d03772491.md from Needs_Action to Done
2026-02-27 02:37:47,129 - INFO - No files found in Needs_Action to transfer.
2026-02-27 02:37:47,143 - INFO - No files found in Needs_Action to transfer.
2026-02-27 02:37:47,188 - INFO - No files found in Needs_Action to transfer.
2026-02-27 02:37:47,277 - INFO - Successfully transferred 14 files from Needs_Action to Done
2026-02-27 02:45:06,794 - INFO - No files found in Needs_Action to transfer.
2026-02-27 02:45:06,809 - INFO - No files found in Needs_Action to transfer.
2026-02-27 02:45:27,223 - INFO - Found 1 files in Needs_Action. Transferring to Done...
2026-02-27 02:45:27,225 - INFO - [OK] Moved EMAIL_193f4bbc6b20e746.md from Needs_Action to Done
2026-02-27 02:45:27,250 - INFO - Found 4 files in Needs_Action. Transferring to Done...
2026-02-27 02:45:27,251 - INFO - [OK] Moved EMAIL_193f664850b1a273.md from Needs_Action to Done
2026-02-27 02:45:27,252 - INFO - [OK] Moved EMAIL_193f6d2ca281ace7.md from Needs_Action to Done
2026-02-27 02:45:27,253 - INFO - [OK] Moved EMAIL_193f81fc8db6613c.md from Needs_Action to Done
2026-02-27 02:45:27,254 - INFO - [OK] Moved EMAIL_193f85ec9b06fd6b.md from Needs_Action to Done
2026-02-27 02:45:27,380 - INFO - Successfully transferred 1 files from Needs_Action to Done
2026-02-27 02:45:27,382 - INFO - No files found in Needs_Action to transfer.
2026-02-27 02:45:27,425 - INFO - Successfully transferred 4 files from Needs_Action to Done
2026-02-27 02:45:27,452 - INFO - No files found in Needs_Action to transfer.
2026-02-27 02:47:27,549 - INFO - Found 10 files in Needs_Action. Transferring to Done...
2026-02-27 02:47:27,551 - INFO - [OK] Moved PROCESS_EMAIL_193ec5a4363156a5.md.md from Needs_Action to Done
2026-02-27 02:47:27,553 - INFO - [OK] Moved PROCESS_EMAIL_193eebd8e05eeb7a.md.md from Needs_Action to Done
2026-02-27 02:47:27,554 - INFO - [OK] Moved PROCESS_EMAIL_193eeca15f4d89b6.md.md from Needs_Action to Done
2026-02-27 02:47:27,556 - INFO - [OK] Moved PROCESS_EMAIL_193ef36b610fe727.md.md from Needs_Action to Done
2026-02-27 02:47:27,559 - INFO - [OK] Moved PROCESS_EMAIL_193ef9c4225b63c9.md.md from Needs_Action to Done
2026-02-27 02:47:27,561 - INFO - [OK] Moved PROCESS_EMAIL_193f02aa2d271877.md.md from Needs_Action to Done
2026-02-27 02:47:27,561 - INFO - Found 4 files in Needs_Action. Transferring to Done...
2026-02-27 02:47:27,562 - INFO - [OK] Moved PROCESS_EMAIL_193f13e269550074.md.md from Needs_Action to Done
2026-02-27 02:47:27,562 - ERROR - [ERROR] Error moving file PROCESS_EMAIL_193f13e269550074.md.md: [WinError 2] The system cannot find the file specified
2026-02-27 02:47:27,563 - INFO - [OK] Moved PROCESS_EMAIL_193f3f07f0abc327.md.md from Needs_Action to Done
2026-02-27 02:47:27,563 - ERROR - [ERROR] Error moving file PROCESS_EMAIL_193f3f07f0abc327.md.md: [WinError 2] The system cannot find the file specified
2026-02-27 02:47:27,564 - INFO - [OK] Moved PROCESS_EMAIL_193f3fb8376cca42.md.md from Needs_Action to Done
2026-02-27 02:47:27,565 - INFO - [OK] Moved PROCESS_EMAIL_193f3fb8376cca42.md.md from Needs_Action to Done
2026-02-27 02:47:27,565 - INFO - [OK] Moved PROCESS_EMAIL_193f4711379ce926.md.md from Needs_Action to Done
2026-02-27 02:47:27,566 - ERROR - [ERROR] Error moving file PROCESS_EMAIL_193f4711379ce926.md.md: [WinError 2] The system cannot find the file specified
2026-02-27 02:47:27,713 - INFO - Successfully transferred 1 files from Needs_Action to Done
2026-02-27 02:47:27,739 - INFO - Successfully transferred 10 files from Needs_Action to Done
2026-02-27 02:47:27,754 - INFO - No files found in Needs_Action to transfer.
2026-02-27 02:47:27,794 - INFO - No files found in Needs_Action to transfer.
2026-02-27 02:49:27,903 - INFO - Found 20 files in Needs_Action. Transferring to Done...
2026-02-27 02:49:27,905 - INFO - [OK] Moved PROCESS_EMAIL_193daf4403b092fe.md.md from Needs_Action to Done
2026-02-27 02:49:27,906 - INFO - [OK] Moved PROCESS_EMAIL_193dca4b44abd4fb.md.md from Needs_Action to Done
2026-02-27 02:49:27,908 - INFO - [OK] Moved PROCESS_EMAIL_193dcde87c1aa0d3.md.md from Needs_Action to Done
2026-02-27 02:49:27,909 - INFO - [OK] Moved PROCESS_EMAIL_193df3be46c26c8f.md.md from Needs_Action to Done
2026-02-27 02:49:27,910 - INFO - [OK] Moved PROCESS_EMAIL_193df56fefa49683.md.md from Needs_Action to Done
2026-02-27 02:49:27,912 - INFO - [OK] Moved PROCESS_EMAIL_193dfd08e41dc632.md.md from Needs_Action to Done
2026-02-27 02:49:27,914 - INFO - [OK] Moved PROCESS_EMAIL_193dff368eea021b.md.md from Needs_Action to Done
2026-02-27 02:49:27,915 - INFO - [OK] Moved PROCESS_EMAIL_193e03672148db64.md.md from Needs_Action to Done
2026-02-27 02:49:27,916 - INFO - [OK] Moved PROCESS_EMAIL_193e0b6e81bbee65.md.md from Needs_Action to Done
2026-02-27 02:49:27,918 - INFO - [OK] Moved PROCESS_EMAIL_193e1cb12834288e.md.md from Needs_Action to Done
2026-02-27 02:49:27,919 - INFO - [OK] Moved PROCESS_EMAIL_193e38e6faafc3d0.md.md from Needs_Action to Done
2026-02-27 02:49:27,920 - INFO - [OK] Moved PROCESS_EMAIL_193e47e45f2690fd.md.md from Needs_Action to Done
2026-02-27 02:49:27,921 - INFO - [OK] Moved PROCESS_EMAIL_193e481eaa529ffb.md.md from Needs_Action to Done
2026-02-27 02:49:27,922 - INFO - [OK] Moved PROCESS_EMAIL_193e4faded3596c4.md.md from Needs_Action to Done
2026-02-27 02:49:27,923 - INFO - [OK] Moved PROCESS_EMAIL_193e6f16f16d56f0.md.md from Needs_Action to Done
2026-02-27 02:49:27,924 - INFO - [OK] Moved PROCESS_EMAIL_193e6fd4c91303f3.md.md from Needs_Action to Done
2026-02-27 02:49:27,927 - INFO - [OK] Moved PROCESS_EMAIL_193e98da840b1870.md.md from Needs_Action to Done
2026-02-27 02:49:27,928 - INFO - [OK] Moved PROCESS_EMAIL_193e9a3b5d40bff5.md.md from Needs_Action to Done
2026-02-27 02:49:27,930 - ERROR - [ERROR] Error moving file PROCESS_EMAIL_193ea1a195f9613c.md.md: [WinError 2] The system cannot find the file specified
2026-02-27 02:49:27,931 - INFO - Found 1 files in Needs_Action. Transferring to Done...
2026-02-27 02:49:27,949 - INFO - [OK] Moved PROCESS_EMAIL_193ec17cd3f22f31.md.md from Needs_Action to Done
2026-02-27 02:49:27,951 - ERROR - [ERROR] Error moving file PROCESS_EMAIL_193ec17cd3f22f31.md.md: [WinError 2] The system cannot find the file specified
2026-02-27 02:49:28,111 - INFO - Successfully transferred 19 files from Needs_Action to Done
2026-02-27 02:49:28,114 - INFO - Found 5 files in Needs_Action. Transferring to Done...
2026-02-27 02:49:28,116 - INFO - [OK] Moved EMAIL_193e6fd4c91303f3.md from Needs_Action to Done
2026-02-27 02:49:28,118 - INFO - [OK] Moved EMAIL_193e98da840b1870.md from Needs_Action to Done
2026-02-27 02:49:28,121 - INFO - [OK] Moved EMAIL_193e9a3b5d40bff5.md from Needs_Action to Done
2026-02-27 02:49:28,124 - INFO - [OK] Moved EMAIL_193ea1a195f9613c.md from Needs_Action to Done
2026-02-27 02:49:28,125 - INFO - [OK] Moved EMAIL_193ec17cd3f22f31.md from Needs_Action to Done
2026-02-27 02:49:28,136 - INFO - Successfully transferred 0 files from Needs_Action to Done
2026-02-27 02:49:28,184 - INFO - No files found in Needs_Action to transfer.
2026-02-27 02:49:28,308 - INFO - Successfully transferred 5 files from Needs_Action to Done
2026-02-27 02:51:28,453 - INFO - Found 20 files in Needs_Action. Transferring to Done...
2026-02-27 02:51:28,455 - INFO - [OK] Moved PROCESS_EMAIL_193cff944ffa2fe7.md.md from Needs_Action to Done
2026-02-27 02:51:28,456 - INFO - [OK] Moved PROCESS_EMAIL_193d05eafb95f240.md.md from Needs_Action to Done
2026-02-27 02:51:28,460 - INFO - [OK] Moved PROCESS_EMAIL_193d0d2c8104e40b.md.md from Needs_Action to Done
2026-02-27 02:51:28,461 - INFO - [OK] Moved PROCESS_EMAIL_193d143103b6e317.md.md from Needs_Action to Done
2026-02-27 02:51:28,463 - INFO - [OK] Moved PROCESS_EMAIL_193d2580ffe8d007.md.md from Needs_Action to Done
2026-02-27 02:51:28,464 - INFO - [OK] Moved PROCESS_EMAIL_193d452437ea92f1.md.md from Needs_Action to Done
2026-02-27 02:51:28,465 - INFO - [OK] Moved PROCESS_EMAIL_193d4f71745503d4.md.md from Needs_Action to Done
2026-02-27 02:51:28,467 - INFO - [OK] Moved PROCESS_EMAIL_193d50a477e5e721.md.md from Needs_Action to Done
2026-02-27 02:51:28,493 - INFO - [OK] Moved PROCESS_EMAIL_193d54d5b1fd7cc2.md.md from Needs_Action to Done
2026-02-27 02:51:28,494 - INFO - [OK] Moved PROCESS_EMAIL_193d590f3ea4753f.md.md from Needs_Action to Done
2026-02-27 02:51:28,497 - INFO - Found 9 files in Needs_Action. Transferring to Done...
2026-02-27 02:51:28,498 - ERROR - [ERROR] Error moving file PROCESS_EMAIL_193d5dcb29e30771.md.md: [WinError 2] The system cannot find the file specified
2026-02-27 02:51:28,498 - ERROR - [ERROR] Error moving file PROCESS_EMAIL_193d77e589c18e04.md.md: [WinError 2] The system cannot find the file specified
2026-02-27 02:51:28,498 - ERROR - [ERROR] Error moving file PROCESS_EMAIL_193d77e589c18e04.md.md: [WinError 2] The system cannot find the file specified
2026-02-27 02:51:28,499 - ERROR - [ERROR] Error moving file PROCESS_EMAIL_193d85e16bb89087.md.md: [WinError 2] The system cannot find the file specified
2026-02-27 02:51:28,499 - ERROR - [ERROR] Error moving file PROCESS_EMAIL_193d85e16bb89087.md.md: [WinError 2] The system cannot find the file specified
2026-02-27 02:51:28,500 - ERROR - [ERROR] Error moving file PROCESS_EMAIL_193d941b63a260e0.md.md: [WinError 2] The system cannot find the file specified
2026-02-27 02:51:28,501 - ERROR - [ERROR] Error moving file PROCESS_EMAIL_193d941b63a260e0.md.md: [WinError 2] The system cannot find the file specified
2026-02-27 02:51:28,502 - ERROR - [ERROR] Error moving file PROCESS_EMAIL_193d9dbcb4c60f02.md.md: [WinError 2] The system cannot find the file specified
2026-02-27 02:51:28,502 - ERROR - [ERROR] Error moving file PROCESS_EMAIL_193d9dbcb4c60f02.md.md: [WinError 2] The system cannot find the file specified
2026-02-27 02:51:28,503 - ERROR - [ERROR] Error moving file PROCESS_EMAIL_193d9dd80916d259.md.md: [WinError 2] The system cannot find the file specified
2026-02-27 02:51:28,504 - ERROR - [ERROR] Error moving file PROCESS_EMAIL_193d9dd80916d259.md.md: [WinError 2] The system cannot find the file specified
2026-02-27 02:51:28,504 - ERROR - [ERROR] Error moving file PROCESS_EMAIL_193da30b0e93bb99.md.md: [WinError 2] The system cannot find the file specified
2026-02-27 02:51:28,505 - ERROR - [ERROR] Error moving file PROCESS_EMAIL_193da30b0e93bb99.md.md: [WinError 2] The system cannot find the file specified
2026-02-27 02:51:28,505 - ERROR - [ERROR] Error moving file PROCESS_EMAIL_193da37defcb54bb.md.md: [WinError 2] The system cannot find the file specified
2026-02-27 02:51:28,506 - ERROR - [ERROR] Error moving file PROCESS_EMAIL_193da37defcb54bb.md.md: [WinError 2] The system cannot find the file specified
2026-02-27 02:51:28,506 - ERROR - [ERROR] Error moving file PROCESS_EMAIL_193da495828d8f35.md.md: [WinError 2] The system cannot find the file specified
2026-02-27 02:51:28,507 - ERROR - [ERROR] Error moving file PROCESS_EMAIL_193da495828d8f35.md.md: [WinError 2] The system cannot find the file specified
2026-02-27 02:51:28,507 - ERROR - [ERROR] Error moving file PROCESS_EMAIL_193dac0080f83ef1.md.md: [WinError 2] The system cannot find the file specified
2026-02-27 02:51:28,508 - ERROR - [ERROR] Error moving file PROCESS_EMAIL_193dac0080f83ef1.md.md: [WinError 2] The system cannot find the file specified
2026-02-27 02:51:28,675 - INFO - Successfully transferred 10 files from Needs_Action to Done
2026-02-27 02:51:28,681 - INFO - No files found in Needs_Action to transfer.
2026-02-27 02:51:28,703 - INFO - Successfully transferred 0 files from Needs_Action to Done
2026-02-27 02:51:28,720 - INFO - No files found in Needs_Action to transfer.
2026-02-27 02:53:28,907 - INFO - Found 20 files in Needs_Action. Transferring to Done...
2026-02-27 02:53:28,908 - INFO - [OK] Moved PROCESS_EMAIL_193bc212489404aa.md.md from Needs_Action to Done
2026-02-27 02:53:28,910 - INFO - [OK] Moved PROCESS_EMAIL_193bdbe8dd591d28.md.md from Needs_Action to Done
2026-02-27 02:53:28,911 - INFO - [OK] Moved PROCESS_EMAIL_193bfb8dd966c662.md.md from Needs_Action to Done
2026-02-27 02:53:28,930 - INFO - [OK] Moved PROCESS_EMAIL_193c07c3d0e44003.md.md from Needs_Action to Done
2026-02-27 02:53:28,931 - INFO - [OK] Moved PROCESS_EMAIL_193c096f4dfa8962.md.md from Needs_Action to Done
2026-02-27 02:53:28,933 - INFO - [OK] Moved PROCESS_EMAIL_193c0d92a6165e18.md.md from Needs_Action to Done
2026-02-27 02:53:28,935 - INFO - [OK] Moved PROCESS_EMAIL_193c1ceba54b04b3.md.md from Needs_Action to Done
2026-02-27 02:53:28,936 - INFO - [OK] Moved PROCESS_EMAIL_193c2e4e6219f1d0.md.md from Needs_Action to Done
2026-02-27 02:53:28,938 - INFO - [OK] Moved PROCESS_EMAIL_193c2f0d2e472539.md.md from Needs_Action to Done
2026-02-27 02:53:28,939 - INFO - [OK] Moved PROCESS_EMAIL_193c5a62a9d9d1fb.md.md from Needs_Action to Done
2026-02-27 02:53:28,941 - INFO - [OK] Moved PROCESS_EMAIL_193c6182cffecf9a.md.md from Needs_Action to Done
2026-02-27 02:53:28,942 - INFO - [OK] Moved PROCESS_EMAIL_193c80b3e6097e26.md.md from Needs_Action to Done
2026-02-27 02:53:28,943 - INFO - [OK] Moved PROCESS_EMAIL_193c85e3cad3d3e4.md.md from Needs_Action to Done
2026-02-27 02:53:28,944 - INFO - [OK] Moved PROCESS_EMAIL_193cab4abd5057d0.md.md from Needs_Action to Done
2026-02-27 02:53:28,945 - INFO - [OK] Moved PROCESS_EMAIL_193cabd8c78e860e.md.md from Needs_Action to Done
2026-02-27 02:53:28,946 - INFO - [OK] Moved PROCESS_EMAIL_193cb163a00fd1f9.md.md from Needs_Action to Done
2026-02-27 02:53:28,948 - INFO - [OK] Moved PROCESS_EMAIL_193cd319fbca4005.md.md from Needs_Action to Done
2026-02-27 02:53:28,949 - INFO - [OK] Moved PROCESS_EMAIL_193ce502ab5d76e9.md.md from Needs_Action to Done
2026-02-27 02:53:28,950 - INFO - [OK] Moved PROCESS_EMAIL_193cfe3e6b6b9b37.md.md from Needs_Action to Done
2026-02-27 02:53:28,951 - INFO - [OK] Moved PROCESS_EMAIL_193cfee656bf3f8a.md.md from Needs_Action to Done
2026-02-27 02:53:28,961 - INFO - Found 4 files in Needs_Action. Transferring to Done...
2026-02-27 02:53:28,962 - INFO - [OK] Moved EMAIL_193bc212489404aa.md from Needs_Action to Done
2026-02-27 02:53:28,963 - INFO - [OK] Moved EMAIL_193bdbe8dd591d28.md from Needs_Action to Done
2026-02-27 02:53:28,964 - INFO - [OK] Moved EMAIL_193bfb8dd966c662.md from Needs_Action to Done
2026-02-27 02:53:28,966 - INFO - [OK] Moved EMAIL_193c07c3d0e44003.md from Needs_Action to Done
2026-02-27 02:53:29,102 - INFO - Successfully transferred 20 files from Needs_Action to Done
2026-02-27 02:53:29,138 - INFO - Successfully transferred 4 files from Needs_Action to Done
2026-02-27 02:53:29,187 - INFO - No files found in Needs_Action to transfer.
2026-02-27 02:53:29,202 - INFO - No files found in Needs_Action to transfer.
2026-02-27 02:55:29,460 - INFO - Found 15 files in Needs_Action. Transferring to Done...
2026-02-27 02:55:29,462 - INFO - [OK] Moved PROCESS_EMAIL_193b52d48b3a4147.md.md from Needs_Action to Done
2026-02-27 02:55:29,463 - INFO - [OK] Moved PROCESS_EMAIL_193b5404a86361d5.md.md from Needs_Action to Done
2026-02-27 02:55:29,464 - INFO - [OK] Moved PROCESS_EMAIL_193b59ca2e8667bb.md.md from Needs_Action to Done
2026-02-27 02:55:29,466 - INFO - [OK] Moved PROCESS_EMAIL_193b626bb9abf4cf.md.md from Needs_Action to Done
2026-02-27 02:55:29,467 - INFO - [OK] Moved PROCESS_EMAIL_193b62d331e5b158.md.md from Needs_Action to Done
2026-02-27 02:55:29,468 - INFO - [OK] Moved PROCESS_EMAIL_193b6a8b4e35b9db.md.md from Needs_Action to Done
2026-02-27 02:55:29,470 - INFO - [OK] Moved PROCESS_EMAIL_193b6fc11da5d7e4.md.md from Needs_Action to Done
2026-02-27 02:55:29,473 - INFO - [OK] Moved PROCESS_EMAIL_193b7b7c95c09384.md.md from Needs_Action to Done
2026-02-27 02:55:29,476 - INFO - [OK] Moved PROCESS_EMAIL_193b7b82645d3fd1.md.md from Needs_Action to Done
2026-02-27 02:55:29,478 - INFO - [OK] Moved PROCESS_EMAIL_193b89831947795f.md.md from Needs_Action to Done
2026-02-27 02:55:29,479 - INFO - [OK] Moved PROCESS_EMAIL_193b8d8f8e82f619.md.md from Needs_Action to Done
2026-02-27 02:55:29,480 - INFO - [OK] Moved PROCESS_EMAIL_193ba5b8d5c66d00.md.md from Needs_Action to Done
2026-02-27 02:55:29,494 - INFO - Found 2 files in Needs_Action. Transferring to Done...
2026-02-27 02:55:29,482 - INFO - [OK] Moved PROCESS_EMAIL_193ba8b0d9c67cdd.md.md from Needs_Action to Done
2026-02-27 02:55:29,496 - INFO - [OK] Moved PROCESS_EMAIL_193bb4a76dff0e38.md.md from Needs_Action to Done
2026-02-27 02:55:29,496 - ERROR - [ERROR] Error moving file PROCESS_EMAIL_193bb4a76dff0e38.md.md: [WinError 2] The system cannot find the file specified
2026-02-27 02:55:29,497 - INFO - [OK] Moved PROCESS_EMAIL_193bb6acb64de4d2.md.md from Needs_Action to Done
2026-02-27 02:55:29,499 - ERROR - [ERROR] Error moving file PROCESS_EMAIL_193bb6acb64de4d2.md.md: [WinError 2] The system cannot find the file specified
2026-02-27 02:55:29,658 - INFO - Successfully transferred 2 files from Needs_Action to Done
2026-02-27 02:55:29,681 - INFO - Successfully transferred 13 files from Needs_Action to Done
2026-02-27 02:55:29,706 - INFO - Found 3 files in Needs_Action. Transferring to Done...
2026-02-27 02:55:29,708 - INFO - [OK] Moved EMAIL_193ba8b0d9c67cdd.md from Needs_Action to Done
2026-02-27 02:55:29,710 - INFO - [OK] Moved EMAIL_193bb4a76dff0e38.md from Needs_Action to Done
2026-02-27 02:55:29,712 - INFO - [OK] Moved EMAIL_193bb6acb64de4d2.md from Needs_Action to Done
2026-02-27 02:55:29,768 - INFO - No files found in Needs_Action to transfer.
2026-02-27 02:55:29,887 - INFO - Successfully transferred 3 files from Needs_Action to Done
2026-02-27 02:57:29,977 - INFO - Found 15 files in Needs_Action. Transferring to Done...
2026-02-27 02:57:29,979 - INFO - [OK] Moved PROCESS_EMAIL_193ac62818df103e.md.md from Needs_Action to Done
2026-02-27 02:57:29,980 - INFO - [OK] Moved PROCESS_EMAIL_193aca4d8d4d2fc0.md.md from Needs_Action to Done
2026-02-27 02:57:29,982 - INFO - [OK] Moved PROCESS_EMAIL_193acaac17fae593.md.md from Needs_Action to Done
2026-02-27 02:57:29,984 - INFO - [OK] Moved PROCESS_EMAIL_193ae4b7a83c1507.md.md from Needs_Action to Done
2026-02-27 02:57:29,986 - INFO - [OK] Moved PROCESS_EMAIL_193b045c0fd91ff9.md.md from Needs_Action to Done
2026-02-27 02:57:29,989 - INFO - [OK] Moved PROCESS_EMAIL_193b0ea8d4b50389.md.md from Needs_Action to Done
2026-02-27 02:57:29,990 - INFO - [OK] Moved PROCESS_EMAIL_193b0f6fe341c511.md.md from Needs_Action to Done
2026-02-27 02:57:29,992 - INFO - [OK] Moved PROCESS_EMAIL_193b0fdbeca3be93.md.md from Needs_Action to Done
2026-02-27 02:57:29,993 - INFO - [OK] Moved PROCESS_EMAIL_193b15bb533537c9.md.md from Needs_Action to Done
2026-02-27 02:57:29,994 - INFO - [OK] Moved PROCESS_EMAIL_193b16e849c066ff.md.md from Needs_Action to Done
2026-02-27 02:57:29,995 - INFO - [OK] Moved PROCESS_EMAIL_193b18f27d38b8ae.md.md from Needs_Action to Done
2026-02-27 02:57:29,996 - INFO - [OK] Moved PROCESS_EMAIL_193b1e8ec6c7a6b6.md.md from Needs_Action to Done
2026-02-27 02:57:30,004 - ERROR - [ERROR] Error moving file PROCESS_EMAIL_193b25ab4b4d6c92.md.md: [WinError 2] The system cannot find the file specified
2026-02-27 02:57:30,005 - ERROR - [ERROR] Error moving file PROCESS_EMAIL_193b2d8e6936a909.md.md: [WinError 2] The system cannot find the file specified
2026-02-27 02:57:30,006 - ERROR - [ERROR] Error moving file PROCESS_EMAIL_193b371d590c7e66.md.md: [WinError 2] The system cannot find the file specified
2026-02-27 02:57:30,036 - INFO - Found 14 files in Needs_Action. Transferring to Done...
2026-02-27 02:57:30,038 - INFO - [OK] Moved EMAIL_193aca4d8d4d2fc0.md from Needs_Action to Done
2026-02-27 02:57:30,055 - INFO - [OK] Moved EMAIL_193acaac17fae593.md from Needs_Action to Done
2026-02-27 02:57:30,059 - ERROR - [ERROR] Error moving file EMAIL_193ae4b7a83c1507.md: [WinError 2] The system cannot find the file specified
2026-02-27 02:57:30,060 - INFO - [OK] Moved EMAIL_193b045c0fd91ff9.md from Needs_Action to Done
2026-02-27 02:57:30,061 - INFO - [OK] Moved EMAIL_193b0ea8d4b50389.md from Needs_Action to Done
2026-02-27 02:57:30,063 - INFO - [OK] Moved EMAIL_193b0f6fe341c511.md from Needs_Action to Done
2026-02-27 02:57:30,064 - INFO - [OK] Moved EMAIL_193b0fdbeca3be93.md from Needs_Action to Done
2026-02-27 02:57:30,066 - INFO - [OK] Moved EMAIL_193b15bb533537c9.md from Needs_Action to Done
2026-02-27 02:57:30,067 - INFO - [OK] Moved EMAIL_193b16e849c066ff.md from Needs_Action to Done
2026-02-27 02:57:30,070 - INFO - [OK] Moved EMAIL_193b18f27d38b8ae.md from Needs_Action to Done
2026-02-27 02:57:30,072 - INFO - [OK] Moved EMAIL_193b1e8ec6c7a6b6.md from Needs_Action to Done
2026-02-27 02:57:30,073 - INFO - [OK] Moved EMAIL_193b25ab4b4d6c92.md from Needs_Action to Done
2026-02-27 02:57:30,074 - INFO - [OK] Moved EMAIL_193b2d8e6936a909.md from Needs_Action to Done
2026-02-27 02:57:30,075 - INFO - [OK] Moved EMAIL_193b371d590c7e66.md from Needs_Action to Done
2026-02-27 02:57:30,174 - INFO - Successfully transferred 12 files from Needs_Action to Done
2026-02-27 02:57:30,185 - INFO - No files found in Needs_Action to transfer.
2026-02-27 02:57:30,204 - INFO - No files found in Needs_Action to transfer.
2026-02-27 02:57:30,249 - INFO - Successfully transferred 13 files from Needs_Action to Done
2026-02-27 02:58:11,075 - INFO - Found 10 files in Needs_Action. Transferring to Done...
2026-02-27 02:58:11,077 - INFO - [OK] Moved PROCESS_EMAIL_193a6b1079e0776a.md.md from Needs_Action to Done
2026-02-27 02:58:11,078 - INFO - Found 9 files in Needs_Action. Transferring to Done...
2026-02-27 02:58:11,079 - INFO - [OK] Moved PROCESS_EMAIL_193a744bd95c1c54.md.md from Needs_Action to Done
2026-02-27 02:58:11,079 - ERROR - [ERROR] Error moving file PROCESS_EMAIL_193a744bd95c1c54.md.md: [WinError 2] The system cannot find the file specified
2026-02-27 02:58:11,080 - INFO - [OK] Moved PROCESS_EMAIL_193a7ff26a583c87.md.md from Needs_Action to Done
2026-02-27 02:58:11,080 - ERROR - [ERROR] Error moving file PROCESS_EMAIL_193a7ff26a583c87.md.md: [WinError 2] The system cannot find the file specified
2026-02-27 02:58:11,081 - INFO - [OK] Moved PROCESS_EMAIL_193a80d4b51f0bc0.md.md from Needs_Action to Done
2026-02-27 02:58:11,081 - ERROR - [ERROR] Error moving file PROCESS_EMAIL_193a80d4b51f0bc0.md.md: [WinError 2] The system cannot find the file specified
2026-02-27 02:58:11,083 - INFO - [OK] Moved PROCESS_EMAIL_193a9251b172bf57.md.md from Needs_Action to Done
2026-02-27 02:58:11,084 - INFO - [OK] Moved PROCESS_EMAIL_193a9251b172bf57.md.md from Needs_Action to Done
2026-02-27 02:58:11,086 - INFO - [OK] Moved PROCESS_EMAIL_193aa43b05e89ac1.md.md from Needs_Action to Done
2026-02-27 02:58:11,086 - INFO - [OK] Moved PROCESS_EMAIL_193aa43b05e89ac1.md.md from Needs_Action to Done
2026-02-27 02:58:11,088 - INFO - [OK] Moved PROCESS_EMAIL_193aa5724f39dbbd.md.md from Needs_Action to Done
2026-02-27 02:58:11,089 - INFO - [OK] Moved PROCESS_EMAIL_193abd762f2ef9e7.md.md from Needs_Action to Done
2026-02-27 02:58:11,091 - INFO - [OK] Moved PROCESS_EMAIL_193abe275e9e3a90.md.md from Needs_Action to Done
2026-02-27 02:58:11,091 - INFO - [OK] Moved PROCESS_EMAIL_193abe275e9e3a90.md.md from Needs_Action to Done
2026-02-27 02:58:11,093 - INFO - [OK] Moved PROCESS_EMAIL_193ac328dfb5765f.md.md from Needs_Action to Done
2026-02-27 02:58:11,218 - INFO - Successfully transferred 10 files from Needs_Action to Done
2026-02-27 02:58:11,222 - INFO - Successfully transferred 6 files from Needs_Action to Done
2026-02-27 02:58:31,325 - INFO - Found 14 files in Needs_Action. Transferring to Done...
2026-02-27 02:58:31,327 - INFO - [OK] Moved EMAIL_193a1f57d9b8b514.md from Needs_Action to Done
2026-02-27 02:58:31,328 - INFO - [OK] Moved EMAIL_193a26bc9d59a229.md from Needs_Action to Done
2026-02-27 02:58:31,329 - INFO - [OK] Moved EMAIL_193a3fecc559473b.md from Needs_Action to Done
2026-02-27 02:58:31,331 - INFO - [OK] Moved EMAIL_193a45184ab0af75.md from Needs_Action to Done
2026-02-27 02:58:31,332 - INFO - [OK] Moved EMAIL_193a6b1079e0776a.md from Needs_Action to Done
2026-02-27 02:58:31,332 - INFO - Found 10 files in Needs_Action. Transferring to Done...
2026-02-27 02:58:31,334 - INFO - [OK] Moved EMAIL_193a744bd95c1c54.md from Needs_Action to Done
2] The system cannot find the file specified
2026-02-27 02:58:31,335 - ERROR - [ERROR] Error moving file EMAIL_193a744bd95c1c54.md: [WinError 2] The system cannot find the file specified
2026-02-27 02:58:31,335 - INFO - Found 8 files in Needs_Action. Transferring to Done...
2026-02-27 02:58:31,336 - ERROR - [ERROR] Error moving file EMAIL_193a7ff26a583c87.md: [WinError 2] The system cannot find the file specified
2026-02-27 02:58:31,337 - ERROR - [ERROR] Error moving file EMAIL_193a7ff26a583c87.md: [WinError 2] The system cannot find the file specified
2026-02-27 02:58:31,338 - INFO - [OK] Moved EMAIL_193a80d4b51f0bc0.md from Needs_Action to Done
2026-02-27 02:58:31,338 - INFO - [OK] Moved EMAIL_193a80d4b51f0bc0.md from Needs_Action to Done
2026-02-27 02:58:31,339 - ERROR - [ERROR] Error moving file EMAIL_193a80d4b51f0bc0.md: [WinError 2] The system cannot find the file specified
2026-02-27 02:58:31,352 - INFO - [OK] Moved EMAIL_193a9251b172bf57.md from Needs_Action to Done
2026-02-27 02:58:31,352 - INFO - [OK] Moved EMAIL_193a9251b172bf57.md from Needs_Action to Done
2026-02-27 02:58:31,352 - ERROR - [ERROR] Error moving file EMAIL_193a9251b172bf57.md: [WinError 2] The system cannot find the file specified
2026-02-27 02:58:31,354 - INFO - [OK] Moved EMAIL_193aa43b05e89ac1.md from Needs_Action to Done
2026-02-27 02:58:31,354 - INFO - [OK] Moved EMAIL_193aa43b05e89ac1.md from Needs_Action to Done
2026-02-27 02:58:31,354 - INFO - [OK] Moved EMAIL_193aa43b05e89ac1.md from Needs_Action to Done
2026-02-27 02:58:31,356 - INFO - [OK] Moved EMAIL_193aa5724f39dbbd.md from Needs_Action to Done
2026-02-27 02:58:31,358 - INFO - [OK] Moved EMAIL_193abd762f2ef9e7.md from Needs_Action to Done
2026-02-27 02:58:31,383 - INFO - [OK] Moved EMAIL_193abe275e9e3a90.md from Needs_Action to Done
2026-02-27 02:58:31,383 - INFO - [OK] Moved EMAIL_193abe275e9e3a90.md from Needs_Action to Done
2026-02-27 02:58:31,383 - INFO - [OK] Moved EMAIL_193abe275e9e3a90.md from Needs_Action to Done
2026-02-27 02:58:31,383 - INFO - Found 1 files in Needs_Action. Transferring to Done...
2026-02-27 02:58:31,397 - INFO - [OK] Moved EMAIL_193ac328dfb5765f.md from Needs_Action to Done
2026-02-27 02:58:31,397 - INFO - [OK] Moved EMAIL_193ac328dfb5765f.md from Needs_Action to Done
2026-02-27 02:58:31,398 - ERROR - [ERROR] Error moving file EMAIL_193ac328dfb5765f.md: [WinError 2] The system cannot find the file specified
2026-02-27 02:58:31,501 - INFO - Successfully transferred 14 files from Needs_Action to Done
2026-02-27 02:58:31,508 - INFO - Successfully transferred 7 files from Needs_Action to Done
2026-02-27 02:58:31,508 - INFO - Successfully transferred 5 files from Needs_Action to Done
2026-02-27 02:58:31,508 - INFO - Successfully transferred 0 files from Needs_Action to Done
2026-02-27 02:59:30,283 - INFO - Found 17 files in Needs_Action. Transferring to Done...
2026-02-27 02:59:30,284 - INFO - [OK] Moved PROCESS_EMAIL_19397b2f220ba04b.md.md from Needs_Action to Done
2026-02-27 02:59:30,286 - INFO - [OK] Moved PROCESS_EMAIL_19397f72e43b97c8.md.md from Needs_Action to Done
2026-02-27 02:59:30,287 - INFO - [OK] Moved PROCESS_EMAIL_19397fce3f7b25af.md.md from Needs_Action to Done
2026-02-27 02:59:30,287 - INFO - [OK] Moved PROCESS_EMAIL_193980ef1008621a.md.md from Needs_Action to Done
2026-02-27 02:59:30,288 - INFO - [OK] Moved PROCESS_EMAIL_1939824b19a231a4.md.md from Needs_Action to Done
2026-02-27 02:59:30,289 - INFO - [OK] Moved PROCESS_EMAIL_1939828d7cead667.md.md from Needs_Action to Done
2026-02-27 02:59:30,290 - INFO - [OK] Moved PROCESS_EMAIL_19398773438ff248.md.md from Needs_Action to Done
2026-02-27 02:59:30,292 - INFO - [OK] Moved PROCESS_EMAIL_193989a2804a54de.md.md from Needs_Action to Done
2026-02-27 02:59:30,293 - INFO - [OK] Moved PROCESS_EMAIL_19398d5438656bde.md.md from Needs_Action to Done
2026-02-27 02:59:30,294 - INFO - [OK] Moved PROCESS_EMAIL_19398dead64ec890.md.md from Needs_Action to Done
2026-02-27 02:59:30,296 - INFO - [OK] Moved PROCESS_EMAIL_19398fa3946926bb.md.md from Needs_Action to Done
2026-02-27 02:59:30,298 - INFO - [OK] Moved PROCESS_EMAIL_19399b21ce2dca2d.md.md from Needs_Action to Done
2026-02-27 02:59:30,299 - INFO - [OK] Moved PROCESS_EMAIL_1939b75cd233e69c.md.md from Needs_Action to Done
2026-02-27 02:59:30,300 - INFO - [OK] Moved PROCESS_EMAIL_1939ba9327f5ef42.md.md from Needs_Action to Done
2026-02-27 02:59:30,301 - INFO - [OK] Moved PROCESS_EMAIL_1939bac633709077.md.md from Needs_Action to Done
2026-02-27 02:59:30,302 - INFO - [OK] Moved PROCESS_EMAIL_1939c644d20eeae8.md.md from Needs_Action to Done
2026-02-27 02:59:30,304 - INFO - [OK] Moved PROCESS_EMAIL_1939c734d73cad7c.md.md from Needs_Action to Done
2026-02-27 02:59:30,322 - INFO - No files found in Needs_Action to transfer.
2026-02-27 02:59:30,460 - INFO - Successfully transferred 17 files from Needs_Action to Done
2026-02-27 02:59:30,477 - INFO - No files found in Needs_Action to transfer.
2026-02-27 02:59:30,478 - INFO - No files found in Needs_Action to transfer.
2026-02-27 03:00:31,854 - INFO - Found 5 files in Needs_Action. Transferring to Done...
2026-02-27 03:00:31,857 - INFO - [OK] Moved EMAIL_19396d0c8c350827.md from Needs_Action to Done
2026-02-27 03:00:31,860 - INFO - [OK] Moved EMAIL_19396d56a1a84b03.md from Needs_Action to Done
2026-02-27 03:00:31,862 - INFO - [OK] Moved EMAIL_193973dff1fac5fe.md from Needs_Action to Done
2026-02-27 03:00:31,864 - INFO - [OK] Moved EMAIL_19397588ae20d2a5.md from Needs_Action to Done
2026-02-27 03:00:31,866 - INFO - [OK] Moved EMAIL_19397afaf387112d.md from Needs_Action to Done
2026-02-27 03:00:31,894 - INFO - No files found in Needs_Action to transfer.
2026-02-27 03:00:31,918 - INFO - No files found in Needs_Action to transfer.
2026-02-27 03:00:31,919 - INFO - No files found in Needs_Action to transfer.
2026-02-27 03:00:32,078 - INFO - Successfully transferred 5 files from Needs_Action to Done
2026-02-27 03:01:30,817 - INFO - Found 1 files in Needs_Action. Transferring to Done...
2026-02-27 03:01:30,819 - INFO - [OK] Moved EMAIL_1938d0350f9df575.md from Needs_Action to Done
2026-02-27 03:01:30,820 - INFO - Found 1 files in Needs_Action. Transferring to Done...
2026-02-27 03:01:30,822 - INFO - [OK] Moved EMAIL_1938d4c5627994e3.md from Needs_Action to Done
2026-02-27 03:01:31,049 - INFO - No files found in Needs_Action to transfer.
2026-02-27 03:01:31,061 - INFO - Successfully transferred 1 files from Needs_Action to Done
2026-02-27 03:01:31,083 - INFO - Successfully transferred 1 files from Needs_Action to Done
2026-02-27 03:01:31,103 - INFO - No files found in Needs_Action to transfer.
2026-02-27 03:02:32,345 - INFO - Found 9 files in Needs_Action. Transferring to Done...
2026-02-27 03:02:32,345 - INFO - Found 9 files in Needs_Action. Transferring to Done...
2026-02-27 03:02:32,347 - INFO - [OK] Moved EMAIL_193887654bee19d2.md from Needs_Action to Done
2026-02-27 03:02:32,347 - INFO - [OK] Moved EMAIL_193887654bee19d2.md from Needs_Action to Done
2026-02-27 03:02:32,350 - INFO - [OK] Moved EMAIL_19388bb3c48ffcb7.md from Needs_Action to Done
2026-02-27 03:02:32,351 - INFO - [OK] Moved EMAIL_19388bb3c48ffcb7.md from Needs_Action to Done
2026-02-27 03:02:32,354 - INFO - [OK] Moved EMAIL_1938a3ef9bd57f15.md from Needs_Action to Done
2026-02-27 03:02:32,354 - INFO - [OK] Moved EMAIL_1938a3ef9bd57f15.md from Needs_Action to Done
2026-02-27 03:02:32,356 - INFO - Found 6 files in Needs_Action. Transferring to Done...
o Done
2026-02-27 03:02:32,358 - ERROR - [ERROR] Error moving file EMAIL_1938ad5d477db578.md: [WinError 2] The system cannot find the file specified
2026-02-27 03:02:32,359 - INFO - [OK] Moved EMAIL_1938c3171340d3d2.md from Needs_Action to Done
2026-02-27 03:02:32,360 - ERROR - [ERROR] Error moving file EMAIL_1938c3171340d3d2.md: [WinError 2] The system cannot find the file specified
2026-02-27 03:02:32,361 - INFO - [OK] Moved EMAIL_1938c393adfc303f.md from Needs_Action to Done
2026-02-27 03:02:32,361 - ERROR - [ERROR] Error moving file EMAIL_1938ad5d477db578.md: [WinError 32] The process cannot access the file because it is being used by another process
2026-02-27 03:02:32,362 - ERROR - [ERROR] Error moving file EMAIL_1938c393adfc303f.md: [WinError 2] The system cannot find the file specified
2026-02-27 03:02:32,363 - ERROR - [ERROR] Error moving file EMAIL_1938c3171340d3d2.md: [WinError 2] The system cannot find the file specified
2026-02-27 03:02:32,364 - ERROR - [ERROR] Error moving file EMAIL_1938c393adfc303f.md: [WinError 2] The system cannot find the file specified
2026-02-27 03:02:32,364 - INFO - [OK] Moved EMAIL_1938c4184d7567c8.md from Needs_Action to Done
2026-02-27 03:02:32,366 - ERROR - [ERROR] Error moving file EMAIL_1938c4184d7567c8.md: [WinError 2] The system cannot find the file specified
2026-02-27 03:02:32,368 - INFO - [OK] Moved EMAIL_1938ca35f79d985d.md from Needs_Action to Done
2026-02-27 03:02:32,368 - ERROR - [ERROR] Error moving file EMAIL_1938ca35f79d985d.md: [WinError 2] The system cannot find the file specified
2026-02-27 03:02:32,368 - INFO - [OK] Moved EMAIL_1938ca35f79d985d.md from Needs_Action to Done
2026-02-27 03:02:32,371 - INFO - [OK] Moved EMAIL_1938cf141769f3ea.md from Needs_Action to Done
2026-02-27 03:02:32,371 - INFO - [OK] Moved EMAIL_1938cf141769f3ea.md from Needs_Action to Done
2026-02-27 03:02:32,372 - ERROR - [ERROR] Error moving file EMAIL_1938cf141769f3ea.md: [WinError 2] The system cannot find the file specified
2026-02-27 03:02:32,404 - INFO - No files found in Needs_Action to transfer.
2026-02-27 03:02:32,542 - INFO - Successfully transferred 8 files from Needs_Action to Done
2026-02-27 03:02:32,542 - INFO - Successfully transferred 4 files from Needs_Action to Done
2026-02-27 03:02:32,557 - INFO - Successfully transferred 3 files from Needs_Action to Done
2026-02-27 03:03:31,641 - INFO - No files found in Needs_Action to transfer.
2026-02-27 03:03:31,683 - INFO - Found 2 files in Needs_Action. Transferring to Done...
2026-02-27 03:03:31,687 - INFO - [OK] Moved EMAIL_1937244e6bf76401.md from Needs_Action to Done
2026-02-27 03:03:31,690 - INFO - [OK] Moved EMAIL_1937331eb788aaae.md from Needs_Action to Done
2026-02-27 03:03:32,075 - INFO - No files found in Needs_Action to transfer.
2026-02-27 03:03:32,112 - INFO - Successfully transferred 2 files from Needs_Action to Done
2026-02-27 03:03:32,150 - INFO - No files found in Needs_Action to transfer.
2026-02-27 03:04:32,899 - INFO - Found 1 files in Needs_Action. Transferring to Done...
2026-02-27 03:04:32,906 - INFO - [OK] Moved EMAIL_193707f2a82f8ad5.md from Needs_Action to Done
2026-02-27 03:04:32,934 - INFO - No files found in Needs_Action to transfer.
2026-02-27 03:04:32,971 - INFO - No files found in Needs_Action to transfer.
2026-02-27 03:04:33,006 - INFO - No files found in Needs_Action to transfer.
2026-02-27 03:04:33,111 - INFO - Successfully transferred 1 files from Needs_Action to Done
2026-02-27 03:05:32,475 - INFO - Found 20 files in Needs_Action. Transferring to Done...
2026-02-27 03:05:32,476 - INFO - [OK] Moved PROCESS_EMAIL_19356cb3d10de14c.md.md from Needs_Action to Done
2026-02-27 03:05:32,478 - INFO - [OK] Moved PROCESS_EMAIL_1935971ab4f7034e.md.md from Needs_Action to Done
2026-02-27 03:05:32,479 - INFO - [OK] Moved PROCESS_EMAIL_19359a9f95d92b52.md.md from Needs_Action to Done
2026-02-27 03:05:32,481 - INFO - [OK] Moved PROCESS_EMAIL_1935a1b8d298da50.md.md from Needs_Action to Done
2026-02-27 03:05:32,483 - INFO - [OK] Moved PROCESS_EMAIL_1935a8a7dece7ee3.md.md from Needs_Action to Done
2026-02-27 03:05:32,484 - INFO - [OK] Moved PROCESS_EMAIL_1935be5b5f4c3246.md.md from Needs_Action to Done
2026-02-27 03:05:32,486 - INFO - [OK] Moved PROCESS_EMAIL_1935c383229da8e5.md.md from Needs_Action to Done
2026-02-27 03:05:32,512 - INFO - [OK] Moved PROCESS_EMAIL_1935e9804ab23663.md.md from Needs_Action to Done
2026-02-27 03:05:32,513 - INFO - Found 12 files in Needs_Action. Transferring to Done...
2026-02-27 03:05:32,513 - ERROR - [ERROR] Error moving file PROCESS_EMAIL_1935f56e6a4a35a7.md.md: [WinError 2] The system cannot find the file specified
2026-02-27 03:05:32,514 - ERROR - [ERROR] Error moving file PROCESS_EMAIL_193610c13604ffc4.md.md: [WinError 2] The system cannot find the file specified
2026-02-27 03:05:32,515 - ERROR - [ERROR] Error moving file PROCESS_EMAIL_1935f56e6a4a35a7.md.md: [WinError 2] The system cannot find the file specified
2026-02-27 03:05:32,516 - ERROR - [ERROR] Error moving file PROCESS_EMAIL_193610c13604ffc4.md.md: [WinError 2] The system cannot find the file specified
2026-02-27 03:05:32,517 - ERROR - [ERROR] Error moving file PROCESS_EMAIL_193622aa081c6fb5.md.md: [WinError 2] The system cannot find the file specified
2026-02-27 03:05:32,518 - ERROR - [ERROR] Error moving file PROCESS_EMAIL_19362c857765a9be.md.md: [WinError 2] The system cannot find the file specified
2026-02-27 03:05:32,520 - ERROR - [ERROR] Error moving file PROCESS_EMAIL_19363c9342a1785c.md.md: [WinError 2] The system cannot find the file specified
2026-02-27 03:05:32,521 - ERROR - [ERROR] Error moving file PROCESS_EMAIL_19363e6dacb9cdfd.md.md: [WinError 2] The system cannot find the file specified
2026-02-27 03:05:32,522 - ERROR - [ERROR] Error moving file PROCESS_EMAIL_193644ffd1a41558.md.md: [WinError 2] The system cannot find the file specified
2026-02-27 03:05:32,522 - ERROR - [ERROR] Error moving file PROCESS_EMAIL_193622aa081c6fb5.md.md: [WinError 2] The system cannot find the file specified
2026-02-27 03:05:32,523 - ERROR - [ERROR] Error moving file PROCESS_EMAIL_1936632797b7c423.md.md: [WinError 2] The system cannot find the file specified
2026-02-27 03:05:32,523 - ERROR - [ERROR] Error moving file PROCESS_EMAIL_19362c857765a9be.md.md: [WinError 2] The system cannot find the file specified
2026-02-27 03:05:32,524 - ERROR - [ERROR] Error moving file PROCESS_EMAIL_193671b57ee26692.md.md: [WinError 2] The system cannot find the file specified
2026-02-27 03:05:32,525 - ERROR - [ERROR] Error moving file PROCESS_EMAIL_193677ff2aa9ac84.md.md: [WinError 2] The system cannot find the file specified
2026-02-27 03:05:32,526 - ERROR - [ERROR] Error moving file PROCESS_EMAIL_19367edcafe7264b.md.md: [WinError 2] The system cannot find the file specified
2026-02-27 03:05:32,528 - ERROR - [ERROR] Error moving file PROCESS_EMAIL_193682cc347c786f.md.md: [WinError 2] The system cannot find the file specified
2026-02-27 03:05:32,530 - ERROR - [ERROR] Error moving file PROCESS_EMAIL_19363c9342a1785c.md.md: [WinError 2] The system cannot find the file specified
2026-02-27 03:05:32,533 - ERROR - [ERROR] Error moving file PROCESS_EMAIL_19363e6dacb9cdfd.md.md: [WinError 2] The system cannot find the file specified
2026-02-27 03:05:32,537 - ERROR - [ERROR] Error moving file PROCESS_EMAIL_193644ffd1a41558.md.md: [WinError 2] The system cannot find the file specified
2026-02-27 03:05:32,541 - ERROR - [ERROR] Error moving file PROCESS_EMAIL_1936632797b7c423.md.md: [WinError 2] The system cannot find the file specified
2026-02-27 03:05:32,543 - ERROR - [ERROR] Error moving file PROCESS_EMAIL_193671b57ee26692.md.md: [WinError 2] The system cannot find the file specified
2026-02-27 03:05:32,544 - ERROR - [ERROR] Error moving file PROCESS_EMAIL_193677ff2aa9ac84.md.md: [WinError 2] The system cannot find the file specified
2026-02-27 03:05:32,545 - ERROR - [ERROR] Error moving file PROCESS_EMAIL_19367edcafe7264b.md.md: [WinError 2] The system cannot find the file specified
2026-02-27 03:05:32,546 - ERROR - [ERROR] Error moving file PROCESS_EMAIL_193682cc347c786f.md.md: [WinError 2] The system cannot find the file specified
2026-02-27 03:05:32,694 - INFO - No files found in Needs_Action to transfer.
2026-02-27 03:05:32,727 - INFO - No files found in Needs_Action to transfer.
2026-02-27 03:05:32,757 - INFO - Successfully transferred 0 files from Needs_Action to Done
2026-02-27 03:05:32,787 - INFO - Successfully transferred 8 files from Needs_Action to Done
2026-02-27 03:06:20,056 - INFO - Found 10 files in Needs_Action. Transferring to Done...
2026-02-27 03:06:20,058 - INFO - [OK] Moved PROCESS_EMAIL_193535c5d0324255.md.md from Needs_Action to Done
2026-02-27 03:06:20,059 - INFO - [OK] Moved PROCESS_EMAIL_1935393718a43986.md.md from Needs_Action to Done
2026-02-27 03:06:20,060 - INFO - [OK] Moved PROCESS_EMAIL_193542d7ac957be5.md.md from Needs_Action to Done
2026-02-27 03:06:20,061 - INFO - [OK] Moved PROCESS_EMAIL_193544b4e23b1e96.md.md from Needs_Action to Done
2026-02-27 03:06:20,062 - INFO - Found 6 files in Needs_Action. Transferring to Done...
2026-02-27 03:06:20,062 - INFO - [OK] Moved PROCESS_EMAIL_193545349070291a.md.md from Needs_Action to Done
2026-02-27 03:06:20,063 - ERROR - [ERROR] Error moving file PROCESS_EMAIL_193545349070291a.md.md: [WinError 2] The system cannot find the file specified
2026-02-27 03:06:20,064 - INFO - [OK] Moved PROCESS_EMAIL_193549a4d5ab1aa5.md.md from Needs_Action to Done
2] The system cannot find the file specified
2026-02-27 03:06:20,065 - ERROR - [ERROR] Error moving file PROCESS_EMAIL_193549a4d5ab1aa5.md.md: [WinError 2] The system cannot find the file specified
2026-02-27 03:06:20,065 - INFO - [OK] Moved PROCESS_EMAIL_193550ab5fed6faa.md.md from Needs_Action to Done
2026-02-27 03:06:20,065 - ERROR - [ERROR] Error moving file PROCESS_EMAIL_193550ab5fed6faa.md.md: [WinError 2] The system cannot find the file specified
2026-02-27 03:06:20,066 - INFO - [OK] Moved PROCESS_EMAIL_1935544e8661c17b.md.md from Needs_Action to Done
2026-02-27 03:06:20,066 - ERROR - [ERROR] Error moving file PROCESS_EMAIL_1935544e8661c17b.md.md: [WinError 2] The system cannot find the file specified
2026-02-27 03:06:20,066 - INFO - [OK] Moved PROCESS_EMAIL_19356bf615eeaf46.md.md from Needs_Action to Done
2026-02-27 03:06:20,067 - ERROR - [ERROR] Error moving file PROCESS_EMAIL_19356bf615eeaf46.md.md: [WinError 2] The system cannot find the file specified
2026-02-27 03:06:20,214 - INFO - Successfully transferred 0 files from Needs_Action to Done
2026-02-27 03:06:20,214 - INFO - Successfully transferred 10 files from Needs_Action to Done
2026-02-27 03:06:40,542 - INFO - Found 14 files in Needs_Action. Transferring to Done...
2026-02-27 03:06:40,545 - INFO - [OK] Moved EMAIL_1934f7c6ada17cd9.md from Needs_Action to Done
2026-02-27 03:06:40,548 - INFO - [OK] Moved EMAIL_1934fffe5e360576.md from Needs_Action to Done
2026-02-27 03:06:40,550 - INFO - [OK] Moved EMAIL_193505b5a2829baf.md from Needs_Action to Done
2026-02-27 03:06:40,552 - INFO - [OK] Moved EMAIL_1935198fe2ffe38b.md from Needs_Action to Done
2026-02-27 03:06:40,554 - INFO - [OK] Moved EMAIL_193535c5d0324255.md from Needs_Action to Done
2026-02-27 03:06:40,553 - INFO - Found 11 files in Needs_Action. Transferring to Done...
2026-02-27 03:06:40,556 - INFO - [OK] Moved EMAIL_1935393718a43986.md from Needs_Action to Done
2026-02-27 03:06:40,556 - ERROR - [ERROR] Error moving file EMAIL_1935198fe2ffe38b.md: [WinError 2] The system cannot find the file specified
2026-02-27 03:06:40,558 - INFO - [OK] Moved EMAIL_193542d7ac957be5.md from Needs_Action to Done
2026-02-27 03:06:40,561 - INFO - [OK] Moved EMAIL_193544b4e23b1e96.md from Needs_Action to Done
2026-02-27 03:06:40,564 - ERROR - [ERROR] Error moving file EMAIL_193535c5d0324255.md: [WinError 2] The system cannot find the file specified
2026-02-27 03:06:40,566 - ERROR - [ERROR] Error moving file EMAIL_1935393718a43986.md: [WinError 2] The system cannot find the file specified
2026-02-27 03:06:40,570 - ERROR - [ERROR] Error moving file EMAIL_193542d7ac957be5.md: [WinError 2] The system cannot find the file specified
2026-02-27 03:06:40,563 - INFO - [OK] Moved EMAIL_193545349070291a.md from Needs_Action to Done
2026-02-27 03:06:40,576 - ERROR - [ERROR] Error moving file EMAIL_193544b4e23b1e96.md: [WinError 2] The system cannot find the file specified
2026-02-27 03:06:40,581 - ERROR - [ERROR] Error moving file EMAIL_193545349070291a.md: [WinError 2] The system cannot find the file specified
2026-02-27 03:06:40,588 - INFO - [OK] Moved EMAIL_193546f157c612fb.md from Needs_Action to Done
2026-02-27 03:06:40,591 - INFO - [OK] Moved EMAIL_193549a4d5ab1aa5.md from Needs_Action to Done
2026-02-27 03:06:40,593 - INFO - [OK] Moved EMAIL_193550ab5fed6faa.md from Needs_Action to Done
2026-02-27 03:06:40,596 - ERROR - [ERROR] Error moving file EMAIL_193546f157c612fb.md: [WinError 2] The system cannot find the file specified
2026-02-27 03:06:40,598 - ERROR - [ERROR] Error moving file EMAIL_193549a4d5ab1aa5.md: [WinError 2] The system cannot find the file specified
2026-02-27 03:06:40,599 - INFO - [OK] Moved EMAIL_19356bf615eeaf46.md from Needs_Action to Done
2026-02-27 03:06:40,600 - ERROR - [ERROR] Error moving file EMAIL_193550ab5fed6faa.md: [WinError 2] The system cannot find the file specified
2026-02-27 03:06:40,601 - ERROR - [ERROR] Error moving file EMAIL_1935544e8661c17b.md: [WinError 2] The system cannot find the file specified
2026-02-27 03:06:40,603 - ERROR - [ERROR] Error moving file EMAIL_19356bf615eeaf46.md: [WinError 2] The system cannot find the file specified
2026-02-27 03:06:40,617 - INFO - No files found in Needs_Action to transfer.
2026-02-27 03:06:40,649 - INFO - No files found in Needs_Action to transfer.
2026-02-27 03:06:40,818 - INFO - Successfully transferred 0 files from Needs_Action to Done
2026-02-27 03:06:40,835 - INFO - Successfully transferred 14 files from Needs_Action to Done
2026-02-27 03:07:32,978 - INFO - Found 10 files in Needs_Action. Transferring to Done...
2026-02-27 03:07:32,981 - INFO - [OK] Moved PROCESS_EMAIL_19344d8ae4b8f956.md.md from Needs_Action to Done
2026-02-27 03:07:32,982 - INFO - [OK] Moved PROCESS_EMAIL_1934515cd565429d.md.md from Needs_Action to Done
2026-02-27 03:07:32,984 - INFO - [OK] Moved PROCESS_EMAIL_193468276532938a.md.md from Needs_Action to Done
2026-02-27 03:07:32,985 - INFO - [OK] Moved PROCESS_EMAIL_193474c4e9df1dab.md.md from Needs_Action to Done
2026-02-27 03:07:32,987 - INFO - [OK] Moved PROCESS_EMAIL_1934907a55531196.md.md from Needs_Action to Done
2026-02-27 03:07:32,989 - INFO - [OK] Moved PROCESS_EMAIL_193490fd8854e731.md.md from Needs_Action to Done
2026-02-27 03:07:32,990 - INFO - [OK] Moved PROCESS_EMAIL_19349f99c0b3d72d.md.md from Needs_Action to Done
2026-02-27 03:07:32,992 - INFO - [OK] Moved PROCESS_EMAIL_19349fc15e294614.md.md from Needs_Action to Done
2026-02-27 03:07:33,007 - INFO - [OK] Moved PROCESS_EMAIL_19349fe9d19ecf44.md.md from Needs_Action to Done
2026-02-27 03:07:33,008 - INFO - No files found in Needs_Action to transfer.
2026-02-27 03:07:33,009 - INFO - [OK] Moved PROCESS_EMAIL_1934a3e959af0fa0.md.md from Needs_Action to Done
2026-02-27 03:07:33,284 - INFO - No files found in Needs_Action to transfer.
2026-02-27 03:07:33,290 - INFO - Successfully transferred 10 files from Needs_Action to Done
2026-02-27 03:07:33,290 - INFO - No files found in Needs_Action to transfer.
2026-02-27 03:08:41,042 - INFO - Found 19 files in Needs_Action. Transferring to Done...
2026-02-27 03:08:41,043 - INFO - Found 19 files in Needs_Action. Transferring to Done...
2026-02-27 03:08:41,044 - INFO - [OK] Moved EMAIL_1933522ff756e26d.md from Needs_Action to Done
2026-02-27 03:08:41,045 - ERROR - [ERROR] Error moving file EMAIL_1933522ff756e26d.md: [WinError 2] The system cannot find the file specified
2026-02-27 03:08:41,046 - INFO - [OK] Moved EMAIL_19335655bb2fc8fb.md from Needs_Action to Done
2026-02-27 03:08:41,046 - ERROR - [ERROR] Error moving file EMAIL_19335655bb2fc8fb.md: [WinError 2] The system cannot find the file specified
2026-02-27 03:08:41,062 - INFO - [OK] Moved EMAIL_193356b723c582b8.md from Needs_Action to Done
2026-02-27 03:08:41,063 - INFO - [OK] Moved EMAIL_193356b723c582b8.md from Needs_Action to Done
2026-02-27 03:08:41,063 - ERROR - [ERROR] Error moving file EMAIL_1933598310d2166a.md: [WinError 2] The system cannot find the file specified
2026-02-27 03:08:41,064 - ERROR - [ERROR] Error moving file EMAIL_1933598310d2166a.md: [WinError 2] The system cannot find the file specified
2026-02-27 03:08:41,065 - INFO - [OK] Moved EMAIL_19336106672ea664.md from Needs_Action to Done
2026-02-27 03:08:41,065 - INFO - Found 15 files in Needs_Action. Transferring to Done...
2026-02-27 03:08:41,066 - ERROR - [ERROR] Error moving file EMAIL_19336106672ea664.md: [WinError 2] The system cannot find the file specified
2026-02-27 03:08:41,066 - INFO - [OK] Moved EMAIL_1933689e39280df5.md from Needs_Action to Done
2026-02-27 03:08:41,066 - ERROR - [ERROR] Error moving file EMAIL_19336106672ea664.md: [WinError 2] The system cannot find the file specified
2026-02-27 03:08:41,067 - ERROR - [ERROR] Error moving file EMAIL_1933689e39280df5.md: [WinError 2] The system cannot find the file specified
2026-02-27 03:08:41,068 - ERROR - [ERROR] Error moving file EMAIL_1933689e39280df5.md: [WinError 2] The system cannot find the file specified
2026-02-27 03:08:41,068 - INFO - [OK] Moved EMAIL_19337d9361497211.md from Needs_Action to Done
2026-02-27 03:08:41,068 - ERROR - [ERROR] Error moving file EMAIL_19337d9361497211.md: [WinError 2] The system cannot find the file specified
2026-02-27 03:08:41,069 - ERROR - [ERROR] Error moving file EMAIL_19337d9361497211.md: [WinError 2] The system cannot find the file specified
2026-02-27 03:08:41,070 - ERROR - [ERROR] Error moving file EMAIL_1933a8b835516e03.md: [WinError 2] The system cannot find the file specified
2026-02-27 03:08:41,071 - INFO - [OK] Moved EMAIL_1933b52fec3fd791.md from Needs_Action to Done
2026-02-27 03:08:41,071 - INFO - [OK] Moved EMAIL_1933b52fec3fd791.md from Needs_Action to Done
2026-02-27 03:08:41,072 - INFO - [OK] Moved EMAIL_1933cff92f2d60b7.md from Needs_Action to Done
2] The system cannot find the file specified
2026-02-27 03:08:41,073 - INFO - [OK] Moved EMAIL_1933cff92f2d60b7.md from Needs_Action to Done
2026-02-27 03:08:41,074 - ERROR - [ERROR] Error moving file EMAIL_1933b52fec3fd791.md: [WinError 2] The system cannot find the file specified
2026-02-27 03:08:41,075 - ERROR - [ERROR] Error moving file EMAIL_1933cff92f2d60b7.md: [WinError 2] The system cannot find the file specified
2026-02-27 03:08:41,075 - INFO - [OK] Moved EMAIL_1933d0b6cdf0c223.md from Needs_Action to Done
2026-02-27 03:08:41,075 - INFO - [OK] Moved EMAIL_1933d0b6cdf0c223.md from Needs_Action to Done
2026-02-27 03:08:41,076 - ERROR - [ERROR] Error moving file EMAIL_1933d0b6cdf0c223.md: [WinError 2] The system cannot find the file specified
2026-02-27 03:08:41,077 - INFO - [OK] Moved EMAIL_1933e1e21df89e41.md from Needs_Action to Done
2026-02-27 03:08:41,077 - INFO - [OK] Moved EMAIL_1933e1e21df89e41.md from Needs_Action to Done
2026-02-27 03:08:41,077 - ERROR - [ERROR] Error moving file EMAIL_1933e1e21df89e41.md: [WinError 2] The system cannot find the file specified
2026-02-27 03:08:41,079 - INFO - [OK] Moved EMAIL_1933fb1d935efefd.md from Needs_Action to Done
2026-02-27 03:08:41,080 - INFO - [OK] Moved EMAIL_1933fb1d935efefd.md from Needs_Action to Done
2026-02-27 03:08:41,080 - INFO - [OK] Moved EMAIL_1933fb1d935efefd.md from Needs_Action to Done
2026-02-27 03:08:41,081 - INFO - [OK] Moved EMAIL_1933fb723469283e.md from Needs_Action to Done
2026-02-27 03:08:41,082 - INFO - [OK] Moved EMAIL_1933fb723469283e.md from Needs_Action to Done
2026-02-27 03:08:41,082 - INFO - [OK] Moved EMAIL_1933fb723469283e.md from Needs_Action to Done
2026-02-27 03:08:41,094 - INFO - [OK] Moved EMAIL_1933fc3e523eae91.md from Needs_Action to Done
2026-02-27 03:08:41,095 - ERROR - [ERROR] Error moving file EMAIL_1933fc3e523eae91.md: [WinError 2] The system cannot find the file specified
2026-02-27 03:08:41,095 - INFO - [OK] Moved EMAIL_1933fc3e523eae91.md from Needs_Action to Done
2026-02-27 03:08:41,095 - INFO - Found 4 files in Needs_Action. Transferring to Done...
2026-02-27 03:08:41,096 - INFO - [OK] Moved EMAIL_1933fd6ff16d0001.md from Needs_Action to Done
2026-02-27 03:08:41,096 - ERROR - [ERROR] Error moving file EMAIL_1933fd6ff16d0001.md: [WinError 2] The system cannot find the file specified
2026-02-27 03:08:41,096 - ERROR - [ERROR] Error moving file EMAIL_1933fd6ff16d0001.md: [WinError 2] The system cannot find the file specified
2026-02-27 03:08:41,097 - ERROR - [ERROR] Error moving file EMAIL_1933fd6ff16d0001.md: [WinError 2] The system cannot find the file specified
2026-02-27 03:08:41,110 - INFO - [OK] Moved EMAIL_1934038d35887799.md from Needs_Action to Done
2026-02-27 03:08:41,110 - INFO - [OK] Moved EMAIL_1934038d35887799.md from Needs_Action to Done
2026-02-27 03:08:41,110 - INFO - [OK] Moved EMAIL_1934038d35887799.md from Needs_Action to Done
2026-02-27 03:08:41,111 - INFO - [OK] Moved EMAIL_1934038d35887799.md from Needs_Action to Done
2026-02-27 03:08:41,125 - INFO - [OK] Moved EMAIL_1934225eb36473d8.md from Needs_Action to Done
2026-02-27 03:08:41,125 - INFO - [OK] Moved EMAIL_1934225eb36473d8.md from Needs_Action to Done
2026-02-27 03:08:41,125 - INFO - [OK] Moved EMAIL_1934225eb36473d8.md from Needs_Action to Done
2026-02-27 03:08:41,125 - INFO - [OK] Moved EMAIL_1934225eb36473d8.md from Needs_Action to Done
2026-02-27 03:08:41,142 - INFO - [OK] Moved EMAIL_19344203bb60aff7.md from Needs_Action to Done
2026-02-27 03:08:41,142 - INFO - [OK] Moved EMAIL_19344203bb60aff7.md from Needs_Action to Done
2026-02-27 03:08:41,142 - INFO - [OK] Moved EMAIL_19344203bb60aff7.md from Needs_Action to Done
2026-02-27 03:08:41,395 - INFO - Successfully transferred 16 files from Needs_Action to Done
2026-02-27 03:08:41,407 - INFO - Successfully transferred 6 files from Needs_Action to Done
2026-02-27 03:08:41,408 - INFO - Successfully transferred 3 files from Needs_Action to Done
2026-02-27 03:08:41,415 - INFO - Successfully transferred 12 files from Needs_Action to Done
2026-02-27 03:09:33,527 - INFO - Found 20 files in Needs_Action. Transferring to Done...
2026-02-27 03:09:33,529 - INFO - [OK] Moved PROCESS_EMAIL_19325e54839a68bd.md.md from Needs_Action to Done
2026-02-27 03:09:33,531 - INFO - [OK] Moved PROCESS_EMAIL_19325f21f644aa68.md.md from Needs_Action to Done
2026-02-27 03:09:33,535 - INFO - [OK] Moved PROCESS_EMAIL_193260b5aba2eca7.md.md from Needs_Action to Done
2026-02-27 03:09:33,536 - INFO - [OK] Moved PROCESS_EMAIL_193265de8976f64c.md.md from Needs_Action to Done
2026-02-27 03:09:33,538 - INFO - [OK] Moved PROCESS_EMAIL_1932696a30dae53e.md.md from Needs_Action to Done
2026-02-27 03:09:33,539 - INFO - [OK] Moved PROCESS_EMAIL_19326b1fca1e21d5.md.md from Needs_Action to Done
2026-02-27 03:09:33,540 - INFO - [OK] Moved PROCESS_EMAIL_19328662645d340b.md.md from Needs_Action to Done
2026-02-27 03:09:33,542 - INFO - [OK] Moved PROCESS_EMAIL_1932a20f95f63575.md.md from Needs_Action to Done
2026-02-27 03:09:33,543 - INFO - [OK] Moved PROCESS_EMAIL_1932b056d7e11070.md.md from Needs_Action to Done
2026-02-27 03:09:33,544 - INFO - [OK] Moved PROCESS_EMAIL_1932b1870e4e930f.md.md from Needs_Action to Done
2026-02-27 03:09:33,546 - INFO - [OK] Moved PROCESS_EMAIL_1932b1a2efd1a55d.md.md from Needs_Action to Done
2026-02-27 03:09:33,548 - INFO - [OK] Moved PROCESS_EMAIL_1932bfdf1e54f3fd.md.md from Needs_Action to Done
2026-02-27 03:09:33,549 - INFO - [OK] Moved PROCESS_EMAIL_1932d8c7dac948fa.md.md from Needs_Action to Done
2026-02-27 03:09:33,551 - INFO - [OK] Moved PROCESS_EMAIL_1932d9862b8c3383.md.md from Needs_Action to Done
2026-02-27 03:09:33,553 - INFO - [OK] Moved PROCESS_EMAIL_1932dc53f27f17c0.md.md from Needs_Action to Done
2026-02-27 03:09:33,554 - INFO - [OK] Moved PROCESS_EMAIL_1932f86cb5408db9.md.md from Needs_Action to Done
2026-02-27 03:09:33,556 - INFO - [OK] Moved PROCESS_EMAIL_193302b92b789636.md.md from Needs_Action to Done
2026-02-27 03:09:33,558 - INFO - [OK] Moved PROCESS_EMAIL_193303ecd061bd73.md.md from Needs_Action to Done
2026-02-27 03:09:33,559 - INFO - [OK] Moved PROCESS_EMAIL_193306974555cc5f.md.md from Needs_Action to Done
2026-02-27 03:09:33,561 - INFO - [OK] Moved PROCESS_EMAIL_19332b2d68dcfcf4.md.md from Needs_Action to Done
2026-02-27 03:09:33,562 - INFO - No files found in Needs_Action to transfer.
2026-02-27 03:09:33,774 - INFO - No files found in Needs_Action to transfer.
2026-02-27 03:09:33,801 - INFO - Successfully transferred 20 files from Needs_Action to Done
2026-02-27 03:09:33,818 - INFO - No files found in Needs_Action to transfer.
2026-02-27 03:10:41,530 - INFO - Found 19 files in Needs_Action. Transferring to Done...
2026-02-27 03:10:41,532 - INFO - [OK] Moved EMAIL_1931a119a4c3aa8f.md from Needs_Action to Done
2026-02-27 03:10:41,534 - INFO - [OK] Moved EMAIL_1931ab5777c65ffa.md from Needs_Action to Done
2026-02-27 03:10:41,535 - INFO - [OK] Moved EMAIL_1931ba55dbaf0878.md from Needs_Action to Done
2026-02-27 03:10:41,537 - INFO - [OK] Moved EMAIL_1931bac63936eea1.md from Needs_Action to Done
2026-02-27 03:10:41,540 - INFO - [OK] Moved EMAIL_1931be4d0c05919e.md from Needs_Action to Done
2026-02-27 03:10:41,541 - INFO - [OK] Moved EMAIL_1931c370c17c5fa0.md from Needs_Action to Done
2026-02-27 03:10:41,543 - INFO - [OK] Moved EMAIL_1931e197034ccad9.md from Needs_Action to Done
2026-02-27 03:10:41,545 - INFO - [OK] Moved EMAIL_1931e512e1bd02d1.md from Needs_Action to Done
2026-02-27 03:10:41,547 - INFO - [OK] Moved EMAIL_1931fd39baac1d3d.md from Needs_Action to Done
2026-02-27 03:10:41,548 - INFO - [OK] Moved EMAIL_193200b7494219f7.md from Needs_Action to Done
2026-02-27 03:10:41,550 - INFO - [OK] Moved EMAIL_19320141a0772514.md from Needs_Action to Done
2026-02-27 03:10:41,552 - INFO - [OK] Moved EMAIL_19320cbaef77748e.md from Needs_Action to Done
2026-02-27 03:10:41,553 - INFO - [OK] Moved EMAIL_1932119f8c690dd7.md from Needs_Action to Done
2026-02-27 03:10:41,553 - INFO - Found 8 files in Needs_Action. Transferring to Done...
2026-02-27 03:10:41,555 - INFO - [OK] Moved EMAIL_1932147c28986d37.md from Needs_Action to Done
2026-02-27 03:10:41,555 - ERROR - [ERROR] Error moving file EMAIL_1932119f8c690dd7.md: [WinError 2] The system cannot find the file specified
2026-02-27 03:10:41,556 - INFO - [OK] Moved EMAIL_1932179ca1cc9ace.md from Needs_Action to Done
2026-02-27 03:10:41,557 - ERROR - [ERROR] Error moving file EMAIL_1932147c28986d37.md: [WinError 2] The system cannot find the file specified
2026-02-27 03:10:41,558 - ERROR - [ERROR] Error moving file EMAIL_1932179ca1cc9ace.md: [WinError 2] The system cannot find the file specified
2026-02-27 03:10:41,559 - INFO - [OK] Moved EMAIL_19322d39a33e1acb.md from Needs_Action to Done
2026-02-27 03:10:41,560 - ERROR - [ERROR] Error moving file EMAIL_19321e61cab29e1f.md: [WinError 2] The system cannot find the file specified
2026-02-27 03:10:41,560 - INFO - Found 4 files in Needs_Action. Transferring to Done...
2026-02-27 03:10:41,561 - ERROR - [ERROR] Error moving file EMAIL_19322d39a33e1acb.md: [WinError 2] The system cannot find the file specified
2026-02-27 03:10:41,562 - ERROR - [ERROR] Error moving file EMAIL_19322d39a33e1acb.md: [WinError 2] The system cannot find the file specified
2026-02-27 03:10:41,562 - INFO - [OK] Moved EMAIL_193234ba4f02e851.md from Needs_Action to Done
2] The system cannot find the file specified
2026-02-27 03:10:41,563 - ERROR - [ERROR] Error moving file EMAIL_193233fc4c30ff99.md: [WinError 2] The system cannot find the file specified
2026-02-27 03:10:41,564 - ERROR - [ERROR] Error moving file EMAIL_193234ba4f02e851.md: [WinError 2] The system cannot find the file specified
2026-02-27 03:10:41,564 - INFO - Found 1 files in Needs_Action. Transferring to Done...
2026-02-27 03:10:41,565 - ERROR - [ERROR] Error moving file EMAIL_193234ba4f02e851.md: [WinError 2] The system cannot find the file specified
2026-02-27 03:10:41,566 - INFO - [OK] Moved EMAIL_193254c333f3dd90.md from Needs_Action to Done
2026-02-27 03:10:41,566 - ERROR - [ERROR] Error moving file EMAIL_193254c333f3dd90.md: [WinError 2] The system cannot find the file specified
2026-02-27 03:10:41,567 - ERROR - [ERROR] Error moving file EMAIL_193254c333f3dd90.md: [WinError 2] The system cannot find the file specified
2026-02-27 03:10:41,739 - INFO - Successfully transferred 0 files from Needs_Action to Done
2026-02-27 03:10:41,740 - INFO - Successfully transferred 19 files from Needs_Action to Done
2026-02-27 03:10:41,740 - INFO - Successfully transferred 0 files from Needs_Action to Done
2026-02-27 03:10:41,743 - INFO - Successfully transferred 1 files from Needs_Action to Done
2026-02-27 03:12:42,136 - INFO - No files found in Needs_Action to transfer.
2026-02-27 03:12:42,150 - INFO - No files found in Needs_Action to transfer.
2026-02-27 03:12:42,176 - INFO - No files found in Needs_Action to transfer.
2026-02-27 03:12:42,219 - INFO - No files found in Needs_Action to transfer.
2026-02-27 03:14:42,479 - INFO - Found 13 files in Needs_Action. Transferring to Done...
2026-02-27 03:14:42,482 - INFO - [OK] Moved EMAIL_193007a14f3c54c7.md from Needs_Action to Done
2026-02-27 03:14:42,484 - INFO - [OK] Moved EMAIL_19301a33cf89f414.md from Needs_Action to Done
2026-02-27 03:14:42,484 - INFO - Found 12 files in Needs_Action. Transferring to Done...
2026-02-27 03:14:42,487 - INFO - [OK] Moved EMAIL_19301e5b45670f52.md from Needs_Action to Done
2026-02-27 03:14:42,487 - ERROR - [ERROR] Error moving file EMAIL_19301a33cf89f414.md: [WinError 2] The system cannot find the file specified
2026-02-27 03:14:42,488 - ERROR - [ERROR] Error moving file EMAIL_19301e5b45670f52.md: [WinError 2] The system cannot find the file specified
2026-02-27 03:14:42,488 - INFO - [OK] Moved EMAIL_19301e99d0a1ff69.md from Needs_Action to Done
2026-02-27 03:14:42,490 - ERROR - [ERROR] Error moving file EMAIL_19301e99d0a1ff69.md: [WinError 2] The system cannot find the file specified
2026-02-27 03:14:42,490 - INFO - [OK] Moved EMAIL_193020dd0c806a05.md from Needs_Action to Done
2026-02-27 03:14:42,491 - ERROR - [ERROR] Error moving file EMAIL_193020dd0c806a05.md: [WinError 2] The system cannot find the file specified
2026-02-27 03:14:42,492 - INFO - [OK] Moved EMAIL_1930254b213f659f.md from Needs_Action to Done
2026-02-27 03:14:42,493 - ERROR - [ERROR] Error moving file EMAIL_1930254b213f659f.md: [WinError 2] The system cannot find the file specified
2026-02-27 03:14:42,495 - INFO - [OK] Moved EMAIL_193045998c040fab.md from Needs_Action to Done
2026-02-27 03:14:42,495 - ERROR - [ERROR] Error moving file EMAIL_193045998c040fab.md: [WinError 2] The system cannot find the file specified
2026-02-27 03:14:42,497 - INFO - [OK] Moved EMAIL_19306eb307ae01e7.md from Needs_Action to Done
2026-02-27 03:14:42,498 - INFO - [OK] Moved EMAIL_19306eb307ae01e7.md from Needs_Action to Done
2026-02-27 03:14:42,500 - INFO - [OK] Moved EMAIL_19306f8b8f05d723.md from Needs_Action to Done
2026-02-27 03:14:42,500 - ERROR - [ERROR] Error moving file EMAIL_19306f8b8f05d723.md: [WinError 2] The system cannot find the file specified
2026-02-27 03:14:42,502 - INFO - [OK] Moved EMAIL_193070be7077cb7a.md from Needs_Action to Done
2026-02-27 03:14:42,505 - INFO - [OK] Moved EMAIL_193074a0a86f9ed2.md from Needs_Action to Done
2026-02-27 03:14:42,506 - INFO - [OK] Moved EMAIL_193074a0a86f9ed2.md from Needs_Action to Done
2026-02-27 03:14:42,507 - INFO - [OK] Moved EMAIL_19307e9d6d0dbcf9.md from Needs_Action to Done
2026-02-27 03:14:42,507 - ERROR - [ERROR] Error moving file EMAIL_19307e9d6d0dbcf9.md: [WinError 2] The system cannot find the file specified
2026-02-27 03:14:42,510 - INFO - [OK] Moved EMAIL_19308e75075a2c90.md from Needs_Action to Done
2026-02-27 03:14:42,510 - INFO - [OK] Moved EMAIL_19308e75075a2c90.md from Needs_Action to Done
2026-02-27 03:14:42,513 - INFO - No files found in Needs_Action to transfer.
2026-02-27 03:14:42,518 - INFO - No files found in Needs_Action to transfer.
2026-02-27 03:14:42,720 - INFO - Successfully transferred 4 files from Needs_Action to Done
2026-02-27 03:14:42,724 - INFO - Successfully transferred 13 files from Needs_Action to Done
2026-02-27 03:16:42,997 - INFO - No files found in Needs_Action to transfer.
2026-02-27 03:16:43,000 - INFO - No files found in Needs_Action to transfer.
2026-02-27 03:16:43,029 - INFO - No files found in Needs_Action to transfer.
2026-02-27 03:16:43,044 - INFO - No files found in Needs_Action to transfer.
2026-02-27 03:18:43,444 - INFO - Found 6 files in Needs_Action. Transferring to Done...
2026-02-27 03:18:43,446 - INFO - [OK] Moved EMAIL_192edcc8d22e0863.md from Needs_Action to Done
2026-02-27 03:18:43,447 - INFO - [OK] Moved EMAIL_192efc028ecfd1bf.md from Needs_Action to Done
2026-02-27 03:18:43,449 - INFO - [OK] Moved EMAIL_192f27f8f91e71ab.md from Needs_Action to Done
2026-02-27 03:18:43,450 - INFO - [OK] Moved EMAIL_192f2cddd1f63312.md from Needs_Action to Done
2026-02-27 03:18:43,452 - INFO - [OK] Moved EMAIL_192f4e694db8d7e1.md from Needs_Action to Done
2026-02-27 03:18:43,453 - INFO - [OK] Moved EMAIL_192f4f2669808f98.md from Needs_Action to Done
2026-02-27 03:18:43,471 - INFO - No files found in Needs_Action to transfer.
2026-02-27 03:18:43,480 - INFO - No files found in Needs_Action to transfer.
2026-02-27 03:18:43,491 - INFO - No files found in Needs_Action to transfer.
2026-02-27 03:18:43,645 - INFO - Successfully transferred 6 files from Needs_Action to Done
2026-02-27 03:20:44,103 - INFO - No files found in Needs_Action to transfer.
2026-02-27 03:20:44,140 - INFO - No files found in Needs_Action to transfer.
2026-02-27 03:20:44,144 - INFO - No files found in Needs_Action to transfer.
2026-02-27 03:20:44,191 - INFO - No files found in Needs_Action to transfer.
2026-02-27 03:22:44,554 - INFO - No files found in Needs_Action to transfer.
2026-02-27 03:22:44,569 - INFO - No files found in Needs_Action to transfer.
2026-02-27 03:22:44,591 - INFO - No files found in Needs_Action to transfer.
2026-02-27 03:22:44,597 - INFO - No files found in Needs_Action to transfer.
2026-02-27 03:24:45,041 - INFO - Found 12 files in Needs_Action. Transferring to Done...
2026-02-27 03:24:45,044 - INFO - [OK] Moved EMAIL_192c6992ac587872.md from Needs_Action to Done
2026-02-27 03:24:45,051 - INFO - [OK] Moved EMAIL_192c6c47dad1a1c6.md from Needs_Action to Done
2026-02-27 03:24:45,054 - INFO - [OK] Moved EMAIL_192c8ac4bd73733b.md from Needs_Action to Done
2026-02-27 03:24:45,057 - INFO - [OK] Moved EMAIL_192c93fa056be3fd.md from Needs_Action to Done
2026-02-27 03:24:45,061 - INFO - [OK] Moved EMAIL_192c98533e121ef5.md from Needs_Action to Done
2026-02-27 03:24:45,065 - INFO - [OK] Moved EMAIL_192c9d652f09fba6.md from Needs_Action to Done
2026-02-27 03:24:45,067 - INFO - [OK] Moved EMAIL_192cbeb06f7178fa.md from Needs_Action to Done
2026-02-27 03:24:45,069 - INFO - [OK] Moved EMAIL_192ce894ad498f46.md from Needs_Action to Done
2026-02-27 03:24:45,071 - INFO - [OK] Moved EMAIL_192cef4ff076989b.md from Needs_Action to Done
2026-02-27 03:24:45,073 - INFO - [OK] Moved EMAIL_192d0e5e8f040b08.md from Needs_Action to Done
2026-02-27 03:24:45,075 - INFO - [OK] Moved EMAIL_192d11197b99cbdb.md from Needs_Action to Done
2026-02-27 03:24:45,077 - INFO - [OK] Moved EMAIL_192d22f85f34131a.md from Needs_Action to Done
2026-02-27 03:24:45,081 - INFO - No files found in Needs_Action to transfer.
2026-02-27 03:24:45,129 - INFO - No files found in Needs_Action to transfer.
2026-02-27 03:24:45,133 - INFO - No files found in Needs_Action to transfer.
2026-02-27 03:24:45,333 - INFO - Successfully transferred 12 files from Needs_Action to Done
2026-02-27 03:26:45,696 - INFO - No files found in Needs_Action to transfer.
2026-02-27 03:26:45,728 - INFO - No files found in Needs_Action to transfer.
2026-02-27 03:26:45,767 - INFO - No files found in Needs_Action to transfer.
2026-02-27 03:26:45,769 - INFO - No files found in Needs_Action to transfer.
2026-03-01 04:39:22,018 - INFO - No files found in Needs_Action to transfer.
2026-03-01 04:39:22,054 - INFO - No files found in Needs_Action to transfer.
2026-03-01 04:39:43,183 - INFO - Found 10 files in Needs_Action. Transferring to Done...
2026-03-01 04:39:43,185 - INFO - [OK] Moved EMAIL_19242497c538c570.md from Needs_Action to Done
2026-03-01 04:39:43,188 - INFO - [OK] Moved EMAIL_19242555ac8217b0.md from Needs_Action to Done
2026-03-01 04:39:43,190 - INFO - [OK] Moved EMAIL_1924350496e4dd7a.md from Needs_Action to Done
2026-03-01 04:39:43,194 - INFO - [OK] Moved EMAIL_192435b036a166fa.md from Needs_Action to Done
2026-03-01 04:39:43,196 - INFO - [OK] Moved EMAIL_19243a05661116ed.md from Needs_Action to Done
2026-03-01 04:39:43,200 - INFO - [OK] Moved EMAIL_1924740d46815b09.md from Needs_Action to Done
2026-03-01 04:39:43,203 - INFO - [OK] Moved EMAIL_19247be15ab3a56c.md from Needs_Action to Done
2026-03-01 04:39:43,205 - INFO - [OK] Moved EMAIL_19247da5dada4b38.md from Needs_Action to Done
2026-03-01 04:39:43,208 - INFO - [OK] Moved EMAIL_19248845f81564c5.md from Needs_Action to Done
2026-03-01 04:39:43,211 - INFO - [OK] Moved EMAIL_19248a0f5d9a1b61.md from Needs_Action to Done
2026-03-01 04:39:43,302 - INFO - Found 1 files in Needs_Action. Transferring to Done...
2026-03-01 04:39:43,305 - INFO - [OK] Moved EMAIL_19248e6d067dfccf.md from Needs_Action to Done
2026-03-01 04:39:43,375 - INFO - Found 2 files in Needs_Action. Transferring to Done...
2026-03-01 04:39:43,377 - INFO - [OK] Moved EMAIL_1924a6ea6f988e7f.md from Needs_Action to Done
2026-03-01 04:39:43,390 - INFO - [OK] Moved EMAIL_1924d203721e33a7.md from Needs_Action to Done
2026-03-01 04:39:43,457 - INFO - Found 1 files in Needs_Action. Transferring to Done...
2026-03-01 04:39:43,461 - INFO - [OK] Moved EMAIL_1924d89cc0183dfc.md from Needs_Action to Done
2026-03-01 04:39:44,023 - INFO - Successfully transferred 10 files from Needs_Action to Done
2026-03-01 04:39:44,093 - INFO - Successfully transferred 1 files from Needs_Action to Done
2026-03-01 04:39:44,200 - INFO - Successfully transferred 2 files from Needs_Action to Done
2026-03-01 04:39:44,219 - INFO - Successfully transferred 1 files from Needs_Action to Done
2026-03-01 04:41:47,697 - INFO - No files found in Needs_Action to transfer.
2026-03-01 04:41:47,718 - INFO - No files found in Needs_Action to transfer.
2026-03-01 04:41:47,785 - INFO - No files found in Needs_Action to transfer.
2026-03-01 04:41:47,793 - INFO - No files found in Needs_Action to transfer.
2026-03-01 04:43:48,055 - INFO - No files found in Needs_Action to transfer.
2026-03-01 04:43:48,108 - INFO - No files found in Needs_Action to transfer.
2026-03-01 04:43:48,191 - INFO - No files found in Needs_Action to transfer.
2026-03-01 04:43:48,201 - INFO - No files found in Needs_Action to transfer.
2026-03-01 04:45:48,513 - INFO - No files found in Needs_Action to transfer.
2026-03-01 04:45:48,598 - INFO - No files found in Needs_Action to transfer.
2026-03-01 04:45:48,685 - INFO - No files found in Needs_Action to transfer.
2026-03-01 04:45:48,712 - INFO - No files found in Needs_Action to transfer.
2026-03-01 04:47:49,033 - INFO - No files found in Needs_Action to transfer.
2026-03-01 04:47:49,054 - INFO - No files found in Needs_Action to transfer.
2026-03-01 04:47:49,102 - INFO - No files found in Needs_Action to transfer.
2026-03-01 04:47:49,123 - INFO - No files found in Needs_Action to transfer.
2026-03-01 04:49:49,452 - INFO - No files found in Needs_Action to transfer.
2026-03-01 04:49:49,515 - INFO - No files found in Needs_Action to transfer.
2026-03-01 04:49:49,609 - INFO - No files found in Needs_Action to transfer.
2026-03-01 04:49:49,630 - INFO - No files found in Needs_Action to transfer.
2026-03-01 04:51:49,677 - INFO - No files found in Needs_Action to transfer.
2026-03-01 04:51:49,695 - INFO - No files found in Needs_Action to transfer.
2026-03-01 04:51:49,752 - INFO - No files found in Needs_Action to transfer.
2026-03-01 04:51:49,762 - INFO - No files found in Needs_Action to transfer.
2026-03-01 04:53:49,888 - INFO - No files found in Needs_Action to transfer.
2026-03-01 04:53:49,914 - INFO - No files found in Needs_Action to transfer.
2026-03-01 04:53:49,950 - INFO - No files found in Needs_Action to transfer.
2026-03-01 04:53:50,020 - INFO - No files found in Needs_Action to transfer.
2026-03-01 04:55:50,433 - INFO - No files found in Needs_Action to transfer.
2026-03-01 04:55:50,455 - INFO - No files found in Needs_Action to transfer.
2026-03-01 04:55:50,521 - INFO - No files found in Needs_Action to transfer.
2026-03-01 04:55:50,535 - INFO - No files found in Needs_Action to transfer.
2026-03-01 04:57:50,508 - INFO - No files found in Needs_Action to transfer.
2026-03-01 04:57:50,516 - INFO - No files found in Needs_Action to transfer.
2026-03-01 04:57:50,582 - INFO - No files found in Needs_Action to transfer.
2026-03-01 04:57:50,644 - INFO - No files found in Needs_Action to transfer.
2026-03-01 04:59:50,828 - INFO - No files found in Needs_Action to transfer.
2026-03-01 04:59:50,832 - INFO - No files found in Needs_Action to transfer.
2026-03-01 04:59:50,901 - INFO - No files found in Needs_Action to transfer.
2026-03-01 04:59:50,901 - INFO - No files found in Needs_Action to transfer.
2026-03-01 05:01:51,020 - INFO - No files found in Needs_Action to transfer.
2026-03-01 05:01:51,035 - INFO - No files found in Needs_Action to transfer.
2026-03-01 05:01:51,119 - INFO - No files found in Needs_Action to transfer.
2026-03-01 05:01:51,122 - INFO - No files found in Needs_Action to transfer.
2026-03-01 05:03:51,258 - INFO - No files found in Needs_Action to transfer.
2026-03-01 05:03:51,263 - INFO - No files found in Needs_Action to transfer.
2026-03-01 05:03:51,320 - INFO - No files found in Needs_Action to transfer.
2026-03-01 05:03:51,342 - INFO - No files found in Needs_Action to transfer.
2026-03-01 05:05:51,524 - INFO - No files found in Needs_Action to transfer.
2026-03-01 05:05:51,559 - INFO - No files found in Needs_Action to transfer.
2026-03-01 05:05:51,622 - INFO - No files found in Needs_Action to transfer.
2026-03-01 05:05:51,635 - INFO - No files found in Needs_Action to transfer.
2026-03-01 05:07:51,793 - INFO - No files found in Needs_Action to transfer.
2026-03-01 05:07:51,802 - INFO - No files found in Needs_Action to transfer.
2026-03-01 05:07:51,864 - INFO - No files found in Needs_Action to transfer.
2026-03-01 05:07:51,870 - INFO - No files found in Needs_Action to transfer.
2026-03-01 05:09:51,951 - INFO - No files found in Needs_Action to transfer.
2026-03-01 05:09:51,961 - INFO - No files found in Needs_Action to transfer.
2026-03-01 05:09:52,041 - INFO - No files found in Needs_Action to transfer.
2026-03-01 05:09:52,064 - INFO - No files found in Needs_Action to transfer.
2026-03-01 05:11:52,333 - INFO - No files found in Needs_Action to transfer.
2026-03-01 05:11:52,369 - INFO - No files found in Needs_Action to transfer.
2026-03-01 05:11:52,471 - INFO - No files found in Needs_Action to transfer.
2026-03-01 05:11:52,480 - INFO - No files found in Needs_Action to transfer.
2026-03-01 05:13:52,590 - INFO - No files found in Needs_Action to transfer.
2026-03-01 05:13:52,605 - INFO - No files found in Needs_Action to transfer.
2026-03-01 05:13:52,662 - INFO - No files found in Needs_Action to transfer.
2026-03-01 05:13:52,673 - INFO - No files found in Needs_Action to transfer.
2026-03-01 05:15:53,061 - INFO - No files found in Needs_Action to transfer.
2026-03-01 05:15:53,063 - INFO - No files found in Needs_Action to transfer.
2026-03-01 05:15:53,156 - INFO - No files found in Needs_Action to transfer.
2026-03-01 05:15:53,196 - INFO - No files found in Needs_Action to transfer.
2026-03-01 23:09:02,533 - INFO - Found 1 files in Needs_Action. Transferring to Done...
2026-03-01 23:09:02,536 - INFO - [OK] Moved Full_Post_Test.md from Needs_Action to Done
2026-03-01 23:09:02,551 - INFO - No files found in Needs_Action to transfer.
2026-03-01 23:09:02,752 - INFO - Successfully transferred 1 files from Needs_Action to Done
2026-03-01 23:09:23,231 - INFO - No files found in Needs_Action to transfer.
2026-03-01 23:09:23,242 - INFO - No files found in Needs_Action to transfer.
2026-03-01 23:09:23,351 - INFO - No files found in Needs_Action to transfer.
2026-03-01 23:09:23,440 - INFO - No files found in Needs_Action to transfer.
2026-03-01 23:11:23,425 - INFO - No files found in Needs_Action to transfer.
2026-03-01 23:11:23,507 - INFO - No files found in Needs_Action to transfer.
2026-03-01 23:11:23,543 - INFO - No files found in Needs_Action to transfer.
2026-03-01 23:11:23,578 - INFO - No files found in Needs_Action to transfer.
2026-03-01 23:13:23,690 - INFO - No files found in Needs_Action to transfer.
2026-03-01 23:13:23,689 - INFO - No files found in Needs_Action to transfer.
2026-03-01 23:13:23,733 - INFO - No files found in Needs_Action to transfer.
2026-03-01 23:13:23,790 - INFO - No files found in Needs_Action to transfer.
2026-03-01 23:15:23,850 - INFO - No files found in Needs_Action to transfer.
2026-03-01 23:15:23,903 - INFO - No files found in Needs_Action to transfer.
2026-03-01 23:15:23,910 - INFO - No files found in Needs_Action to transfer.
2026-03-01 23:15:23,920 - INFO - No files found in Needs_Action to transfer.
2026-03-01 23:17:24,224 - INFO - No files found in Needs_Action to transfer.
2026-03-01 23:17:24,321 - INFO - No files found in Needs_Action to transfer.
2026-03-01 23:17:24,330 - INFO - No files found in Needs_Action to transfer.
2026-03-01 23:17:24,418 - INFO - No files found in Needs_Action to transfer.
2026-03-01 23:19:24,182 - INFO - No files found in Needs_Action to transfer.
2026-03-01 23:19:24,184 - INFO - No files found in Needs_Action to transfer.
2026-03-01 23:19:24,240 - INFO - No files found in Needs_Action to transfer.
2026-03-01 23:19:24,243 - INFO - No files found in Needs_Action to transfer.
2026-03-01 23:21:24,522 - INFO - No files found in Needs_Action to transfer.
2026-03-01 23:21:24,591 - INFO - No files found in Needs_Action to transfer.
2026-03-01 23:21:24,612 - INFO - No files found in Needs_Action to transfer.
2026-03-01 23:21:24,667 - INFO - No files found in Needs_Action to transfer.
2026-03-01 23:23:24,821 - INFO - No files found in Needs_Action to transfer.
2026-03-01 23:23:24,834 - INFO - No files found in Needs_Action to transfer.
2026-03-01 23:23:24,843 - INFO - No files found in Needs_Action to transfer.
2026-03-01 23:23:24,873 - INFO - No files found in Needs_Action to transfer.
2026-03-01 23:25:24,916 - INFO - No files found in Needs_Action to transfer.
2026-03-01 23:25:24,919 - INFO - No files found in Needs_Action to transfer.
2026-03-01 23:25:24,992 - INFO - No files found in Needs_Action to transfer.
2026-03-01 23:25:24,996 - INFO - No files found in Needs_Action to transfer.
2026-03-01 23:27:25,245 - INFO - No files found in Needs_Action to transfer.
2026-03-01 23:27:25,275 - INFO - No files found in Needs_Action to transfer.
2026-03-01 23:27:25,292 - INFO - No files found in Needs_Action to transfer.
2026-03-01 23:27:25,333 - INFO - No files found in Needs_Action to transfer.
2026-03-01 23:29:25,281 - INFO - No files found in Needs_Action to transfer.
2026-03-01 23:29:25,329 - INFO - No files found in Needs_Action to transfer.
2026-03-01 23:29:25,378 - INFO - No files found in Needs_Action to transfer.
2026-03-01 23:29:25,400 - INFO - No files found in Needs_Action to transfer.
2026-03-01 23:31:25,394 - INFO - No files found in Needs_Action to transfer.
2026-03-01 23:31:25,406 - INFO - No files found in Needs_Action to transfer.
2026-03-01 23:31:25,461 - INFO - No files found in Needs_Action to transfer.
2026-03-01 23:31:25,485 - INFO - No files found in Needs_Action to transfer.
2026-03-01 23:33:25,776 - INFO - No files found in Needs_Action to transfer.
2026-03-01 23:33:25,776 - INFO - No files found in Needs_Action to transfer.
2026-03-01 23:33:25,906 - INFO - No files found in Needs_Action to transfer.
2026-03-01 23:33:25,924 - INFO - No files found in Needs_Action to transfer.
2026-03-01 23:35:25,972 - INFO - No files found in Needs_Action to transfer.
2026-03-01 23:35:26,023 - INFO - No files found in Needs_Action to transfer.
2026-03-01 23:35:26,063 - INFO - No files found in Needs_Action to transfer.
2026-03-01 23:35:26,081 - INFO - No files found in Needs_Action to transfer.
2026-03-01 23:37:26,151 - INFO - No files found in Needs_Action to transfer.
2026-03-01 23:37:26,153 - INFO - No files found in Needs_Action to transfer.
2026-03-01 23:37:26,197 - INFO - No files found in Needs_Action to transfer.
2026-03-01 23:37:26,212 - INFO - No files found in Needs_Action to transfer.
2026-03-01 23:39:26,388 - INFO - No files found in Needs_Action to transfer.
2026-03-01 23:39:26,404 - INFO - No files found in Needs_Action to transfer.
2026-03-01 23:39:26,423 - INFO - No files found in Needs_Action to transfer.
2026-03-01 23:39:26,450 - INFO - No files found in Needs_Action to transfer.
2026-03-01 23:41:26,546 - INFO - No files found in Needs_Action to transfer.
2026-03-01 23:41:26,583 - INFO - No files found in Needs_Action to transfer.
2026-03-01 23:41:26,608 - INFO - No files found in Needs_Action to transfer.
2026-03-01 23:41:26,618 - INFO - No files found in Needs_Action to transfer.
2026-03-01 23:43:26,834 - INFO - No files found in Needs_Action to transfer.
2026-03-01 23:43:26,845 - INFO - No files found in Needs_Action to transfer.
2026-03-01 23:43:26,853 - INFO - No files found in Needs_Action to transfer.
2026-03-01 23:43:26,925 - INFO - No files found in Needs_Action to transfer.
2026-03-01 23:45:27,016 - INFO - No files found in Needs_Action to transfer.
2026-03-01 23:45:27,031 - INFO - No files found in Needs_Action to transfer.
2026-03-01 23:45:27,049 - INFO - No files found in Needs_Action to transfer.
2026-03-01 23:45:27,085 - INFO - No files found in Needs_Action to transfer.
2026-03-01 23:47:27,268 - INFO - No files found in Needs_Action to transfer.
2026-03-01 23:47:27,299 - INFO - No files found in Needs_Action to transfer.
2026-03-01 23:47:27,332 - INFO - No files found in Needs_Action to transfer.
2026-03-01 23:47:27,438 - INFO - No files found in Needs_Action to transfer.
2026-03-01 23:49:27,598 - INFO - No files found in Needs_Action to transfer.
2026-03-01 23:49:27,681 - INFO - No files found in Needs_Action to transfer.
2026-03-01 23:49:27,722 - INFO - No files found in Needs_Action to transfer.
2026-03-01 23:49:27,782 - INFO - No files found in Needs_Action to transfer.
2026-03-01 23:51:27,675 - INFO - No files found in Needs_Action to transfer.
2026-03-01 23:51:27,682 - INFO - No files found in Needs_Action to transfer.
2026-03-01 23:51:27,703 - INFO - No files found in Needs_Action to transfer.
2026-03-01 23:51:27,707 - INFO - No files found in Needs_Action to transfer.
2026-03-01 23:53:27,907 - INFO - No files found in Needs_Action to transfer.
2026-03-01 23:53:27,949 - INFO - No files found in Needs_Action to transfer.
2026-03-01 23:53:27,960 - INFO - No files found in Needs_Action to transfer.
2026-03-01 23:53:27,963 - INFO - No files found in Needs_Action to transfer.
2026-03-01 23:55:28,168 - INFO - No files found in Needs_Action to transfer.
2026-03-01 23:55:28,218 - INFO - No files found in Needs_Action to transfer.
2026-03-01 23:55:28,222 - INFO - No files found in Needs_Action to transfer.
2026-03-01 23:55:28,246 - INFO - No files found in Needs_Action to transfer.
2026-03-01 23:57:28,446 - INFO - No files found in Needs_Action to transfer.
2026-03-01 23:57:28,454 - INFO - No files found in Needs_Action to transfer.
2026-03-01 23:57:28,512 - INFO - No files found in Needs_Action to transfer.
2026-03-01 23:57:28,522 - INFO - No files found in Needs_Action to transfer.
2026-03-01 23:59:28,610 - INFO - No files found in Needs_Action to transfer.
2026-03-01 23:59:28,685 - INFO - No files found in Needs_Action to transfer.
2026-03-01 23:59:28,702 - INFO - No files found in Needs_Action to transfer.
2026-03-01 23:59:28,707 - INFO - No files found in Needs_Action to transfer.
2026-03-02 00:01:28,786 - INFO - No files found in Needs_Action to transfer.
2026-03-02 00:01:28,917 - INFO - No files found in Needs_Action to transfer.
2026-03-02 00:01:28,929 - INFO - No files found in Needs_Action to transfer.
2026-03-02 00:01:28,997 - INFO - No files found in Needs_Action to transfer.
2026-03-02 00:03:28,853 - INFO - No files found in Needs_Action to transfer.
2026-03-02 00:03:28,865 - INFO - No files found in Needs_Action to transfer.
2026-03-02 00:03:28,894 - INFO - No files found in Needs_Action to transfer.
2026-03-02 00:03:28,928 - INFO - No files found in Needs_Action to transfer.
2026-03-02 00:05:29,225 - INFO - No files found in Needs_Action to transfer.
2026-03-02 00:05:29,356 - INFO - No files found in Needs_Action to transfer.
2026-03-02 00:05:29,414 - INFO - No files found in Needs_Action to transfer.
2026-03-02 00:05:29,420 - INFO - No files found in Needs_Action to transfer.
2026-03-02 00:07:29,327 - INFO - No files found in Needs_Action to transfer.
2026-03-02 00:07:29,348 - INFO - No files found in Needs_Action to transfer.
2026-03-02 00:07:29,355 - INFO - No files found in Needs_Action to transfer.
2026-03-02 00:07:29,382 - INFO - No files found in Needs_Action to transfer.
2026-03-02 00:09:29,540 - INFO - No files found in Needs_Action to transfer.
2026-03-02 00:09:29,555 - INFO - No files found in Needs_Action to transfer.
2026-03-02 00:09:29,588 - INFO - No files found in Needs_Action to transfer.
2026-03-02 00:09:29,656 - INFO - No files found in Needs_Action to transfer.
2026-03-02 00:11:29,739 - INFO - No files found in Needs_Action to transfer.
2026-03-02 00:11:29,803 - INFO - No files found in Needs_Action to transfer.
2026-03-02 00:11:29,826 - INFO - No files found in Needs_Action to transfer.
2026-03-02 00:11:29,852 - INFO - No files found in Needs_Action to transfer.
2026-03-02 00:13:30,030 - INFO - No files found in Needs_Action to transfer.
2026-03-02 00:13:30,052 - INFO - No files found in Needs_Action to transfer.
2026-03-02 00:13:30,064 - INFO - No files found in Needs_Action to transfer.
2026-03-02 00:13:30,070 - INFO - No files found in Needs_Action to transfer.
2026-03-02 00:15:30,165 - INFO - No files found in Needs_Action to transfer.
2026-03-02 00:15:30,208 - INFO - No files found in Needs_Action to transfer.
2026-03-02 00:15:30,245 - INFO - No files found in Needs_Action to transfer.
2026-03-02 00:15:30,297 - INFO - No files found in Needs_Action to transfer.
2026-03-02 00:17:30,327 - INFO - No files found in Needs_Action to transfer.
2026-03-02 00:17:30,393 - INFO - No files found in Needs_Action to transfer.
2026-03-02 00:17:30,402 - INFO - No files found in Needs_Action to transfer.
2026-03-02 00:17:30,444 - INFO - No files found in Needs_Action to transfer.
2026-03-02 00:19:32,976 - INFO - No files found in Needs_Action to transfer.
2026-03-02 00:19:32,985 - INFO - No files found in Needs_Action to transfer.
2026-03-02 00:19:33,003 - INFO - No files found in Needs_Action to transfer.
2026-03-02 00:19:33,017 - INFO - No files found in Needs_Action to transfer.
2026-03-02 00:21:30,865 - INFO - No files found in Needs_Action to transfer.
2026-03-02 00:21:30,912 - INFO - No files found in Needs_Action to transfer.
2026-03-02 00:21:30,922 - INFO - No files found in Needs_Action to transfer.
2026-03-02 00:21:30,926 - INFO - No files found in Needs_Action to transfer.
2026-03-02 00:23:31,212 - INFO - No files found in Needs_Action to transfer.
2026-03-02 00:23:31,224 - INFO - No files found in Needs_Action to transfer.
2026-03-02 00:23:31,237 - INFO - No files found in Needs_Action to transfer.
2026-03-02 00:23:31,309 - INFO - No files found in Needs_Action to transfer.
2026-03-02 00:25:31,442 - INFO - No files found in Needs_Action to transfer.
2026-03-02 00:25:31,498 - INFO - No files found in Needs_Action to transfer.
2026-03-02 00:25:31,515 - INFO - No files found in Needs_Action to transfer.
2026-03-02 00:25:31,536 - INFO - No files found in Needs_Action to transfer.
2026-03-02 00:27:31,711 - INFO - No files found in Needs_Action to transfer.
2026-03-02 00:27:31,731 - INFO - No files found in Needs_Action to transfer.
2026-03-02 00:27:31,822 - INFO - No files found in Needs_Action to transfer.
2026-03-02 00:27:31,921 - INFO - No files found in Needs_Action to transfer.
2026-03-02 00:29:32,085 - INFO - No files found in Needs_Action to transfer.
2026-03-02 00:29:32,106 - INFO - No files found in Needs_Action to transfer.
2026-03-02 00:29:32,117 - INFO - No files found in Needs_Action to transfer.
2026-03-02 00:29:32,151 - INFO - No files found in Needs_Action to transfer.
2026-03-02 00:31:32,401 - INFO - No files found in Needs_Action to transfer.
2026-03-02 00:31:32,467 - INFO - No files found in Needs_Action to transfer.
2026-03-02 00:31:32,468 - INFO - No files found in Needs_Action to transfer.
2026-03-02 00:31:32,552 - INFO - No files found in Needs_Action to transfer.
2026-03-02 00:33:32,556 - INFO - No files found in Needs_Action to transfer.
2026-03-02 00:33:32,560 - INFO - No files found in Needs_Action to transfer.
2026-03-02 00:33:32,618 - INFO - No files found in Needs_Action to transfer.
2026-03-02 00:33:32,618 - INFO - No files found in Needs_Action to transfer.
2026-03-02 00:35:33,041 - INFO - No files found in Needs_Action to transfer.
2026-03-02 00:35:33,052 - INFO - No files found in Needs_Action to transfer.
2026-03-02 00:35:33,138 - INFO - No files found in Needs_Action to transfer.
2026-03-02 00:35:33,165 - INFO - No files found in Needs_Action to transfer.
2026-03-02 00:37:33,318 - INFO - No files found in Needs_Action to transfer.
2026-03-02 00:37:33,354 - INFO - No files found in Needs_Action to transfer.
2026-03-02 00:37:33,430 - INFO - No files found in Needs_Action to transfer.
2026-03-02 00:37:33,526 - INFO - No files found in Needs_Action to transfer.
2026-03-02 00:39:33,379 - INFO - No files found in Needs_Action to transfer.
2026-03-02 00:39:33,423 - INFO - No files found in Needs_Action to transfer.
2026-03-02 00:39:33,432 - INFO - No files found in Needs_Action to transfer.
2026-03-02 00:39:33,447 - INFO - No files found in Needs_Action to transfer.
2026-03-02 00:41:33,594 - INFO - No files found in Needs_Action to transfer.
2026-03-02 00:41:33,636 - INFO - No files found in Needs_Action to transfer.
2026-03-02 00:41:33,682 - INFO - No files found in Needs_Action to transfer.
2026-03-02 00:41:33,728 - INFO - No files found in Needs_Action to transfer.
2026-03-02 00:43:33,817 - INFO - No files found in Needs_Action to transfer.
2026-03-02 00:43:33,862 - INFO - No files found in Needs_Action to transfer.
2026-03-02 00:43:33,863 - INFO - No files found in Needs_Action to transfer.
2026-03-02 00:43:33,892 - INFO - No files found in Needs_Action to transfer.
2026-03-02 00:44:13,036 - INFO - No files found in Needs_Action to transfer.
2026-03-02 00:44:13,068 - INFO - No files found in Needs_Action to transfer.
2026-03-02 00:44:29,813 - INFO - No files found in Needs_Action to transfer.
2026-03-02 00:44:29,824 - INFO - No files found in Needs_Action to transfer.
2026-03-02 00:44:29,890 - INFO - No files found in Needs_Action to transfer.
2026-03-02 00:44:29,937 - INFO - No files found in Needs_Action to transfer.
2026-03-02 00:45:29,808 - INFO - No files found in Needs_Action to transfer.
2026-03-02 00:45:29,818 - INFO - No files found in Needs_Action to transfer.
2026-03-02 00:45:34,043 - INFO - No files found in Needs_Action to transfer.
2026-03-02 00:45:34,123 - INFO - No files found in Needs_Action to transfer.
2026-03-02 00:45:34,132 - INFO - No files found in Needs_Action to transfer.
2026-03-02 00:45:34,149 - INFO - No files found in Needs_Action to transfer.
2026-03-02 00:45:39,996 - INFO - No files found in Needs_Action to transfer.
2026-03-02 00:45:40,033 - INFO - No files found in Needs_Action to transfer.
2026-03-02 00:47:34,166 - INFO - No files found in Needs_Action to transfer.
2026-03-02 00:47:34,217 - INFO - No files found in Needs_Action to transfer.
2026-03-02 00:47:34,232 - INFO - No files found in Needs_Action to transfer.
2026-03-02 00:47:34,251 - INFO - No files found in Needs_Action to transfer.
2026-03-02 00:49:34,586 - INFO - No files found in Needs_Action to transfer.
2026-03-02 00:49:34,706 - INFO - No files found in Needs_Action to transfer.
2026-03-02 00:49:34,769 - INFO - No files found in Needs_Action to transfer.
2026-03-02 00:49:34,813 - INFO - No files found in Needs_Action to transfer.
2026-03-02 00:51:34,647 - INFO - No files found in Needs_Action to transfer.
2026-03-02 00:51:34,664 - INFO - No files found in Needs_Action to transfer.
2026-03-02 00:51:34,687 - INFO - No files found in Needs_Action to transfer.
2026-03-02 00:51:34,689 - INFO - No files found in Needs_Action to transfer.
2026-03-02 00:53:34,815 - INFO - No files found in Needs_Action to transfer.
2026-03-02 00:53:34,827 - INFO - No files found in Needs_Action to transfer.
2026-03-02 00:53:34,875 - INFO - No files found in Needs_Action to transfer.
2026-03-02 00:53:34,888 - INFO - No files found in Needs_Action to transfer.
2026-03-02 00:53:38,655 - INFO - No files found in Needs_Action to transfer.
2026-03-02 00:53:38,657 - INFO - No files found in Needs_Action to transfer.
2026-03-02 00:53:41,512 - INFO - No files found in Needs_Action to transfer.
2026-03-02 00:53:41,532 - INFO - No files found in Needs_Action to transfer.
2026-03-02 00:53:43,670 - INFO - No files found in Needs_Action to transfer.
2026-03-02 00:53:46,126 - INFO - No files found in Needs_Action to transfer.
2026-03-02 00:53:46,129 - INFO - No files found in Needs_Action to transfer.
2026-03-02 00:53:48,227 - INFO - No files found in Needs_Action to transfer.
2026-03-02 00:53:48,253 - INFO - No files found in Needs_Action to transfer.
2026-03-02 00:55:32,364 - INFO - No files found in Needs_Action to transfer.
2026-03-02 00:55:32,377 - INFO - No files found in Needs_Action to transfer.
