Starting Gmail polling...
Starting Gmail polling (checking every 60s for is:unread)...
Checking for new emails at 2026-02-23 21:18:39.140151
Created email file: EMAIL_19ba48ede79071b5.md
Marked email 19ba48ede79071b5 as read
Created email file: EMAIL_19ba3658cb1ae9e7.md
Marked email 19ba3658cb1ae9e7 as read
Created email file: EMAIL_19ba14865d53d9f5.md
Marked email 19ba14865d53d9f5 as read
Created email file: EMAIL_19ba07bc8e9c649b.md
Marked email 19ba07bc8e9c649b as read
Created email file: EMAIL_19b9f4823fd168b5.md
Marked email 19b9f4823fd168b5 as read
Created email file: EMAIL_19b9d363563c9bd4.md
Marked email 19b9d363563c9bd4 as read
Created email file: EMAIL_19b9b55d57815c13.md
Marked email 19b9b55d57815c13 as read
Created email file: EMAIL_19b9858d0fa80e32.md
Marked email 19b9858d0fa80e32 as read
Created email file: EMAIL_19b97e7193a41ece.md
Marked email 19b97e7193a41ece as read
Created email file: EMAIL_19b962f78c86a937.md
Marked email 19b962f78c86a937 as read
Processed 10 new emails
Waiting 60 seconds before next check...
Checking for new emails at 2026-02-23 21:19:48.736728
Created email file: EMAIL_19b94fb794614c64.md
Marked email 19b94fb794614c64 as read
Created email file: EMAIL_19b92e985b0fb408.md
Marked email 19b92e985b0fb408 as read
Created email file: EMAIL_19b92419f4eebf8a.md
Marked email 19b92419f4eebf8a as read
Created email file: EMAIL_19b92419c70b40db.md
Marked email 19b92419c70b40db as read
Created email file: EMAIL_19b9161f30c1cd15.md
Marked email 19b9161f30c1cd15 as read
Created email file: EMAIL_19b91088d6f73367.md
Marked email 19b91088d6f73367 as read
Created email file: EMAIL_19b8fd86cf4ebf92.md
Marked email 19b8fd86cf4ebf92 as read
Created email file: EMAIL_19b8fd510d06b2f5.md
Marked email 19b8fd510d06b2f5 as read
Created email file: EMAIL_19b8fc01ccea970b.md
Marked email 19b8fc01ccea970b as read
Created email file: EMAIL_19b8fb528a2e8049.md
Marked email 19b8fb528a2e8049 as read
Processed 10 new emails
Waiting 60 seconds before next check...

Gmail polling stopped by user.
Starting Gmail polling...
Starting Gmail polling (checking every 60s for is:unread)...
Checking for new emails at 2026-02-25 02:19:13.257949
Created email file: EMAIL_19b34569f82a034d.md
Marked email 19b34569f82a034d as read
Created email file: EMAIL_19b33cd370b9eca9.md
Marked email 19b33cd370b9eca9 as read
Created email file: EMAIL_19b2f2f8773b9df3.md
Marked email 19b2f2f8773b9df3 as read
Created email file: EMAIL_19b2a09713f320a7.md
Marked email 19b2a09713f320a7 as read
Created email file: EMAIL_19b27b4c27d0a88e.md
Marked email 19b27b4c27d0a88e as read
Created email file: EMAIL_19b26945c4508048.md
Marked email 19b26945c4508048 as read
Created email file: EMAIL_19b24e39b10ea01c.md
Marked email 19b24e39b10ea01c as read
Created email file: EMAIL_19b21e1930f1992d.md
Marked email 19b21e1930f1992d as read
Created email file: EMAIL_19b218599953218d.md
Marked email 19b218599953218d as read
Created email file: EMAIL_19b211d8c633a673.md
Marked email 19b211d8c633a673 as read
Processed 10 new emails
Waiting 60 seconds before next check...
Checking for new emails at 2026-02-25 02:20:24.010543
Created email file: EMAIL_19b1fbcd32f4c7e2.md
Marked email 19b1fbcd32f4c7e2 as read
Created email file: EMAIL_19b1a961a57f4bee.md
Marked email 19b1a961a57f4bee as read
Created email file: EMAIL_19b15708ad0f2b0f.md
Marked email 19b15708ad0f2b0f as read
Created email file: EMAIL_19b1215497ae29b5.md
Marked email 19b1215497ae29b5 as read
Created email file: EMAIL_19b11f22a48ba1d1.md
Marked email 19b11f22a48ba1d1 as read
Created email file: EMAIL_19b11605662d3b56.md
Marked email 19b11605662d3b56 as read
Created email file: EMAIL_19b104a0f6b8667d.md
Marked email 19b104a0f6b8667d as read
Created email file: EMAIL_19b0dea60492cb28.md
Marked email 19b0dea60492cb28 as read
Created email file: EMAIL_19b0b23c2626b273.md
Marked email 19b0b23c2626b273 as read
Created email file: EMAIL_19b06a26ba3d8fba.md
Marked email 19b06a26ba3d8fba as read
Processed 10 new emails
Waiting 60 seconds before next check...
Checking for new emails at 2026-02-25 02:21:31.277686
Created email file: EMAIL_19b05fd72fd3efe2.md
Marked email 19b05fd72fd3efe2 as read
Created email file: EMAIL_19b042aa7ba6d6e6.md
Marked email 19b042aa7ba6d6e6 as read
Created email file: EMAIL_19b0185cc36a319e.md
Marked email 19b0185cc36a319e as read
Created email file: EMAIL_19b00d6ac7cf9be2.md
Marked email 19b00d6ac7cf9be2 as read
Created email file: EMAIL_19afe830f6323647.md
Marked email 19afe830f6323647 as read
Created email file: EMAIL_19afcc2b6c164baa.md
Marked email 19afcc2b6c164baa as read
Created email file: EMAIL_19afc870a2337495.md
Marked email 19afc870a2337495 as read
Created email file: EMAIL_19afbb00e8fb5586.md
Marked email 19afbb00e8fb5586 as read
Created email file: EMAIL_19af689e26a9ff56.md
Marked email 19af689e26a9ff56 as read
Created email file: EMAIL_19af41e76d123364.md
Marked email 19af41e76d123364 as read
Processed 10 new emails
Waiting 60 seconds before next check...
Checking for new emails at 2026-02-25 02:22:38.573368
Created email file: EMAIL_19af163d5af754c4.md
Marked email 19af163d5af754c4 as read
Created email file: EMAIL_19aee7dfd8af4be1.md
Marked email 19aee7dfd8af4be1 as read
Created email file: EMAIL_19aed8ac9ab2e336.md
Marked email 19aed8ac9ab2e336 as read
Created email file: EMAIL_19aec3d774151682.md
Marked email 19aec3d774151682 as read
Created email file: EMAIL_19ae961312a5741c.md
Marked email 19ae961312a5741c as read
Created email file: EMAIL_19ae8e67c0f293ad.md
Marked email 19ae8e67c0f293ad as read
Created email file: EMAIL_19ae8728367c64c9.md
Marked email 19ae8728367c64c9 as read
Created email file: EMAIL_19ae71689190e15e.md
Marked email 19ae71689190e15e as read
Created email file: EMAIL_19ae38e37064bde3.md
Marked email 19ae38e37064bde3 as read
Created email file: EMAIL_19ae1f0ee3083a4a.md
Marked email 19ae1f0ee3083a4a as read
Processed 10 new emails
Waiting 60 seconds before next check...
Checking for new emails at 2026-02-25 02:23:46.064270
Created email file: EMAIL_19ad683d01d4f6aa.md
Marked email 19ad683d01d4f6aa as read
Created email file: EMAIL_19ad55e7de66d690.md
Marked email 19ad55e7de66d690 as read
Created email file: EMAIL_19ad27d6eab0c4c3.md
Marked email 19ad27d6eab0c4c3 as read
Created email file: EMAIL_19ad1632cc704ebb.md
Marked email 19ad1632cc704ebb as read
Created email file: EMAIL_19acd5744a0bfb66.md
Marked email 19acd5744a0bfb66 as read
Created email file: EMAIL_19acbbc8724c3e02.md
Marked email 19acbbc8724c3e02 as read
Created email file: EMAIL_19acb4817692b2ca.md
Marked email 19acb4817692b2ca as read
Created email file: EMAIL_19acaee195713191.md
Marked email 19acaee195713191 as read
Created email file: EMAIL_19ac954b92b28f0b.md
Marked email 19ac954b92b28f0b as read
Created email file: EMAIL_19ac5d57cc263071.md
Marked email 19ac5d57cc263071 as read
Processed 10 new emails
Waiting 60 seconds before next check...
Checking for new emails at 2026-02-25 02:24:53.388009
Created email file: EMAIL_19aa488b56077aac.md
Marked email 19aa488b56077aac as read
Created email file: EMAIL_19aa1c36d9b474ed.md
Marked email 19aa1c36d9b474ed as read
Created email file: EMAIL_19a9d8015c447be0.md
Marked email 19a9d8015c447be0 as read
Created email file: EMAIL_19a9beead644670a.md
Marked email 19a9beead644670a as read
Created email file: EMAIL_19a9be502edee98b.md
Marked email 19a9be502edee98b as read
Created email file: EMAIL_19a9a2a45c46148b.md
Marked email 19a9a2a45c46148b as read
Created email file: EMAIL_19a994ea1c9c7cd5.md
Marked email 19a994ea1c9c7cd5 as read
Created email file: EMAIL_19a97a40bae43167.md
Marked email 19a97a40bae43167 as read
Created email file: EMAIL_19a95f10e61e5b62.md
Marked email 19a95f10e61e5b62 as read
Created email file: EMAIL_19a91dd79f80c0d9.md
Marked email 19a91dd79f80c0d9 as read
Processed 10 new emails
Waiting 60 seconds before next check...
Checking for new emails at 2026-02-25 02:26:00.852700
Created email file: EMAIL_19a917ffe7eada59.md
Marked email 19a917ffe7eada59 as read
Created email file: EMAIL_19a877d074a331c2.md
Marked email 19a877d074a331c2 as read
Created email file: EMAIL_19a822c930f7739c.md
Marked email 19a822c930f7739c as read
Created email file: EMAIL_19a7e6212e154ee6.md
Marked email 19a7e6212e154ee6 as read
Created email file: EMAIL_19a7d1a09ecef15e.md
Marked email 19a7d1a09ecef15e as read
Created email file: EMAIL_19a796782231c40d.md
Marked email 19a796782231c40d as read
Created email file: EMAIL_19a78955688bfab1.md
Marked email 19a78955688bfab1 as read
Created email file: EMAIL_19a783030535de57.md
Marked email 19a783030535de57 as read
Created email file: EMAIL_19a70f37f2a5123f.md
Marked email 19a70f37f2a5123f as read
Created email file: EMAIL_19a6eb151d084b75.md
Marked email 19a6eb151d084b75 as read
Processed 10 new emails
Waiting 60 seconds before next check...
Checking for new emails at 2026-02-25 02:27:07.687841
Created email file: EMAIL_19a6b7e2e78449b4.md
Marked email 19a6b7e2e78449b4 as read
Created email file: EMAIL_19a6b11a2fb22d64.md
Marked email 19a6b11a2fb22d64 as read
Created email file: EMAIL_19a6657d5dd5c37b.md
Marked email 19a6657d5dd5c37b as read
Created email file: EMAIL_19a636e6f01b8d51.md
Marked email 19a636e6f01b8d51 as read
Created email file: EMAIL_19a6131ec35fb999.md
Marked email 19a6131ec35fb999 as read
Created email file: EMAIL_19a5c0b17446694c.md
Marked email 19a5c0b17446694c as read
Created email file: EMAIL_19a5ae93039a6cad.md
Marked email 19a5ae93039a6cad as read
Created email file: EMAIL_19a5a2b6581c06fa.md
Marked email 19a5a2b6581c06fa as read
Created email file: EMAIL_19a58fa6b432a965.md
Marked email 19a58fa6b432a965 as read
Created email file: EMAIL_19a56e4bd08bb3a7.md
Marked email 19a56e4bd08bb3a7 as read
Processed 10 new emails
Waiting 60 seconds before next check...
Checking for new emails at 2026-02-25 02:28:14.932307
Created email file: EMAIL_19a522f264c3bb3e.md
Marked email 19a522f264c3bb3e as read
Created email file: EMAIL_19a51bedc039bb5b.md
Marked email 19a51bedc039bb5b as read
Created email file: EMAIL_19a5107375e97a58.md
Marked email 19a5107375e97a58 as read
Created email file: EMAIL_19a4c9863772246a.md
Marked email 19a4c9863772246a as read
Created email file: EMAIL_19a4a8de60b86960.md
Marked email 19a4a8de60b86960 as read
Created email file: EMAIL_19a4843989904768.md
Marked email 19a4843989904768 as read
Created email file: EMAIL_19a4771fa02fb9c1.md
Marked email 19a4771fa02fb9c1 as read
Created email file: EMAIL_19a424bb5bc9eb20.md
Marked email 19a424bb5bc9eb20 as read
Created email file: EMAIL_19a3ef9c4be2e359.md
Marked email 19a3ef9c4be2e359 as read
Created email file: EMAIL_19a3d24e926e61d1.md
Marked email 19a3d24e926e61d1 as read
Processed 10 new emails
Waiting 60 seconds before next check...
Checking for new emails at 2026-02-25 02:29:22.391576
Created email file: EMAIL_19a3d1db879666b7.md
Marked email 19a3d1db879666b7 as read
Created email file: EMAIL_19a3b840d0af6baa.md
Marked email 19a3b840d0af6baa as read
Created email file: EMAIL_19a3b7f794821190.md
Marked email 19a3b7f794821190 as read
Created email file: EMAIL_19a3b7654ee237f2.md
Marked email 19a3b7654ee237f2 as read
Created email file: EMAIL_19a3aac2ab5ef17c.md
Marked email 19a3aac2ab5ef17c as read
Created email file: EMAIL_19a3857a1d444185.md
Marked email 19a3857a1d444185 as read
Created email file: EMAIL_19a37ff099f02429.md
Marked email 19a37ff099f02429 as read
Created email file: EMAIL_19a349cf14e08777.md
Marked email 19a349cf14e08777 as read
Created email file: EMAIL_19a32d884eee3b7c.md
Marked email 19a32d884eee3b7c as read
Created email file: EMAIL_19a2db215c118896.md
Marked email 19a2db215c118896 as read
Processed 10 new emails
Waiting 60 seconds before next check...
Checking for new emails at 2026-02-25 02:30:29.580126
Created email file: EMAIL_19a2bf021b2ff161.md
Marked email 19a2bf021b2ff161 as read
Created email file: EMAIL_19a28fc223f0f578.md
Marked email 19a28fc223f0f578 as read
Created email file: EMAIL_19a288b653576e3e.md
Marked email 19a288b653576e3e as read
Created email file: EMAIL_19a27bbb2195cb11.md
Marked email 19a27bbb2195cb11 as read
Created email file: EMAIL_19a2442691a0b6a3.md
Marked email 19a2442691a0b6a3 as read
Created email file: EMAIL_19a2365b5b619ea2.md
Marked email 19a2365b5b619ea2 as read
Created email file: EMAIL_19a1f0cd5a00e40a.md
Marked email 19a1f0cd5a00e40a as read
Created email file: EMAIL_19a1e3ec5bc981f0.md
Marked email 19a1e3ec5bc981f0 as read
Created email file: EMAIL_19a1918236c581f0.md
Marked email 19a1918236c581f0 as read
Created email file: EMAIL_19a1790b1112eb3b.md
Marked email 19a1790b1112eb3b as read
Processed 10 new emails
Waiting 60 seconds before next check...
Checking for new emails at 2026-02-25 02:31:37.014281
Created email file: EMAIL_19a14310a88859cc.md
Marked email 19a14310a88859cc as read
Created email file: EMAIL_19a13f22db718e7d.md
Marked email 19a13f22db718e7d as read
Created email file: EMAIL_19a0ecb9d24da48e.md
Marked email 19a0ecb9d24da48e as read
Created email file: EMAIL_19a0cc1ffb181bf2.md
Marked email 19a0cc1ffb181bf2 as read
Created email file: EMAIL_19a0b0bfb6d6409e.md
Marked email 19a0b0bfb6d6409e as read
Created email file: EMAIL_19a09a56f9c6933a.md
Marked email 19a09a56f9c6933a as read
Created email file: EMAIL_19a065912b026d47.md
Marked email 19a065912b026d47 as read
Created email file: EMAIL_19a047f5e614a09c.md
Marked email 19a047f5e614a09c as read
Created email file: EMAIL_19a02e74e7247a9b.md
Marked email 19a02e74e7247a9b as read
Created email file: EMAIL_19a00da51674c11a.md
Marked email 19a00da51674c11a as read
Processed 10 new emails
Waiting 60 seconds before next check...
Checking for new emails at 2026-02-25 02:32:44.127635
Created email file: EMAIL_199fff5dcbfbc7e3.md
Marked email 199fff5dcbfbc7e3 as read
Created email file: EMAIL_199ffc8982589505.md
Marked email 199ffc8982589505 as read
Created email file: EMAIL_199ff58f91d5771b.md
Marked email 199ff58f91d5771b as read
Created email file: EMAIL_199fecf69ce76149.md
Marked email 199fecf69ce76149 as read
Created email file: EMAIL_199fe5ddaccc5647.md
Marked email 199fe5ddaccc5647 as read
Created email file: EMAIL_199fcd7dae5e8502.md
Marked email 199fcd7dae5e8502 as read
Created email file: EMAIL_199fc11543f4d82d.md
Marked email 199fc11543f4d82d as read
Created email file: EMAIL_199fb009ae069f9d.md
Marked email 199fb009ae069f9d as read
Created email file: EMAIL_199fa323f60b8197.md
Marked email 199fa323f60b8197 as read
Created email file: EMAIL_199f50be18f0b9d5.md
Marked email 199f50be18f0b9d5 as read
Processed 10 new emails
Waiting 60 seconds before next check...
Checking for new emails at 2026-02-25 02:33:51.359122
Created email file: EMAIL_199db4be24b9f5a6.md
Marked email 199db4be24b9f5a6 as read
Created email file: EMAIL_199d6e3803f3b3b6.md
Marked email 199d6e3803f3b3b6 as read
Created email file: EMAIL_199d69500ec6fef6.md
Marked email 199d69500ec6fef6 as read
Created email file: EMAIL_199d6264461613e8.md
Marked email 199d6264461613e8 as read
Created email file: EMAIL_199d40e59ed4396a.md
Marked email 199d40e59ed4396a as read
Created email file: EMAIL_199d2bf35a348da1.md
Marked email 199d2bf35a348da1 as read
Created email file: EMAIL_199d20e6089d4dd5.md
Marked email 199d20e6089d4dd5 as read
Created email file: EMAIL_199d0ff5e3215d94.md
Marked email 199d0ff5e3215d94 as read
Created email file: EMAIL_199cde98d8e5dcae.md
Marked email 199cde98d8e5dcae as read
Created email file: EMAIL_199cbd93f18e6cf5.md
Marked email 199cbd93f18e6cf5 as read
Processed 10 new emails
Waiting 60 seconds before next check...
Checking for new emails at 2026-02-25 02:34:58.438001
Created email file: EMAIL_199ba7b091c65969.md
Marked email 199ba7b091c65969 as read
Created email file: EMAIL_199b73fc9a4a1e03.md
Marked email 199b73fc9a4a1e03 as read
Created email file: EMAIL_199b56dfada05d24.md
Marked email 199b56dfada05d24 as read
Created email file: EMAIL_199b2d9f99e852ce.md
Marked email 199b2d9f99e852ce as read
Created email file: EMAIL_199b219906ad721e.md
Marked email 199b219906ad721e as read
Created email file: EMAIL_199ae8231fc7c5fa.md
Marked email 199ae8231fc7c5fa as read
Created email file: EMAIL_199ad6133b583495.md
Marked email 199ad6133b583495 as read
Created email file: EMAIL_199acf2d6d5c0f72.md
Marked email 199acf2d6d5c0f72 as read
Created email file: EMAIL_199a971c60daa125.md
Marked email 199a971c60daa125 as read
Created email file: EMAIL_199a94cc765c095e.md
Marked email 199a94cc765c095e as read
Processed 10 new emails
Waiting 60 seconds before next check...
Checking for new emails at 2026-02-25 02:36:05.729851
Created email file: EMAIL_199a7ebb55b1371f.md
Marked email 199a7ebb55b1371f as read
Created email file: EMAIL_199a7ccb2d5740df.md
Marked email 199a7ccb2d5740df as read
Created email file: EMAIL_199a584b68e70dcb.md
Marked email 199a584b68e70dcb as read
Created email file: EMAIL_199a2a6066878289.md
Marked email 199a2a6066878289 as read
Created email file: EMAIL_1999f348fc199bf5.md
Marked email 1999f348fc199bf5 as read
Created email file: EMAIL_1999ef25011eeb74.md
Marked email 1999ef25011eeb74 as read
Created email file: EMAIL_1999ded627bd6869.md
Marked email 1999ded627bd6869 as read
Created email file: EMAIL_1999d80332362447.md
Marked email 1999d80332362447 as read
Created email file: EMAIL_1999cd55ad6c320b.md
Marked email 1999cd55ad6c320b as read
Created email file: EMAIL_1999c376b7a8cb18.md
Marked email 1999c376b7a8cb18 as read
Processed 10 new emails
Waiting 60 seconds before next check...
Checking for new emails at 2026-02-25 02:37:12.998348
Created email file: EMAIL_1999a29a0e753ec3.md
Marked email 1999a29a0e753ec3 as read
Created email file: EMAIL_1999859e4b91edca.md
Marked email 1999859e4b91edca as read
Created email file: EMAIL_1999692f20bf32e7.md
Marked email 1999692f20bf32e7 as read
Created email file: EMAIL_19993d7aaefd61dd.md
Marked email 19993d7aaefd61dd as read
Created email file: EMAIL_19993338b8968806.md
Marked email 19993338b8968806 as read
Created email file: EMAIL_19992592ae2139b8.md
Marked email 19992592ae2139b8 as read
Created email file: EMAIL_1998f7b0ee02f855.md
Marked email 1998f7b0ee02f855 as read
Created email file: EMAIL_1998e0cbeb5ab37d.md
Marked email 1998e0cbeb5ab37d as read
Created email file: EMAIL_1998d13cb25954d6.md
Marked email 1998d13cb25954d6 as read
Created email file: EMAIL_1998b0dc832ef520.md
Marked email 1998b0dc832ef520 as read
Processed 10 new emails
Waiting 60 seconds before next check...
Checking for new emails at 2026-02-25 02:38:19.999509
Created email file: EMAIL_1998b09488e61534.md
Marked email 1998b09488e61534 as read
Created email file: EMAIL_1998b087b9507c13.md
Marked email 1998b087b9507c13 as read
Created email file: EMAIL_1998b07e4b876344.md
Marked email 1998b07e4b876344 as read
Created email file: EMAIL_1998a51981c72690.md
Marked email 1998a51981c72690 as read
Created email file: EMAIL_19988e6a5104dd76.md
Marked email 19988e6a5104dd76 as read
Created email file: EMAIL_199880aa7de70ca2.md
Marked email 199880aa7de70ca2 as read
Created email file: EMAIL_19985f7cc15d42c4.md
Marked email 19985f7cc15d42c4 as read
Created email file: EMAIL_19985ad852f41707.md
Marked email 19985ad852f41707 as read
Created email file: EMAIL_19983bfc396eff05.md
Marked email 19983bfc396eff05 as read
Created email file: EMAIL_1997e9a14c9d9bec.md
Marked email 1997e9a14c9d9bec as read
Processed 10 new emails
Waiting 60 seconds before next check...
Checking for new emails at 2026-02-25 02:39:26.798596
Created email file: EMAIL_1997c116357be8fd.md
Marked email 1997c116357be8fd as read
Created email file: EMAIL_1997bac1104fc5d2.md
Marked email 1997bac1104fc5d2 as read
Created email file: EMAIL_1997aff413490ef6.md
Marked email 1997aff413490ef6 as read
Created email file: EMAIL_1997973d1a9f8847.md
Marked email 1997973d1a9f8847 as read
Created email file: EMAIL_19977259aa4cbb1f.md
Marked email 19977259aa4cbb1f as read
Created email file: EMAIL_1997651cfee06d37.md
Marked email 1997651cfee06d37 as read
Created email file: EMAIL_1997568cbfdef44f.md
Marked email 1997568cbfdef44f as read
Created email file: EMAIL_199744d46d56bf43.md
Marked email 199744d46d56bf43 as read
Created email file: EMAIL_19973e473ca31494.md
Marked email 19973e473ca31494 as read
Created email file: EMAIL_19971d813e8e3a7e.md
Marked email 19971d813e8e3a7e as read
Processed 10 new emails
Waiting 60 seconds before next check...
Checking for new emails at 2026-02-25 02:40:33.886061
Created email file: EMAIL_19970e242fe7a884.md
Marked email 19970e242fe7a884 as read
Created email file: EMAIL_1996f26ca6a820a9.md
Marked email 1996f26ca6a820a9 as read
Created email file: EMAIL_1996a00bd10f462d.md
Marked email 1996a00bd10f462d as read
Created email file: EMAIL_19966b5b120f87c5.md
Marked email 19966b5b120f87c5 as read
Created email file: EMAIL_19964da5775932e1.md
Marked email 19964da5775932e1 as read
Created email file: EMAIL_19964878d558c6bf.md
Marked email 19964878d558c6bf as read
Created email file: EMAIL_199626f6d4c48f66.md
Marked email 199626f6d4c48f66 as read
Created email file: EMAIL_19962096defca5c7.md
Marked email 19962096defca5c7 as read
Created email file: EMAIL_199617ca5ca92798.md
Marked email 199617ca5ca92798 as read
Created email file: EMAIL_199616d8d15986c9.md
Marked email 199616d8d15986c9 as read
Processed 10 new emails
Waiting 60 seconds before next check...
Checking for new emails at 2026-02-25 02:41:40.792038
Created email file: EMAIL_19960e47f5e64990.md
Marked email 19960e47f5e64990 as read
Created email file: EMAIL_19960a43a49d69ab.md
Marked email 19960a43a49d69ab as read
Created email file: EMAIL_1995fb39e96fca21.md
Marked email 1995fb39e96fca21 as read
Created email file: EMAIL_1995c8e168414753.md
Marked email 1995c8e168414753 as read
Created email file: EMAIL_1995c0688f0332c5.md
Marked email 1995c0688f0332c5 as read
Created email file: EMAIL_1995a8d16e7f8693.md
Marked email 1995a8d16e7f8693 as read
Created email file: EMAIL_1995866b1ee6f43a.md
Marked email 1995866b1ee6f43a as read
Created email file: EMAIL_199583f0850dc63a.md
Marked email 199583f0850dc63a as read
Created email file: EMAIL_19957db87b31fe4c.md
Marked email 19957db87b31fe4c as read
Created email file: EMAIL_199578dc115b2d81.md
Marked email 199578dc115b2d81 as read
Processed 10 new emails
Waiting 60 seconds before next check...
Checking for new emails at 2026-02-25 02:42:47.717933
Created email file: EMAIL_19957504250aed91.md
Marked email 19957504250aed91 as read
Created email file: EMAIL_199557cdcfcefd95.md
Marked email 199557cdcfcefd95 as read
Created email file: EMAIL_1995567377d8c756.md
Marked email 1995567377d8c756 as read
Created email file: EMAIL_19953a8d49d29bca.md
Marked email 19953a8d49d29bca as read
Created email file: EMAIL_1995315cac4e7e12.md
Marked email 1995315cac4e7e12 as read
Created email file: EMAIL_199530d6c99c3931.md
Marked email 199530d6c99c3931 as read
Created email file: EMAIL_19952fee5d05691c.md
Marked email 19952fee5d05691c as read
Created email file: EMAIL_19952150700c9040.md
Marked email 19952150700c9040 as read
Created email file: EMAIL_19951e6efa59d154.md
Marked email 19951e6efa59d154 as read
Created email file: EMAIL_1995104510207661.md
Marked email 1995104510207661 as read
Processed 10 new emails
Waiting 60 seconds before next check...
Checking for new emails at 2026-02-25 02:43:55.030546
Created email file: EMAIL_19950d4201348800.md
Marked email 19950d4201348800 as read
Created email file: EMAIL_19950402d6146b9f.md
Marked email 19950402d6146b9f as read
Created email file: EMAIL_1994e45136e96d54.md
Marked email 1994e45136e96d54 as read
Created email file: EMAIL_1994e26dbf8d58f2.md
Marked email 1994e26dbf8d58f2 as read
Created email file: EMAIL_1994df0f2886e588.md
Marked email 1994df0f2886e588 as read
Created email file: EMAIL_1994b19fede9eb6a.md
Marked email 1994b19fede9eb6a as read
Created email file: EMAIL_19945f420a70e395.md
Marked email 19945f420a70e395 as read
Created email file: EMAIL_19943273ddbefa77.md
Marked email 19943273ddbefa77 as read
Created email file: EMAIL_199426c24057109e.md
Marked email 199426c24057109e as read
Created email file: EMAIL_19940cd6c605cab2.md
Marked email 19940cd6c605cab2 as read
Processed 10 new emails
Waiting 60 seconds before next check...
Checking for new emails at 2026-02-25 02:45:02.146221
Created email file: EMAIL_1993eb088644e4b4.md
Marked email 1993eb088644e4b4 as read
Created email file: EMAIL_1993e42dfc7d191f.md
Marked email 1993e42dfc7d191f as read
Created email file: EMAIL_1993d669f87ca5f3.md
Marked email 1993d669f87ca5f3 as read
Created email file: EMAIL_1993d522e0d87120.md
Marked email 1993d522e0d87120 as read
Created email file: EMAIL_1993d39411b5ab61.md
Marked email 1993d39411b5ab61 as read
Created email file: EMAIL_1993ba72281416c5.md
Marked email 1993ba72281416c5 as read
Created email file: EMAIL_19939a8de7df1cbf.md
Marked email 19939a8de7df1cbf as read
Created email file: EMAIL_19939174039b6d29.md
Marked email 19939174039b6d29 as read
Created email file: EMAIL_199382cc451b5aa7.md
Marked email 199382cc451b5aa7 as read
Created email file: EMAIL_19937549135c0e59.md
Marked email 19937549135c0e59 as read
Processed 10 new emails
Waiting 60 seconds before next check...
Checking for new emails at 2026-02-25 02:46:09.099196
Created email file: EMAIL_199368050987ffdd.md
Marked email 199368050987ffdd as read
Created email file: EMAIL_19933d2ecbaa8ce4.md
Marked email 19933d2ecbaa8ce4 as read
Created email file: EMAIL_19933c207f08cffa.md
Marked email 19933c207f08cffa as read
Created email file: EMAIL_1993364e2dae25ea.md
Marked email 1993364e2dae25ea as read
Created email file: EMAIL_1993320ffabbb824.md
Marked email 1993320ffabbb824 as read
Created email file: EMAIL_19932f3b64c5205f.md
Marked email 19932f3b64c5205f as read
Created email file: EMAIL_19932535e8800178.md
Marked email 19932535e8800178 as read
Created email file: EMAIL_199315a681fb34df.md
Marked email 199315a681fb34df as read
Created email file: EMAIL_1992ffc385a97997.md
Marked email 1992ffc385a97997 as read
Created email file: EMAIL_1992f5725d1ce852.md
Marked email 1992f5725d1ce852 as read
Processed 10 new emails
Waiting 60 seconds before next check...
Checking for new emails at 2026-02-25 02:47:16.067147
Created email file: EMAIL_1992e859dd7e8a31.md
Marked email 1992e859dd7e8a31 as read
Created email file: EMAIL_1992ddc341564858.md
Marked email 1992ddc341564858 as read
Created email file: EMAIL_1992dac67f855e26.md
Marked email 1992dac67f855e26 as read
Created email file: EMAIL_1992c53fa2b91eca.md
Marked email 1992c53fa2b91eca as read
Created email file: EMAIL_1992c3445e4dda4d.md
Marked email 1992c3445e4dda4d as read
Created email file: EMAIL_1992946e928052a3.md
Marked email 1992946e928052a3 as read
Created email file: EMAIL_199277a00b3a5ff6.md
Marked email 199277a00b3a5ff6 as read
Created email file: EMAIL_199234ec9e093b76.md
Marked email 199234ec9e093b76 as read
Created email file: EMAIL_19921d673211d9fa.md
Marked email 19921d673211d9fa as read
Created email file: EMAIL_19919702acc8b94d.md
Marked email 19919702acc8b94d as read
Processed 10 new emails
Waiting 60 seconds before next check...
Checking for new emails at 2026-02-25 02:48:22.938068
Created email file: EMAIL_199187f32c465023.md
Marked email 199187f32c465023 as read
Created email file: EMAIL_19917457e3ac9ce4.md
Marked email 19917457e3ac9ce4 as read
Created email file: EMAIL_199158dd2bfa23e0.md
Marked email 199158dd2bfa23e0 as read
Created email file: EMAIL_199153674d0a2c3e.md
Marked email 199153674d0a2c3e as read
Created email file: EMAIL_199147c0ec72eb79.md
Marked email 199147c0ec72eb79 as read
Created email file: EMAIL_19912da074118a60.md
Marked email 19912da074118a60 as read
Created email file: EMAIL_199102e27f837113.md
Marked email 199102e27f837113 as read
Created email file: EMAIL_1990f9db31f73fcd.md
Marked email 1990f9db31f73fcd as read
Created email file: EMAIL_1990f8d25d601498.md
Marked email 1990f8d25d601498 as read
Created email file: EMAIL_1990f511c40e14a9.md
Marked email 1990f511c40e14a9 as read
Processed 10 new emails
Waiting 60 seconds before next check...
Checking for new emails at 2026-02-25 02:49:30.044583
Created email file: EMAIL_1990ec62ca07f353.md
Marked email 1990ec62ca07f353 as read
Created email file: EMAIL_1990ddbefbd763da.md
Marked email 1990ddbefbd763da as read
Created email file: EMAIL_1990cf8a751098fb.md
Marked email 1990cf8a751098fb as read
Created email file: EMAIL_1990aeccc16d1ca9.md
Marked email 1990aeccc16d1ca9 as read
Created email file: EMAIL_1990ad0aaccb3abb.md
Marked email 1990ad0aaccb3abb as read
Created email file: EMAIL_1990ace0cf35ee73.md
Marked email 1990ace0cf35ee73 as read
Created email file: EMAIL_1990a6fc4e74b208.md
Marked email 1990a6fc4e74b208 as read
Created email file: EMAIL_1990a140aa65136f.md
Marked email 1990a140aa65136f as read
Created email file: EMAIL_199098a9261c701b.md
Marked email 199098a9261c701b as read
Created email file: EMAIL_1990638fb9fb0840.md
Marked email 1990638fb9fb0840 as read
Processed 10 new emails
Waiting 60 seconds before next check...
Checking for new emails at 2026-02-25 02:50:37.219268
Created email file: EMAIL_19905bb66e4b5f07.md
Marked email 19905bb66e4b5f07 as read
Created email file: EMAIL_19905383ddca0409.md
Marked email 19905383ddca0409 as read
Created email file: EMAIL_19904ed1c011b088.md
Marked email 19904ed1c011b088 as read
Created email file: EMAIL_199040c7ad0a2a1c.md
Marked email 199040c7ad0a2a1c as read
Created email file: EMAIL_199034539577c0f4.md
Marked email 199034539577c0f4 as read
Created email file: EMAIL_199031327fccaaae.md
Marked email 199031327fccaaae as read
Created email file: EMAIL_19902abcdf4e886f.md
Marked email 19902abcdf4e886f as read
Created email file: EMAIL_198fedbb7bd599d7.md
Marked email 198fedbb7bd599d7 as read
Created email file: EMAIL_198fcdf033742569.md
Marked email 198fcdf033742569 as read
Created email file: EMAIL_198f9b966ff32db6.md
Marked email 198f9b966ff32db6 as read
Processed 10 new emails
Waiting 60 seconds before next check...
Checking for new emails at 2026-02-25 02:51:44.262859
Created email file: EMAIL_198f9b966d9f4b22.md
Marked email 198f9b966d9f4b22 as read
Created email file: EMAIL_198f98665ef93968.md
Marked email 198f98665ef93968 as read
Created email file: EMAIL_198f85ee9edf1003.md
Marked email 198f85ee9edf1003 as read
Created email file: EMAIL_198f5d4638439f35.md
Marked email 198f5d4638439f35 as read
Created email file: EMAIL_198f45af97423c00.md
Marked email 198f45af97423c00 as read
Created email file: EMAIL_198f3d1a48f5381b.md
Marked email 198f3d1a48f5381b as read
Created email file: EMAIL_198efb29465bcf02.md
Marked email 198efb29465bcf02 as read
Created email file: EMAIL_198ef9ec0fd77bb2.md
Marked email 198ef9ec0fd77bb2 as read
Created email file: EMAIL_198ef4c93080699d.md
Marked email 198ef4c93080699d as read
Created email file: EMAIL_198ef4bf1eaba5aa.md
Marked email 198ef4bf1eaba5aa as read
Processed 10 new emails
Waiting 60 seconds before next check...
Checking for new emails at 2026-02-25 02:52:51.022997
Created email file: EMAIL_198ef289606765ee.md
Marked email 198ef289606765ee as read
Created email file: EMAIL_198ee458b7fa74ec.md
Marked email 198ee458b7fa74ec as read
Created email file: EMAIL_198ee12115392056.md
Marked email 198ee12115392056 as read
Created email file: EMAIL_198ebb8fdc213511.md
Marked email 198ebb8fdc213511 as read
Created email file: EMAIL_198ebafdedb31c96.md
Marked email 198ebafdedb31c96 as read
Created email file: EMAIL_198eb846928d69a4.md
Marked email 198eb846928d69a4 as read
Created email file: EMAIL_198eb77b181e8f90.md
Marked email 198eb77b181e8f90 as read
Created email file: EMAIL_198eae0da00cc4f5.md
Marked email 198eae0da00cc4f5 as read
Created email file: EMAIL_198e4d5418bc3400.md
Marked email 198e4d5418bc3400 as read
Created email file: EMAIL_198e3eaaaa047a89.md
Marked email 198e3eaaaa047a89 as read
Processed 10 new emails
Waiting 60 seconds before next check...
Checking for new emails at 2026-02-25 02:53:57.799891
Created email file: EMAIL_198e3c51c1871365.md
Marked email 198e3c51c1871365 as read
Created email file: EMAIL_198e0caa258ebb6d.md
Marked email 198e0caa258ebb6d as read
Created email file: EMAIL_198e08cccfd9fe84.md
Marked email 198e08cccfd9fe84 as read
Created email file: EMAIL_198dfb9421b6b0ff.md
Marked email 198dfb9421b6b0ff as read
Created email file: EMAIL_198dbb7546927770.md
Marked email 198dbb7546927770 as read
Created email file: EMAIL_198db88e381187aa.md
Marked email 198db88e381187aa as read
Created email file: EMAIL_198da7d0ead14f13.md
Marked email 198da7d0ead14f13 as read
Created email file: EMAIL_198d97837adfe33b.md
Marked email 198d97837adfe33b as read
Created email file: EMAIL_198d7cdcf8a1e30c.md
Marked email 198d7cdcf8a1e30c as read
Created email file: EMAIL_198d27edaae664bf.md
Marked email 198d27edaae664bf as read
Processed 10 new emails
Waiting 60 seconds before next check...
Checking for new emails at 2026-02-25 02:55:05.724395
Created email file: EMAIL_198cf9e1ca5fa8bb.md
Marked email 198cf9e1ca5fa8bb as read
Created email file: EMAIL_198cf2b42e3aedb5.md
Marked email 198cf2b42e3aedb5 as read
Created email file: EMAIL_198ccd952933f0d4.md
Marked email 198ccd952933f0d4 as read
Created email file: EMAIL_198cc6dfb73474be.md
Marked email 198cc6dfb73474be as read
Created email file: EMAIL_198cac6bc8df2d25.md
Marked email 198cac6bc8df2d25 as read
Created email file: EMAIL_198ca7bfdf7bcc1b.md
Marked email 198ca7bfdf7bcc1b as read
Created email file: EMAIL_198c61733db87fe6.md
Marked email 198c61733db87fe6 as read
Created email file: EMAIL_198c4de653492589.md
Marked email 198c4de653492589 as read
Created email file: EMAIL_198c1982bc5a5482.md
Marked email 198c1982bc5a5482 as read
Created email file: EMAIL_198c16c502444ad9.md
Marked email 198c16c502444ad9 as read
Processed 10 new emails
Waiting 60 seconds before next check...
Checking for new emails at 2026-02-25 02:56:12.622789
Created email file: EMAIL_198c106f482b3796.md
Marked email 198c106f482b3796 as read
Created email file: EMAIL_198c0fb248a9ffce.md
Marked email 198c0fb248a9ffce as read
Created email file: EMAIL_198bdad69c16e8e9.md
Marked email 198bdad69c16e8e9 as read
Created email file: EMAIL_198bcff3043e4183.md
Marked email 198bcff3043e4183 as read
Created email file: EMAIL_198bb69d022a217e.md
Marked email 198bb69d022a217e as read
Created email file: EMAIL_198ba914f7696c68.md
Marked email 198ba914f7696c68 as read
Created email file: EMAIL_198b8994cc01f394.md
Marked email 198b8994cc01f394 as read
Created email file: EMAIL_198b2c94a283f717.md
Marked email 198b2c94a283f717 as read
Created email file: EMAIL_198b04480d286f97.md
Marked email 198b04480d286f97 as read
Created email file: EMAIL_198adcfab1d7c543.md
Marked email 198adcfab1d7c543 as read
Processed 10 new emails
Waiting 60 seconds before next check...
Checking for new emails at 2026-02-25 02:57:19.709950
Created email file: EMAIL_198ad7367dcbcbab.md
Marked email 198ad7367dcbcbab as read
Created email file: EMAIL_198abbd18574ceaa.md
Marked email 198abbd18574ceaa as read
Created email file: EMAIL_198a915f6850a61b.md
Marked email 198a915f6850a61b as read
Created email file: EMAIL_198a90087db6d256.md
Marked email 198a90087db6d256 as read
Created email file: EMAIL_198a87f314c22d81.md
Marked email 198a87f314c22d81 as read
Created email file: EMAIL_198a860cffe00ba5.md
Marked email 198a860cffe00ba5 as read
Created email file: EMAIL_198a838cf52f05ba.md
Marked email 198a838cf52f05ba as read
Created email file: EMAIL_198a794a0c67baba.md
Marked email 198a794a0c67baba as read
Created email file: EMAIL_198a5f79bc9a5714.md
Marked email 198a5f79bc9a5714 as read
Created email file: EMAIL_198a4020c687bd22.md
Marked email 198a4020c687bd22 as read
Processed 10 new emails
Waiting 60 seconds before next check...
Checking for new emails at 2026-02-25 02:58:26.619460
Created email file: EMAIL_198a226440b9e6de.md
Marked email 198a226440b9e6de as read
Created email file: EMAIL_1989fb33c596a768.md
Marked email 1989fb33c596a768 as read
Created email file: EMAIL_1989ea098eb26269.md
Marked email 1989ea098eb26269 as read
Created email file: EMAIL_1989e7b3c61ed098.md
Marked email 1989e7b3c61ed098 as read
Created email file: EMAIL_1989baab98ad4a62.md
Marked email 1989baab98ad4a62 as read
Created email file: EMAIL_1989ad61f859a08d.md
Marked email 1989ad61f859a08d as read
Created email file: EMAIL_198999a6142d9cb7.md
Marked email 198999a6142d9cb7 as read
Created email file: EMAIL_198998eb8f619c34.md
Marked email 198998eb8f619c34 as read
Created email file: EMAIL_19898d571fc3ca16.md
Marked email 19898d571fc3ca16 as read
Created email file: EMAIL_198989a1e817161c.md
Marked email 198989a1e817161c as read
Processed 10 new emails
Waiting 60 seconds before next check...
Checking for new emails at 2026-02-25 02:59:33.422884
Created email file: EMAIL_19897352e2a6ab11.md
Marked email 19897352e2a6ab11 as read
Created email file: EMAIL_1989719b6ca677f9.md
Marked email 1989719b6ca677f9 as read
Created email file: EMAIL_198946714074f59a.md
Marked email 198946714074f59a as read
Created email file: EMAIL_198930c5f2520ab7.md
Marked email 198930c5f2520ab7 as read
Created email file: EMAIL_19891f79a584fe92.md
Marked email 19891f79a584fe92 as read
Created email file: EMAIL_198915dee7107507.md
Marked email 198915dee7107507 as read
Created email file: EMAIL_1988f4934dfa6336.md
Marked email 1988f4934dfa6336 as read
Created email file: EMAIL_1988d92958063e5b.md
Marked email 1988d92958063e5b as read
Created email file: EMAIL_1988b2a0a433a1f2.md
Marked email 1988b2a0a433a1f2 as read
Created email file: EMAIL_1988a24f574411ee.md
Marked email 1988a24f574411ee as read
Processed 10 new emails
Waiting 60 seconds before next check...
Checking for new emails at 2026-02-25 03:00:41.213220
Created email file: EMAIL_1988a1a67cb13d3d.md
Marked email 1988a1a67cb13d3d as read
Created email file: EMAIL_19889eb12d324520.md
Marked email 19889eb12d324520 as read
Created email file: EMAIL_19887111ff1d1f56.md
Marked email 19887111ff1d1f56 as read
Created email file: EMAIL_19885eb199c957a5.md
Marked email 19885eb199c957a5 as read
Created email file: EMAIL_1988577eca6e8ddb.md
Marked email 1988577eca6e8ddb as read
Created email file: EMAIL_198852010241f31f.md
Marked email 198852010241f31f as read
Created email file: EMAIL_1988517c4b5871b1.md
Marked email 1988517c4b5871b1 as read
Created email file: EMAIL_19882d756b6434e6.md
Marked email 19882d756b6434e6 as read
Created email file: EMAIL_198828486e7fc727.md
Marked email 198828486e7fc727 as read
Created email file: EMAIL_1987fcda3a86e3ca.md
Marked email 1987fcda3a86e3ca as read
Processed 10 new emails
Waiting 60 seconds before next check...
Checking for new emails at 2026-02-25 03:01:48.217615
Created email file: EMAIL_1987fc4d902578d3.md
Marked email 1987fc4d902578d3 as read
Created email file: EMAIL_1987f4b2c6c34ddf.md
Marked email 1987f4b2c6c34ddf as read
Created email file: EMAIL_1987ea23b55ab8b6.md
Marked email 1987ea23b55ab8b6 as read
Created email file: EMAIL_1987cc44534fff76.md
Marked email 1987cc44534fff76 as read
Created email file: EMAIL_1987afc676e2c10d.md
Marked email 1987afc676e2c10d as read
Created email file: EMAIL_1987aa74b88e02ab.md
Marked email 1987aa74b88e02ab as read
Created email file: EMAIL_1987a9412ce3dd8f.md
Marked email 1987a9412ce3dd8f as read
Created email file: EMAIL_19878f434f167947.md
Marked email 19878f434f167947 as read
Created email file: EMAIL_19878e3c19e0a5e6.md
Marked email 19878e3c19e0a5e6 as read
Created email file: EMAIL_198788814102e418.md
Marked email 198788814102e418 as read
Processed 10 new emails
Waiting 60 seconds before next check...
Checking for new emails at 2026-02-25 03:02:55.348262
Created email file: EMAIL_19875813f879b997.md
Marked email 19875813f879b997 as read
Created email file: EMAIL_1987580c86705eac.md
Marked email 1987580c86705eac as read
Created email file: EMAIL_198736053c061b60.md
Marked email 198736053c061b60 as read
Created email file: EMAIL_19873212a2d329d5.md
Marked email 19873212a2d329d5 as read
Created email file: EMAIL_198731c3358ae359.md
Marked email 198731c3358ae359 as read
Created email file: EMAIL_19872c55f9283138.md
Marked email 19872c55f9283138 as read
Created email file: EMAIL_19872770a9429486.md
Marked email 19872770a9429486 as read
Created email file: EMAIL_198705a8ca960036.md
Marked email 198705a8ca960036 as read
Created email file: EMAIL_1986db427d729716.md
Marked email 1986db427d729716 as read
Created email file: EMAIL_1986b34327de3308.md
Marked email 1986b34327de3308 as read
Processed 10 new emails
Waiting 60 seconds before next check...
Checking for new emails at 2026-02-25 03:04:02.326394
Created email file: EMAIL_1986a84239d74f13.md
Marked email 1986a84239d74f13 as read
Created email file: EMAIL_198688dd0def79f0.md
Marked email 198688dd0def79f0 as read
Created email file: EMAIL_198682a1cc76f5d9.md
Marked email 198682a1cc76f5d9 as read
Created email file: EMAIL_198660de03a11fd3.md
Marked email 198660de03a11fd3 as read
Created email file: EMAIL_1986608c7baeebd3.md
Marked email 1986608c7baeebd3 as read
Created email file: EMAIL_1986437f4e797c3f.md
Marked email 1986437f4e797c3f as read
Created email file: EMAIL_198626f8cc553d65.md
Marked email 198626f8cc553d65 as read
Created email file: EMAIL_19861f678a07bf37.md
Marked email 19861f678a07bf37 as read
Created email file: EMAIL_198610451cc85485.md
Marked email 198610451cc85485 as read
Created email file: EMAIL_198600b9e87e49d7.md
Marked email 198600b9e87e49d7 as read
Processed 10 new emails
Waiting 60 seconds before next check...
Checking for new emails at 2026-02-25 03:05:09.282784
Created email file: EMAIL_1985f53a3b520e83.md
Marked email 1985f53a3b520e83 as read
Created email file: EMAIL_1985eceaea976a75.md
Marked email 1985eceaea976a75 as read
Created email file: EMAIL_1985eba9420625f4.md
Marked email 1985eba9420625f4 as read
Created email file: EMAIL_1985e4b6c1919f7b.md
Marked email 1985e4b6c1919f7b as read
Created email file: EMAIL_1985e411768236a5.md
Marked email 1985e411768236a5 as read
Created email file: EMAIL_1985ddd3442684ff.md
Marked email 1985ddd3442684ff as read
Created email file: EMAIL_1985c7bba86ab3a4.md
Marked email 1985c7bba86ab3a4 as read
Created email file: EMAIL_1985bb71348f7382.md
Marked email 1985bb71348f7382 as read
Created email file: EMAIL_1985aad0cba6bd3f.md
Marked email 1985aad0cba6bd3f as read
Created email file: EMAIL_1985900bc44b8c4c.md
Marked email 1985900bc44b8c4c as read
Processed 10 new emails
Waiting 60 seconds before next check...
Checking for new emails at 2026-02-25 03:06:16.183739
Created email file: EMAIL_19856f8cfd2165a4.md
Marked email 19856f8cfd2165a4 as read
Created email file: EMAIL_198569ac6abf6b64.md
Marked email 198569ac6abf6b64 as read
Created email file: EMAIL_1985687c4534981e.md
Marked email 1985687c4534981e as read
Created email file: EMAIL_19855048f91228a7.md
Marked email 19855048f91228a7 as read
Created email file: EMAIL_1985390535c39678.md
Marked email 1985390535c39678 as read
Created email file: EMAIL_1985206161c577e8.md
Marked email 1985206161c577e8 as read
Created email file: EMAIL_198518b0b7f17615.md
Marked email 198518b0b7f17615 as read
Created email file: EMAIL_1984fd93fa9160d6.md
Marked email 1984fd93fa9160d6 as read
Created email file: EMAIL_1984c4fbe7492031.md
Marked email 1984c4fbe7492031 as read
Created email file: EMAIL_1984bf9c2ddf0f83.md
Marked email 1984bf9c2ddf0f83 as read
Processed 10 new emails
Waiting 60 seconds before next check...
Checking for new emails at 2026-02-25 03:07:23.121141
Created email file: EMAIL_19849de917a0fcb9.md
Marked email 19849de917a0fcb9 as read
Created email file: EMAIL_198494361e74a39c.md
Marked email 198494361e74a39c as read
Created email file: EMAIL_19847d8bdbafdf7d.md
Marked email 19847d8bdbafdf7d as read
Created email file: EMAIL_1984727adebd03f8.md
Marked email 1984727adebd03f8 as read
Created email file: EMAIL_198464bf18ca787c.md
Marked email 198464bf18ca787c as read
Created email file: EMAIL_19844b83bf329a8b.md
Marked email 19844b83bf329a8b as read
Created email file: EMAIL_19842a4ba18bff04.md
Marked email 19842a4ba18bff04 as read
Created email file: EMAIL_1984231e572fefaa.md
Marked email 1984231e572fefaa as read
Created email file: EMAIL_19842251e0fe7c12.md
Marked email 19842251e0fe7c12 as read
Created email file: EMAIL_198420ebbde006fe.md
Marked email 198420ebbde006fe as read
Processed 10 new emails
Waiting 60 seconds before next check...
Checking for new emails at 2026-02-25 03:08:30.345199
Created email file: EMAIL_198411e489aef8a4.md
Marked email 198411e489aef8a4 as read
Created email file: EMAIL_1983ee773c498969.md
Marked email 1983ee773c498969 as read
Created email file: EMAIL_1983d1a042bfaf9b.md
Marked email 1983d1a042bfaf9b as read
Created email file: EMAIL_1983ce850d5dd898.md
Marked email 1983ce850d5dd898 as read
Created email file: EMAIL_1983ce68153b8aae.md
Marked email 1983ce68153b8aae as read
Created email file: EMAIL_1983c494463bddb9.md
Marked email 1983c494463bddb9 as read
Created email file: EMAIL_1983c142f2f96212.md
Marked email 1983c142f2f96212 as read
Created email file: EMAIL_1983a6b7e31ad8c4.md
Marked email 1983a6b7e31ad8c4 as read
Created email file: EMAIL_19837b55e0a6fdf4.md
Marked email 19837b55e0a6fdf4 as read
Created email file: EMAIL_198349a97d0bd4be.md
Marked email 198349a97d0bd4be as read
Processed 10 new emails
Waiting 60 seconds before next check...
Checking for new emails at 2026-02-25 03:09:37.337516
Created email file: EMAIL_19832b22c97cbbd8.md
Marked email 19832b22c97cbbd8 as read
Created email file: EMAIL_198329d8244876e6.md
Marked email 198329d8244876e6 as read
Created email file: EMAIL_19832060a012ffe5.md
Marked email 19832060a012ffe5 as read
Created email file: EMAIL_19831cacac9cab3e.md
Marked email 19831cacac9cab3e as read
Created email file: EMAIL_1982f8e3e7ff5467.md
Marked email 1982f8e3e7ff5467 as read
Created email file: EMAIL_1982dfaa9241e339.md
Marked email 1982dfaa9241e339 as read
Created email file: EMAIL_1982d67e523c780e.md
Marked email 1982d67e523c780e as read
Created email file: EMAIL_1982b2411003ecb6.md
Marked email 1982b2411003ecb6 as read
Created email file: EMAIL_1982ae9f7236fd53.md
Marked email 1982ae9f7236fd53 as read
Created email file: EMAIL_1982a354980f7075.md
Marked email 1982a354980f7075 as read
Processed 10 new emails
Waiting 60 seconds before next check...
Checking for new emails at 2026-02-25 03:10:44.258184
Created email file: EMAIL_198296b37010a27d.md
Marked email 198296b37010a27d as read
Created email file: EMAIL_1982915e178031ef.md
Marked email 1982915e178031ef as read
Created email file: EMAIL_19826ad923223244.md
Marked email 19826ad923223244 as read
Created email file: EMAIL_19825d2151b13791.md
Marked email 19825d2151b13791 as read
Created email file: EMAIL_198235882400105e.md
Marked email 198235882400105e as read
Created email file: EMAIL_1982358805389f92.md
Marked email 1982358805389f92 as read
Created email file: EMAIL_1982346c126a8303.md
Marked email 1982346c126a8303 as read
Created email file: EMAIL_198231b2cee24b77.md
Marked email 198231b2cee24b77 as read
Created email file: EMAIL_19820abc6f6a392d.md
Marked email 19820abc6f6a392d as read
Created email file: EMAIL_198200bfd9144d09.md
Marked email 198200bfd9144d09 as read
Processed 10 new emails
Waiting 60 seconds before next check...
Checking for new emails at 2026-02-25 03:11:51.220083
Created email file: EMAIL_1981fe88348b9fd7.md
Marked email 1981fe88348b9fd7 as read
Created email file: EMAIL_1981f301ee2360c2.md
Marked email 1981f301ee2360c2 as read
Created email file: EMAIL_1981ec90f418bfce.md
Marked email 1981ec90f418bfce as read
Created email file: EMAIL_1981e18baaf56009.md
Marked email 1981e18baaf56009 as read
Created email file: EMAIL_1981e0bbd6b4733f.md
Marked email 1981e0bbd6b4733f as read
Created email file: EMAIL_1981e04b076e1906.md
Marked email 1981e04b076e1906 as read
Created email file: EMAIL_19819babb5adfdba.md
Marked email 19819babb5adfdba as read
Created email file: EMAIL_1981945c0c55531f.md
Marked email 1981945c0c55531f as read
Created email file: EMAIL_19818ce7d69e859b.md
Marked email 19818ce7d69e859b as read
Created email file: EMAIL_198182fcb5454dd8.md
Marked email 198182fcb5454dd8 as read
Processed 10 new emails
Waiting 60 seconds before next check...
Checking for new emails at 2026-02-25 03:12:57.901098
Created email file: EMAIL_198180b49144cff2.md
Marked email 198180b49144cff2 as read
Created email file: EMAIL_19816c090b235223.md
Marked email 19816c090b235223 as read
Created email file: EMAIL_198165f06b5a89bd.md
Marked email 198165f06b5a89bd as read
Created email file: EMAIL_198159bce4b97044.md
Marked email 198159bce4b97044 as read
Created email file: EMAIL_19814f3c8cf2fe15.md
Marked email 19814f3c8cf2fe15 as read
Created email file: EMAIL_198147c374588f38.md
Marked email 198147c374588f38 as read
Created email file: EMAIL_1981445fdb0179a0.md
Marked email 1981445fdb0179a0 as read
Created email file: EMAIL_198140670d9ff32c.md
Marked email 198140670d9ff32c as read
Created email file: EMAIL_19814058f3b7ae8b.md
Marked email 19814058f3b7ae8b as read
Created email file: EMAIL_19813e37145f85c9.md
Marked email 19813e37145f85c9 as read
Processed 10 new emails
Waiting 60 seconds before next check...
Checking for new emails at 2026-02-25 03:14:04.815027
Created email file: EMAIL_19813b982dce7f10.md
Marked email 19813b982dce7f10 as read
Created email file: EMAIL_19813775ed6f38d7.md
Marked email 19813775ed6f38d7 as read
Created email file: EMAIL_19811afec96567f3.md
Marked email 19811afec96567f3 as read
Created email file: EMAIL_19811a0819a2faac.md
Marked email 19811a0819a2faac as read
Created email file: EMAIL_1980fc8103eb66f7.md
Marked email 1980fc8103eb66f7 as read
Created email file: EMAIL_1980e81c838b9dbf.md
Marked email 1980e81c838b9dbf as read
Created email file: EMAIL_1980dc7d07fc2aa7.md
Marked email 1980dc7d07fc2aa7 as read
Created email file: EMAIL_1980b4f128146d88.md
Marked email 1980b4f128146d88 as read
Created email file: EMAIL_1980aab1420c3552.md
Marked email 1980aab1420c3552 as read
Created email file: EMAIL_1980a42403930551.md
Marked email 1980a42403930551 as read
Processed 10 new emails
Waiting 60 seconds before next check...
Checking for new emails at 2026-02-25 03:15:11.578573
Created email file: EMAIL_1980a1ecbaa4502f.md
Marked email 1980a1ecbaa4502f as read
Created email file: EMAIL_19809ed01b0cc8b7.md
Marked email 19809ed01b0cc8b7 as read
Created email file: EMAIL_19809a5b7edcd628.md
Marked email 19809a5b7edcd628 as read
Created email file: EMAIL_1980975fb82e9c0f.md
Marked email 1980975fb82e9c0f as read
Created email file: EMAIL_19806df2d1a9f00c.md
Marked email 19806df2d1a9f00c as read
Created email file: EMAIL_1980657f6393f5a7.md
Marked email 1980657f6393f5a7 as read
Created email file: EMAIL_1980551fbc820e50.md
Marked email 1980551fbc820e50 as read
Created email file: EMAIL_1980551f9d5501ca.md
Marked email 1980551f9d5501ca as read
Created email file: EMAIL_1980494414832003.md
Marked email 1980494414832003 as read
Created email file: EMAIL_1980434fea1f9877.md
Marked email 1980434fea1f9877 as read
Processed 10 new emails
Waiting 60 seconds before next check...
Checking for new emails at 2026-02-25 03:16:18.413493
Created email file: EMAIL_19801c58ad6ea529.md
Marked email 19801c58ad6ea529 as read
Created email file: EMAIL_198017b6a3f4d81c.md
Marked email 198017b6a3f4d81c as read
Created email file: EMAIL_19801023a657a4c5.md
Marked email 19801023a657a4c5 as read
Created email file: EMAIL_19800220842f839d.md
Marked email 19800220842f839d as read
Created email file: EMAIL_197ff0f59edd2d4f.md
Marked email 197ff0f59edd2d4f as read
Created email file: EMAIL_197fd8e9487b5321.md
Marked email 197fd8e9487b5321 as read
Created email file: EMAIL_197fbdbd0d861320.md
Marked email 197fbdbd0d861320 as read
Created email file: EMAIL_197fb51ef0a685d5.md
Marked email 197fb51ef0a685d5 as read
Created email file: EMAIL_197fa1e67ecee2b0.md
Marked email 197fa1e67ecee2b0 as read
Created email file: EMAIL_197fa0c1227da446.md
Marked email 197fa0c1227da446 as read
Processed 10 new emails
Waiting 60 seconds before next check...
Checking for new emails at 2026-02-25 03:17:25.866914
Created email file: EMAIL_197f9fda73de0950.md
Marked email 197f9fda73de0950 as read
Created email file: EMAIL_197f6b55ec031a62.md
Marked email 197f6b55ec031a62 as read
Created email file: EMAIL_197f5a220fc92245.md
Marked email 197f5a220fc92245 as read
Created email file: EMAIL_197f54de6780a071.md
Marked email 197f54de6780a071 as read
Created email file: EMAIL_197f53d4f8e28b7c.md
Marked email 197f53d4f8e28b7c as read
Created email file: EMAIL_197f520d2877db05.md
Marked email 197f520d2877db05 as read
Created email file: EMAIL_197f4c20ff3bfe0d.md
Marked email 197f4c20ff3bfe0d as read
Created email file: EMAIL_197f42773b56aef7.md
Marked email 197f42773b56aef7 as read
Created email file: EMAIL_197f256b65519243.md
Marked email 197f256b65519243 as read
Created email file: EMAIL_197f2527974abe9a.md
Marked email 197f2527974abe9a as read
Processed 10 new emails
Waiting 60 seconds before next check...
Checking for new emails at 2026-02-25 03:18:32.922155
Created email file: EMAIL_197f18f00de5d5ec.md
Marked email 197f18f00de5d5ec as read
Created email file: EMAIL_197f0d587073c57e.md
Marked email 197f0d587073c57e as read
Created email file: EMAIL_197eff9c03389128.md
Marked email 197eff9c03389128 as read
Created email file: EMAIL_197efacdb9461c45.md
Marked email 197efacdb9461c45 as read
Created email file: EMAIL_197eeeceb129e27d.md
Marked email 197eeeceb129e27d as read
Created email file: EMAIL_197eeb68a50b0691.md
Marked email 197eeb68a50b0691 as read
Created email file: EMAIL_197edf092389a0a9.md
Marked email 197edf092389a0a9 as read
Created email file: EMAIL_197ecbfba348555d.md
Marked email 197ecbfba348555d as read
Created email file: EMAIL_197ec7659d18e281.md
Marked email 197ec7659d18e281 as read
Created email file: EMAIL_197ebd0c9c645fbc.md
Marked email 197ebd0c9c645fbc as read
Processed 10 new emails
Waiting 60 seconds before next check...
Checking for new emails at 2026-02-25 03:19:39.887603
Created email file: EMAIL_197ebc23a5084061.md
Marked email 197ebc23a5084061 as read
Created email file: EMAIL_197eba9eb78986e9.md
Marked email 197eba9eb78986e9 as read
Created email file: EMAIL_197eb75f7b036b3c.md
Marked email 197eb75f7b036b3c as read
Created email file: EMAIL_197ea7550a0f1f94.md
Marked email 197ea7550a0f1f94 as read
Created email file: EMAIL_197e88cbb21deea2.md
Marked email 197e88cbb21deea2 as read
Created email file: EMAIL_197e6f034e059c77.md
Marked email 197e6f034e059c77 as read
Created email file: EMAIL_197e66001b173420.md
Marked email 197e66001b173420 as read
Created email file: EMAIL_197e57368e83e493.md
Marked email 197e57368e83e493 as read
Created email file: EMAIL_197e1407b70c9395.md
Marked email 197e1407b70c9395 as read
Created email file: EMAIL_197e0287f23cf0f9.md
Marked email 197e0287f23cf0f9 as read
Processed 10 new emails
Waiting 60 seconds before next check...
Checking for new emails at 2026-02-25 03:20:49.478099
Created email file: EMAIL_197ddb90075010b2.md
Marked email 197ddb90075010b2 as read
Created email file: EMAIL_197dc9cf7e301002.md
Marked email 197dc9cf7e301002 as read
Created email file: EMAIL_197dbfdd25612cfa.md
Marked email 197dbfdd25612cfa as read
Created email file: EMAIL_197db0222d31311c.md
Marked email 197db0222d31311c as read
Created email file: EMAIL_197d8e10e62b1e19.md
Marked email 197d8e10e62b1e19 as read
Created email file: EMAIL_197d6c7cc9797890.md
Marked email 197d6c7cc9797890 as read
Created email file: EMAIL_197d5ff8d04c3793.md
Marked email 197d5ff8d04c3793 as read
Created email file: EMAIL_197d5ed04448415a.md
Marked email 197d5ed04448415a as read
Created email file: EMAIL_197d3adede9382b6.md
Marked email 197d3adede9382b6 as read
Created email file: EMAIL_197d2776254244a1.md
Marked email 197d2776254244a1 as read
Processed 10 new emails
Waiting 60 seconds before next check...
Checking for new emails at 2026-02-25 03:21:56.978799
Created email file: EMAIL_197d1de9c721a6f1.md
Marked email 197d1de9c721a6f1 as read
Created email file: EMAIL_197d0b574b0529dd.md
Marked email 197d0b574b0529dd as read
Created email file: EMAIL_197d01edd52f435b.md
Marked email 197d01edd52f435b as read
Created email file: EMAIL_197cfd0a609b1835.md
Marked email 197cfd0a609b1835 as read
Created email file: EMAIL_197cd5dce09052a0.md
Marked email 197cd5dce09052a0 as read
Created email file: EMAIL_197ccd8d1d10e3d5.md
Marked email 197ccd8d1d10e3d5 as read
Created email file: EMAIL_197cc94737deb219.md
Marked email 197cc94737deb219 as read
Created email file: EMAIL_197cbc3dae830e99.md
Marked email 197cbc3dae830e99 as read
Created email file: EMAIL_197cb9e17223afbf.md
Marked email 197cb9e17223afbf as read
Created email file: EMAIL_197ca85d144c1c48.md
Marked email 197ca85d144c1c48 as read
Processed 10 new emails
Waiting 60 seconds before next check...
Checking for new emails at 2026-02-25 03:23:05.084397
Created email file: EMAIL_197c92036d9cc4c1.md
Marked email 197c92036d9cc4c1 as read
Created email file: EMAIL_197c8b0bfde01f25.md
Marked email 197c8b0bfde01f25 as read
Created email file: EMAIL_197c8aff6c819d10.md
Marked email 197c8aff6c819d10 as read
Created email file: EMAIL_197c83870934bad3.md
Marked email 197c83870934bad3 as read
Created email file: EMAIL_197c833af39e2030.md
Marked email 197c833af39e2030 as read
Created email file: EMAIL_197c7313229394c6.md
Marked email 197c7313229394c6 as read
Created email file: EMAIL_197c668bc7ae244a.md
Marked email 197c668bc7ae244a as read
Created email file: EMAIL_197c33118915d658.md
Marked email 197c33118915d658 as read
Created email file: EMAIL_197c3034df56f517.md
Marked email 197c3034df56f517 as read
Created email file: EMAIL_197c2bcb3c898dfa.md
Marked email 197c2bcb3c898dfa as read
Processed 10 new emails
Waiting 60 seconds before next check...
Checking for new emails at 2026-02-25 03:24:13.085938
Created email file: EMAIL_197c2846ac325661.md
Marked email 197c2846ac325661 as read
Created email file: EMAIL_197c1d3fc82acbfc.md
Marked email 197c1d3fc82acbfc as read
Created email file: EMAIL_197c17169e63ac8b.md
Marked email 197c17169e63ac8b as read
Created email file: EMAIL_197c142697e5528c.md
Marked email 197c142697e5528c as read
Created email file: EMAIL_197c13bfea305ea0.md
Marked email 197c13bfea305ea0 as read
Created email file: EMAIL_197bf0a21902d991.md
Marked email 197bf0a21902d991 as read
Created email file: EMAIL_197be2edf1a86f4b.md
Marked email 197be2edf1a86f4b as read
Created email file: EMAIL_197bde15e5e94a42.md
Marked email 197bde15e5e94a42 as read
Created email file: EMAIL_197bd38bbb0fc2a3.md
Marked email 197bd38bbb0fc2a3 as read
Created email file: EMAIL_197bc1c043f71ee1.md
Marked email 197bc1c043f71ee1 as read
Processed 10 new emails
Waiting 60 seconds before next check...
Checking for new emails at 2026-02-25 03:25:21.329571
Created email file: EMAIL_197ba9b1cd63e965.md
Marked email 197ba9b1cd63e965 as read
Created email file: EMAIL_197b9ef3b705164c.md
Marked email 197b9ef3b705164c as read
Created email file: EMAIL_197b9ac7abe4d051.md
Marked email 197b9ac7abe4d051 as read
Created email file: EMAIL_197b8bb08a6198a2.md
Marked email 197b8bb08a6198a2 as read
Created email file: EMAIL_197b7c9d37ecd14b.md
Marked email 197b7c9d37ecd14b as read
Created email file: EMAIL_197b6f59dc841813.md
Marked email 197b6f59dc841813 as read
Created email file: EMAIL_197b397cbfc11d5a.md
Marked email 197b397cbfc11d5a as read
Created email file: EMAIL_197b1f3046767347.md
Marked email 197b1f3046767347 as read
Created email file: EMAIL_197b1e12c56c198b.md
Marked email 197b1e12c56c198b as read
Created email file: EMAIL_197b0f968cdfff89.md
Marked email 197b0f968cdfff89 as read
Processed 10 new emails
Waiting 60 seconds before next check...
Checking for new emails at 2026-02-25 03:26:28.767135
Created email file: EMAIL_197b0c257c7d8cce.md
Marked email 197b0c257c7d8cce as read
Created email file: EMAIL_197b027a8e896a26.md
Marked email 197b027a8e896a26 as read
Created email file: EMAIL_197aca8e512e3486.md
Marked email 197aca8e512e3486 as read
Created email file: EMAIL_197ac34f4810c63d.md
Marked email 197ac34f4810c63d as read
Created email file: EMAIL_197abdd52acf1f51.md
Marked email 197abdd52acf1f51 as read
Created email file: EMAIL_197ab5f83753a7a5.md
Marked email 197ab5f83753a7a5 as read
Created email file: EMAIL_197ab0b9ce2310ac.md
Marked email 197ab0b9ce2310ac as read
Created email file: EMAIL_197a886ec00614f0.md
Marked email 197a886ec00614f0 as read
Created email file: EMAIL_197a7a6c2ad58a15.md
Marked email 197a7a6c2ad58a15 as read
Created email file: EMAIL_197a7945b77a27a2.md
Marked email 197a7945b77a27a2 as read
Processed 10 new emails
Waiting 60 seconds before next check...
Checking for new emails at 2026-02-25 03:27:36.107419
Created email file: EMAIL_197a6d2fcc6b58c2.md
Marked email 197a6d2fcc6b58c2 as read
Created email file: EMAIL_197a566dd641f205.md
Marked email 197a566dd641f205 as read
Created email file: EMAIL_197a36afa355270d.md
Marked email 197a36afa355270d as read
Created email file: EMAIL_197a3216e18b86c0.md
Marked email 197a3216e18b86c0 as read
Created email file: EMAIL_197a2807d570d998.md
Marked email 197a2807d570d998 as read
Created email file: EMAIL_197a25c37a70ad78.md
Marked email 197a25c37a70ad78 as read
Created email file: EMAIL_197a1ac761879d46.md
Marked email 197a1ac761879d46 as read
Created email file: EMAIL_197a16b72c560013.md
Marked email 197a16b72c560013 as read
Created email file: EMAIL_1979fe0b17ae744b.md
Marked email 1979fe0b17ae744b as read
Created email file: EMAIL_1979eea1da2a355b.md
Marked email 1979eea1da2a355b as read
Processed 10 new emails
Waiting 60 seconds before next check...
Checking for new emails at 2026-02-25 03:28:43.456122
Created email file: EMAIL_1979e008c8f93b28.md
Marked email 1979e008c8f93b28 as read
Created email file: EMAIL_1979dc7791d31f69.md
Marked email 1979dc7791d31f69 as read
Created email file: EMAIL_1979d534a2dd64a4.md
Marked email 1979d534a2dd64a4 as read
Created email file: EMAIL_1979bc31b319dc7c.md
Marked email 1979bc31b319dc7c as read
Created email file: EMAIL_19799e1acd85ea32.md
Marked email 19799e1acd85ea32 as read
Created email file: EMAIL_19799d88ab234449.md
Marked email 19799d88ab234449 as read
Created email file: EMAIL_19798f08ddc19898.md
Marked email 19798f08ddc19898 as read
Created email file: EMAIL_197980f74233736d.md
Marked email 197980f74233736d as read
Created email file: EMAIL_19796a8ed97ea3d0.md
Marked email 19796a8ed97ea3d0 as read
Created email file: EMAIL_19795a00264e215d.md
Marked email 19795a00264e215d as read
Processed 10 new emails
Waiting 60 seconds before next check...
Checking for new emails at 2026-02-25 03:29:51.179678
Created email file: EMAIL_19794b3b4f0af3a2.md
Marked email 19794b3b4f0af3a2 as read
Created email file: EMAIL_197949b695ac07dc.md
Marked email 197949b695ac07dc as read
Created email file: EMAIL_19792e923294c1b5.md
Marked email 19792e923294c1b5 as read
Created email file: EMAIL_1978f8d3b242c37b.md
Marked email 1978f8d3b242c37b as read
Created email file: EMAIL_1978ee2e02ac2abe.md
Marked email 1978ee2e02ac2abe as read
Created email file: EMAIL_1978ea94f57c3411.md
Marked email 1978ea94f57c3411 as read
Created email file: EMAIL_1978de67bd999822.md
Marked email 1978de67bd999822 as read
Created email file: EMAIL_1978dd68677f9c7d.md
Marked email 1978dd68677f9c7d as read
Created email file: EMAIL_1978a30cf0226a05.md
Marked email 1978a30cf0226a05 as read
Created email file: EMAIL_19788c0d1c4597ea.md
Marked email 19788c0d1c4597ea as read
Processed 10 new emails
Waiting 60 seconds before next check...
Checking for new emails at 2026-02-25 03:30:58.733066
Created email file: EMAIL_197889c66c62eb4d.md
Marked email 197889c66c62eb4d as read
Created email file: EMAIL_197867903bd5ced7.md
Marked email 197867903bd5ced7 as read
Created email file: EMAIL_19784f71f652255a.md
Marked email 19784f71f652255a as read
Created email file: EMAIL_1978399cf021383c.md
Marked email 1978399cf021383c as read
Created email file: EMAIL_197838869d9331df.md
Marked email 197838869d9331df as read
Created email file: EMAIL_19780e3cb7df3e63.md
Marked email 19780e3cb7df3e63 as read
Created email file: EMAIL_1977f3aa102d3db4.md
Marked email 1977f3aa102d3db4 as read
Created email file: EMAIL_1977efd2940bdfaf.md
Marked email 1977efd2940bdfaf as read
Created email file: EMAIL_1977e4fb27d9d7c8.md
Marked email 1977e4fb27d9d7c8 as read
Created email file: EMAIL_1977cf5fd9ab8d2f.md
Marked email 1977cf5fd9ab8d2f as read
Processed 10 new emails
Waiting 60 seconds before next check...
Checking for new emails at 2026-02-25 03:32:06.138994
Created email file: EMAIL_1977a04791c01a48.md
Marked email 1977a04791c01a48 as read
Created email file: EMAIL_19779c8d8a286d1f.md
Marked email 19779c8d8a286d1f as read
Created email file: EMAIL_197794714d8b2225.md
Marked email 197794714d8b2225 as read
Created email file: EMAIL_19778df31885d4bf.md
Marked email 19778df31885d4bf as read
Created email file: EMAIL_197750c585d6f588.md
Marked email 197750c585d6f588 as read
Created email file: EMAIL_1977402fd2b30886.md
Marked email 1977402fd2b30886 as read
Created email file: EMAIL_197736c093a0d8cd.md
Marked email 197736c093a0d8cd as read
Created email file: EMAIL_19772dea7ea724e7.md
Marked email 19772dea7ea724e7 as read
Created email file: EMAIL_19771937dd34ef60.md
Marked email 19771937dd34ef60 as read
Created email file: EMAIL_1977191478099c15.md
Marked email 1977191478099c15 as read
Processed 10 new emails
Waiting 60 seconds before next check...
Checking for new emails at 2026-02-25 03:33:13.301673
Created email file: EMAIL_1976fb03c48880f4.md
Marked email 1976fb03c48880f4 as read
Created email file: EMAIL_1976f6d038a36e1e.md
Marked email 1976f6d038a36e1e as read
Created email file: EMAIL_1976edc9a55bf6f8.md
Marked email 1976edc9a55bf6f8 as read
Created email file: EMAIL_19769f98bda0c067.md
Marked email 19769f98bda0c067 as read
Created email file: EMAIL_19769d9f53b673e1.md
Marked email 19769d9f53b673e1 as read
Created email file: EMAIL_19769c976b1bbe89.md
Marked email 19769c976b1bbe89 as read
Created email file: EMAIL_19768d624bc66ac2.md
Marked email 19768d624bc66ac2 as read
Created email file: EMAIL_19768af96d8ef819.md
Marked email 19768af96d8ef819 as read
Created email file: EMAIL_197686b2aeca048f.md
Marked email 197686b2aeca048f as read
Created email file: EMAIL_197648fdf1e89068.md
Marked email 197648fdf1e89068 as read
Processed 10 new emails
Waiting 60 seconds before next check...
Checking for new emails at 2026-02-25 03:34:20.760684
Created email file: EMAIL_19763fbfc3f7c8cb.md
Marked email 19763fbfc3f7c8cb as read
Created email file: EMAIL_1975fa112d757821.md
Marked email 1975fa112d757821 as read
Created email file: EMAIL_1975f77bc4b73c90.md
Marked email 1975f77bc4b73c90 as read
Created email file: EMAIL_1975efc472b36b76.md
Marked email 1975efc472b36b76 as read
Created email file: EMAIL_1975a432fb516837.md
Marked email 1975a432fb516837 as read
Created email file: EMAIL_197591b21fad66dd.md
Marked email 197591b21fad66dd as read
Created email file: EMAIL_19756f81236f2661.md
Marked email 19756f81236f2661 as read
Created email file: EMAIL_19755c7e294461ab.md
Marked email 19755c7e294461ab as read
Created email file: EMAIL_1975544bf7fc1046.md
Marked email 1975544bf7fc1046 as read
Created email file: EMAIL_19755399642d9541.md
Marked email 19755399642d9541 as read
Processed 10 new emails
Waiting 60 seconds before next check...
Checking for new emails at 2026-02-25 03:35:28.160096
Created email file: EMAIL_197543b51fbb041e.md
Marked email 197543b51fbb041e as read
Created email file: EMAIL_19754028b81ce35f.md
Marked email 19754028b81ce35f as read
Created email file: EMAIL_197509b869d2b7f6.md
Marked email 197509b869d2b7f6 as read
Created email file: EMAIL_1974ff66c432b377.md
Marked email 1974ff66c432b377 as read
Created email file: EMAIL_1974f8091a491452.md
Marked email 1974f8091a491452 as read
Created email file: EMAIL_1974f0f61df79ede.md
Marked email 1974f0f61df79ede as read
Created email file: EMAIL_1974ed5dd26498d7.md
Marked email 1974ed5dd26498d7 as read
Created email file: EMAIL_1974d86f5724294d.md
Marked email 1974d86f5724294d as read
Created email file: EMAIL_1974b8cb222d946f.md
Marked email 1974b8cb222d946f as read
Created email file: EMAIL_1974ad01f4f6a039.md
Marked email 1974ad01f4f6a039 as read
Processed 10 new emails
Waiting 60 seconds before next check...
Checking for new emails at 2026-02-25 03:36:35.866041
Created email file: EMAIL_19749f87f99adbe9.md
Marked email 19749f87f99adbe9 as read
Created email file: EMAIL_19749c133d6f8e13.md
Marked email 19749c133d6f8e13 as read
Created email file: EMAIL_19745cd76fb63502.md
Marked email 19745cd76fb63502 as read
Created email file: EMAIL_19745bcf1437d5e1.md
Marked email 19745bcf1437d5e1 as read
Created email file: EMAIL_19740f6170eee10c.md
Marked email 19740f6170eee10c as read
Created email file: EMAIL_197408369bd7e075.md
Marked email 197408369bd7e075 as read
Created email file: EMAIL_1973fe30e35d338f.md
Marked email 1973fe30e35d338f as read
Created email file: EMAIL_1973ccc9cfaf577d.md
Marked email 1973ccc9cfaf577d as read
Created email file: EMAIL_1973b8832bd91aaa.md
Marked email 1973b8832bd91aaa as read
Created email file: EMAIL_1973b5d02ac68ec4.md
Marked email 1973b5d02ac68ec4 as read
Processed 10 new emails
Waiting 60 seconds before next check...
Checking for new emails at 2026-02-25 03:37:43.234089
Created email file: EMAIL_197365a5c2001a47.md
Marked email 197365a5c2001a47 as read
Created email file: EMAIL_1973636a2f0560b6.md
Marked email 1973636a2f0560b6 as read
Created email file: EMAIL_197352e5a2d31dd7.md
Marked email 197352e5a2d31dd7 as read
Created email file: EMAIL_19731575f25cf155.md
Marked email 19731575f25cf155 as read
Created email file: EMAIL_197312d35594afa7.md
Marked email 197312d35594afa7 as read
Created email file: EMAIL_19730c6227bf2bec.md
Marked email 19730c6227bf2bec as read
Created email file: EMAIL_1972be9ecb335322.md
Marked email 1972be9ecb335322 as read
Created email file: EMAIL_1972b367f122e67a.md
Marked email 1972b367f122e67a as read
Created email file: EMAIL_1972ac3ae2bca5a4.md
Marked email 1972ac3ae2bca5a4 as read
Created email file: EMAIL_19726d45c1d947d0.md
Marked email 19726d45c1d947d0 as read
Processed 10 new emails
Waiting 60 seconds before next check...
Checking for new emails at 2026-02-25 03:38:50.593276
Created email file: EMAIL_197252fd3631f692.md
Marked email 197252fd3631f692 as read
Created email file: EMAIL_1972232d3263d79a.md
Marked email 1972232d3263d79a as read
Created email file: EMAIL_197219d2f0fa308f.md
Marked email 197219d2f0fa308f as read
Created email file: EMAIL_1971c76e2bc39337.md
Marked email 1971c76e2bc39337 as read
Created email file: EMAIL_1971b79973d4ad43.md
Marked email 1971b79973d4ad43 as read
Created email file: EMAIL_19717797450d08ac.md
Marked email 19717797450d08ac as read
Created email file: EMAIL_19717739735e4029.md
Marked email 19717739735e4029 as read
Created email file: EMAIL_19717508dd6f13c0.md
Marked email 19717508dd6f13c0 as read
Created email file: EMAIL_197165a7f8ec54b9.md
Marked email 197165a7f8ec54b9 as read
Created email file: EMAIL_197124de0c49bfb6.md
Marked email 197124de0c49bfb6 as read
Processed 10 new emails
Waiting 60 seconds before next check...
Checking for new emails at 2026-02-25 03:39:58.119664
Created email file: EMAIL_197124d51c5eafc7.md
Marked email 197124d51c5eafc7 as read
Created email file: EMAIL_197123a6dd94f2a0.md
Marked email 197123a6dd94f2a0 as read
Created email file: EMAIL_1970d3f8e1c84d38.md
Marked email 1970d3f8e1c84d38 as read
Created email file: EMAIL_1970d03c7c7cccef.md
Marked email 1970d03c7c7cccef as read
Created email file: EMAIL_1970cb9a50193012.md
Marked email 1970cb9a50193012 as read
Created email file: EMAIL_19707ecccb5046dd.md
Marked email 19707ecccb5046dd as read
Created email file: EMAIL_197058d84f6369eb.md
Marked email 197058d84f6369eb as read
Created email file: EMAIL_197058d820da7086.md
Marked email 197058d820da7086 as read
Created email file: EMAIL_197056deed3d2c51.md
Marked email 197056deed3d2c51 as read
Created email file: EMAIL_19702b70d995a97c.md
Marked email 19702b70d995a97c as read
Processed 10 new emails
Waiting 60 seconds before next check...
Checking for new emails at 2026-02-25 03:41:05.901304
Created email file: EMAIL_196ff4696851d36d.md
Marked email 196ff4696851d36d as read
Created email file: EMAIL_196fdb4ac19925fc.md
Marked email 196fdb4ac19925fc as read
Created email file: EMAIL_196fd90af8734684.md
Marked email 196fd90af8734684 as read
Created email file: EMAIL_196fd1caac0d0e83.md
Marked email 196fd1caac0d0e83 as read
Created email file: EMAIL_196f86a52035e7cc.md
Marked email 196f86a52035e7cc as read
Created email file: EMAIL_196f7c29f7b3216c.md
Marked email 196f7c29f7b3216c as read
Created email file: EMAIL_196f752bf2e56c03.md
Marked email 196f752bf2e56c03 as read
Created email file: EMAIL_196f5f42814af899.md
Marked email 196f5f42814af899 as read
Created email file: EMAIL_196f367abebe0322.md
Marked email 196f367abebe0322 as read
Created email file: EMAIL_196f3539cb9addd0.md
Marked email 196f3539cb9addd0 as read
Processed 10 new emails
Waiting 60 seconds before next check...
Checking for new emails at 2026-02-25 03:42:13.427660
Created email file: EMAIL_196f2c20c1efae06.md
Marked email 196f2c20c1efae06 as read
Created email file: EMAIL_196ee1da535d6db8.md
Marked email 196ee1da535d6db8 as read
Created email file: EMAIL_196e91afae0e6e01.md
Marked email 196e91afae0e6e01 as read
Created email file: EMAIL_196e90fa89181596.md
Marked email 196e90fa89181596 as read
Created email file: EMAIL_196e875a01973465.md
Marked email 196e875a01973465 as read
Created email file: EMAIL_196e3d0df4521f05.md
Marked email 196e3d0df4521f05 as read
Created email file: EMAIL_196e2e2a699a5a5a.md
Marked email 196e2e2a699a5a5a as read
Created email file: EMAIL_196e2d16ebde922c.md
Marked email 196e2d16ebde922c as read
Created email file: EMAIL_196e2bf646bfd40e.md
Marked email 196e2bf646bfd40e as read
Created email file: EMAIL_196e2bed23f6af0a.md
Marked email 196e2bed23f6af0a as read
Processed 10 new emails
Waiting 60 seconds before next check...
Checking for new emails at 2026-02-25 03:43:21.263763
Created email file: EMAIL_196e2be6e2c8c172.md
Marked email 196e2be6e2c8c172 as read
Created email file: EMAIL_196e1616bdaf3abd.md
Marked email 196e1616bdaf3abd as read
Created email file: EMAIL_196d9ecf42addbd2.md
Marked email 196d9ecf42addbd2 as read
Created email file: EMAIL_196d9dafdd7bca20.md
Marked email 196d9dafdd7bca20 as read
Created email file: EMAIL_196d8551670eafd4.md
Marked email 196d8551670eafd4 as read
Created email file: EMAIL_196d5cb19feb76a7.md
Marked email 196d5cb19feb76a7 as read
Created email file: EMAIL_196d434df8a8516c.md
Marked email 196d434df8a8516c as read
Created email file: EMAIL_196d3630b387d962.md
Marked email 196d3630b387d962 as read
Created email file: EMAIL_196cf8f7e96db889.md
Marked email 196cf8f7e96db889 as read
Created email file: EMAIL_196cf50acf4e8a00.md
Marked email 196cf50acf4e8a00 as read
Processed 10 new emails
Waiting 60 seconds before next check...
Checking for new emails at 2026-02-25 03:44:29.147649
Created email file: EMAIL_196cdd919f65e947.md
Marked email 196cdd919f65e947 as read
Created email file: EMAIL_196cbb466be430dc.md
Marked email 196cbb466be430dc as read
Created email file: EMAIL_196ca665b8147aca.md
Marked email 196ca665b8147aca as read
Created email file: EMAIL_196ca34d7b0b4c62.md
Marked email 196ca34d7b0b4c62 as read
Created email file: EMAIL_196ca02d67f11e96.md
Marked email 196ca02d67f11e96 as read
Created email file: EMAIL_196c900844d307d1.md
Marked email 196c900844d307d1 as read
Created email file: EMAIL_196c8ea0aa650808.md
Marked email 196c8ea0aa650808 as read
Created email file: EMAIL_196c8b1af90635ef.md
Marked email 196c8b1af90635ef as read
Created email file: EMAIL_196c5fa8b55d52e1.md
Marked email 196c5fa8b55d52e1 as read
Created email file: EMAIL_196c57f44a8a3357.md
Marked email 196c57f44a8a3357 as read
Processed 10 new emails
Waiting 60 seconds before next check...

Gmail polling stopped by user.
Starting Gmail polling...
Starting Gmail polling (checking every 60s for is:unread)...
Checking for new emails at 2026-02-25 03:44:51.053340
Created email file: EMAIL_196c51d8185f79b6.md
Marked email 196c51d8185f79b6 as read
Created email file: EMAIL_196c42281ea02175.md
Marked email 196c42281ea02175 as read
Created email file: EMAIL_196c3355e9a990d9.md
Marked email 196c3355e9a990d9 as read
Created email file: EMAIL_196bed27df93e69d.md
Marked email 196bed27df93e69d as read
Created email file: EMAIL_196be85434c8966c.md
Marked email 196be85434c8966c as read
Created email file: EMAIL_196bdf9bb8cf73c5.md
Marked email 196bdf9bb8cf73c5 as read
Created email file: EMAIL_196bd54eb52ff902.md
Marked email 196bd54eb52ff902 as read
Created email file: EMAIL_196b9e460b065929.md
Marked email 196b9e460b065929 as read
Created email file: EMAIL_196b9d32a51d0474.md
Marked email 196b9d32a51d0474 as read
Created email file: EMAIL_196b8e6df66a6039.md
Marked email 196b8e6df66a6039 as read
Processed 10 new emails
Waiting 60 seconds before next check...
Checking for new emails at 2026-02-25 03:46:02.253672
Created email file: EMAIL_196b719568672e8d.md
Marked email 196b719568672e8d as read
Created email file: EMAIL_196b624b7b076fc5.md
Marked email 196b624b7b076fc5 as read
Created email file: EMAIL_196b5f2524388424.md
Marked email 196b5f2524388424 as read
Created email file: EMAIL_196b5f1e39cac6c6.md
Marked email 196b5f1e39cac6c6 as read
Created email file: EMAIL_196b5f05b6673452.md
Marked email 196b5f05b6673452 as read
Created email file: EMAIL_196b59b6333201f4.md
Marked email 196b59b6333201f4 as read
Created email file: EMAIL_196b586f706e2be4.md
Marked email 196b586f706e2be4 as read
Created email file: EMAIL_196b3ba71733f253.md
Marked email 196b3ba71733f253 as read
Created email file: EMAIL_196b01f69e688774.md
Marked email 196b01f69e688774 as read
Created email file: EMAIL_196ae88c210541ee.md
Marked email 196ae88c210541ee as read
Processed 10 new emails
Waiting 60 seconds before next check...
Checking for new emails at 2026-02-25 03:47:09.917323
Created email file: EMAIL_196ab582baa9ee4b.md
Marked email 196ab582baa9ee4b as read
Created email file: EMAIL_196ab2af93c2b099.md
Marked email 196ab2af93c2b099 as read
Created email file: EMAIL_196aadfc2710a9d5.md
Marked email 196aadfc2710a9d5 as read
Created email file: EMAIL_196a97687c151ae4.md
Marked email 196a97687c151ae4 as read
Created email file: EMAIL_196a6285778adaec.md
Marked email 196a6285778adaec as read
Created email file: EMAIL_196a452606392b01.md
Marked email 196a452606392b01 as read
Created email file: EMAIL_196a16ff17b9fa6c.md
Marked email 196a16ff17b9fa6c as read
Created email file: EMAIL_196a10aa80c2b1ff.md
Marked email 196a10aa80c2b1ff as read
Created email file: EMAIL_1969fb37b55ca4e2.md
Marked email 1969fb37b55ca4e2 as read
Created email file: EMAIL_1969a3bdd3536cbb.md
Marked email 1969a3bdd3536cbb as read
Processed 10 new emails
Waiting 60 seconds before next check...
Checking for new emails at 2026-02-25 03:48:17.263975
Created email file: EMAIL_1969a090b4d3941b.md
Marked email 1969a090b4d3941b as read
Created email file: EMAIL_19699486a5c75d6e.md
Marked email 19699486a5c75d6e as read
Created email file: EMAIL_196918ee15dcc565.md
Marked email 196918ee15dcc565 as read
Created email file: EMAIL_196917d7bf296dc4.md
Marked email 196917d7bf296dc4 as read
Created email file: EMAIL_1968faccf7252915.md
Marked email 1968faccf7252915 as read
Created email file: EMAIL_1968c249c80b275f.md
Marked email 1968c249c80b275f as read
Created email file: EMAIL_1968a9769f1154a5.md
Marked email 1968a9769f1154a5 as read
Created email file: EMAIL_19687b00a039ec1b.md
Marked email 19687b00a039ec1b as read
Created email file: EMAIL_1968742279164d5c.md
Marked email 1968742279164d5c as read
Created email file: EMAIL_19682f78616b27e3.md
Marked email 19682f78616b27e3 as read
Processed 10 new emails
Waiting 60 seconds before next check...
Checking for new emails at 2026-02-25 03:49:24.726202
Created email file: EMAIL_1968296de8b67398.md
Marked email 1968296de8b67398 as read
Created email file: EMAIL_196821bcbdfc9907.md
Marked email 196821bcbdfc9907 as read
Created email file: EMAIL_19681bd550a0090c.md
Marked email 19681bd550a0090c as read
Created email file: EMAIL_1968159136820733.md
Marked email 1968159136820733 as read
Created email file: EMAIL_1968050a594cb63d.md
Marked email 1968050a594cb63d as read
Created email file: EMAIL_1967d634865aef32.md
Marked email 1967d634865aef32 as read
Created email file: EMAIL_1967d16ada88ff8b.md
Marked email 1967d16ada88ff8b as read
Created email file: EMAIL_1967c24864f07792.md
Marked email 1967c24864f07792 as read
Created email file: EMAIL_196753be016107dc.md
Marked email 196753be016107dc as read
Created email file: EMAIL_19670dcaaca13b74.md
Marked email 19670dcaaca13b74 as read
Processed 10 new emails
Waiting 60 seconds before next check...
Checking for new emails at 2026-02-25 03:50:32.180750
Created email file: EMAIL_1966d825ca4acf16.md
Marked email 1966d825ca4acf16 as read
Created email file: EMAIL_1966d74b4d48fa3d.md
Marked email 1966d74b4d48fa3d as read
Created email file: EMAIL_19668717459a6df3.md
Marked email 19668717459a6df3 as read
Created email file: EMAIL_1966337bece6e11a.md
Marked email 1966337bece6e11a as read
Created email file: EMAIL_1966311f5da7963d.md
Marked email 1966311f5da7963d as read
Created email file: EMAIL_1965ed70fe72dc87.md
Marked email 1965ed70fe72dc87 as read
Created email file: EMAIL_1965deb91034f249.md
Marked email 1965deb91034f249 as read
Created email file: EMAIL_1965956c427b3134.md
Marked email 1965956c427b3134 as read
Created email file: EMAIL_19658dea6c29d403.md
Marked email 19658dea6c29d403 as read
Created email file: EMAIL_196573172f1c030d.md
Marked email 196573172f1c030d as read
Processed 10 new emails
Waiting 60 seconds before next check...
Checking for new emails at 2026-02-25 03:51:39.768298
Created email file: EMAIL_196539ed2914472b.md
Marked email 196539ed2914472b as read
Created email file: EMAIL_19651f4f17f4291c.md
Marked email 19651f4f17f4291c as read
Created email file: EMAIL_196512f5d97f6c92.md
Marked email 196512f5d97f6c92 as read
Created email file: EMAIL_1964e7876ff1ad42.md
Marked email 1964e7876ff1ad42 as read
Created email file: EMAIL_1964975e29b88d05.md
Marked email 1964975e29b88d05 as read
Created email file: EMAIL_19649603ea0597f6.md
Marked email 19649603ea0597f6 as read
Created email file: EMAIL_19644e30458a449d.md
Marked email 19644e30458a449d as read
Created email file: EMAIL_196442bc1f3c0365.md
Marked email 196442bc1f3c0365 as read
Created email file: EMAIL_1963f291683760f5.md
Marked email 1963f291683760f5 as read
Created email file: EMAIL_1963f15dcb847fe2.md
Marked email 1963f15dcb847fe2 as read
Processed 10 new emails
Waiting 60 seconds before next check...
Checking for new emails at 2026-02-25 03:52:46.978626
Created email file: EMAIL_1963a02bffdfc5ea.md
Marked email 1963a02bffdfc5ea as read
Created email file: EMAIL_19639df07e0aa5ec.md
Marked email 19639df07e0aa5ec as read
Created email file: EMAIL_19635d91c80b6b19.md
Marked email 19635d91c80b6b19 as read
Created email file: EMAIL_196359f04268630f.md
Marked email 196359f04268630f as read
Created email file: EMAIL_19634d4a60d6fbed.md
Marked email 19634d4a60d6fbed as read
Created email file: EMAIL_196346e877bbfa14.md
Marked email 196346e877bbfa14 as read
Created email file: EMAIL_1963324ed4dacd3c.md
Marked email 1963324ed4dacd3c as read
Created email file: EMAIL_1962f924caddd82d.md
Marked email 1962f924caddd82d as read
Created email file: EMAIL_1962b09ec56168a5.md
Marked email 1962b09ec56168a5 as read
Created email file: EMAIL_1962a6bf17f7ebb4.md
Marked email 1962a6bf17f7ebb4 as read
Processed 10 new emails
Waiting 60 seconds before next check...
Checking for new emails at 2026-02-25 03:53:54.894890
Created email file: EMAIL_19625695c456a79c.md
Marked email 19625695c456a79c as read
Created email file: EMAIL_19625561b662b91e.md
Marked email 19625561b662b91e as read
Created email file: EMAIL_196212d67c5fa2bd.md
Marked email 196212d67c5fa2bd as read
Created email file: EMAIL_196201f3c8187a71.md
Marked email 196201f3c8187a71 as read
Created email file: EMAIL_1961beefd0e9ac99.md
Marked email 1961beefd0e9ac99 as read
Created email file: EMAIL_1961b1c9acdc34b6.md
Marked email 1961b1c9acdc34b6 as read
Created email file: EMAIL_1961b08fb020768a.md
Marked email 1961b08fb020768a as read
Created email file: EMAIL_19615d28568dfe28.md
Marked email 19615d28568dfe28 as read
Created email file: EMAIL_19611c0d9a8d3c1c.md
Marked email 19611c0d9a8d3c1c as read
Created email file: EMAIL_196113dbaebe4b6b.md
Marked email 196113dbaebe4b6b as read
Processed 10 new emails
Waiting 60 seconds before next check...
Checking for new emails at 2026-02-25 03:55:02.637894
Created email file: EMAIL_19610ca6230901f6.md
Marked email 19610ca6230901f6 as read
Created email file: EMAIL_1960f186be6192ec.md
Marked email 1960f186be6192ec as read
Created email file: EMAIL_1960b85cd9f14143.md
Marked email 1960b85cd9f14143 as read
Created email file: EMAIL_196065f70ef28eb4.md
Marked email 196065f70ef28eb4 as read
Created email file: EMAIL_19604f6ef6ab096b.md
Marked email 19604f6ef6ab096b as read
Created email file: EMAIL_196015cdd01be7f5.md
Marked email 196015cdd01be7f5 as read
Created email file: EMAIL_196015003e60ee2a.md
Marked email 196015003e60ee2a as read
Created email file: EMAIL_195fc12c897e3a61.md
Marked email 195fc12c897e3a61 as read
Created email file: EMAIL_195f71014dd5901e.md
Marked email 195f71014dd5901e as read
Created email file: EMAIL_195f1e9b90ca3323.md
Marked email 195f1e9b90ca3323 as read
Processed 10 new emails
Waiting 60 seconds before next check...
Checking for new emails at 2026-02-25 03:56:09.860990
Created email file: EMAIL_195f1c616544b4c6.md
Marked email 195f1c616544b4c6 as read
Created email file: EMAIL_195ed041c13b56f6.md
Marked email 195ed041c13b56f6 as read
Created email file: EMAIL_195ecc35e3bf1283.md
Marked email 195ecc35e3bf1283 as read
Created email file: EMAIL_195ecbf69e608cef.md
Marked email 195ecbf69e608cef as read
Created email file: EMAIL_195eb0be928a2221.md
Marked email 195eb0be928a2221 as read
Created email file: EMAIL_195e779473c09639.md
Marked email 195e779473c09639 as read
Created email file: EMAIL_195e2530b193e156.md
Marked email 195e2530b193e156 as read
Created email file: EMAIL_195dd504af7825ed.md
Marked email 195dd504af7825ed as read
Created email file: EMAIL_195dd449ce27cbfb.md
Marked email 195dd449ce27cbfb as read
Created email file: EMAIL_195d8063c63e3416.md
Marked email 195d8063c63e3416 as read
Processed 10 new emails
Waiting 60 seconds before next check...
Checking for new emails at 2026-02-25 03:57:17.926421
Created email file: EMAIL_195d3df4f2c3e9d8.md
Marked email 195d3df4f2c3e9d8 as read
Created email file: EMAIL_195d3501b481b1fd.md
Marked email 195d3501b481b1fd as read
Created email file: EMAIL_195d2f76cac4fb23.md
Marked email 195d2f76cac4fb23 as read
Created email file: EMAIL_195cdb97df827ca9.md
Marked email 195cdb97df827ca9 as read
Created email file: EMAIL_195c90166251d4a2.md
Marked email 195c90166251d4a2 as read
Created email file: EMAIL_195c8b6e65befc64.md
Marked email 195c8b6e65befc64 as read
Created email file: EMAIL_195c8b2bdfc2f9f1.md
Marked email 195c8b2bdfc2f9f1 as read
Created email file: EMAIL_195c6ff604f80897.md
Marked email 195c6ff604f80897 as read
Created email file: EMAIL_195c3ce191de63cf.md
Marked email 195c3ce191de63cf as read
Created email file: EMAIL_195c36cc15ab71c7.md
Marked email 195c36cc15ab71c7 as read
Processed 10 new emails
Waiting 60 seconds before next check...
Checking for new emails at 2026-02-25 03:58:25.593943
Created email file: EMAIL_195bf23825d315de.md
Marked email 195bf23825d315de as read
Created email file: EMAIL_195be4666512f878.md
Marked email 195be4666512f878 as read
Created email file: EMAIL_195b9a782cbe439f.md
Marked email 195b9a782cbe439f as read
Created email file: EMAIL_195b943c674667e9.md
Marked email 195b943c674667e9 as read
Created email file: EMAIL_195b93846222a14c.md
Marked email 195b93846222a14c as read
Created email file: EMAIL_195b3f9aec160d97.md
Marked email 195b3f9aec160d97 as read
Created email file: EMAIL_195b0dd2ae671459.md
Marked email 195b0dd2ae671459 as read
Created email file: EMAIL_195aee8cb3a415e1.md
Marked email 195aee8cb3a415e1 as read
Created email file: EMAIL_195a9d0b9b4d8072.md
Marked email 195a9d0b9b4d8072 as read
Created email file: EMAIL_195a9ad04e5a3ef4.md
Marked email 195a9ad04e5a3ef4 as read
Processed 10 new emails
Waiting 60 seconds before next check...
Checking for new emails at 2026-02-25 03:59:33.490721
Created email file: EMAIL_195a4aa56f369cc1.md
Marked email 195a4aa56f369cc1 as read
Created email file: EMAIL_195a4a3864585f0b.md
Marked email 195a4a3864585f0b as read
Created email file: EMAIL_195a2f2fd02bf410.md
Marked email 195a2f2fd02bf410 as read
Created email file: EMAIL_195a1eb1ee9b6ac8.md
Marked email 195a1eb1ee9b6ac8 as read
Created email file: EMAIL_1959f603d0833b84.md
Marked email 1959f603d0833b84 as read
Created email file: EMAIL_1959a39eca4395c3.md
Marked email 1959a39eca4395c3 as read
Created email file: EMAIL_19595de15c6900a4.md
Marked email 19595de15c6900a4 as read
Created email file: EMAIL_19595373ef07c270.md
Marked email 19595373ef07c270 as read
Created email file: EMAIL_1959529d023bfe89.md
Marked email 1959529d023bfe89 as read
Created email file: EMAIL_1958fed2ea70062d.md
Marked email 1958fed2ea70062d as read
Processed 10 new emails
Waiting 60 seconds before next check...
Checking for new emails at 2026-02-25 04:00:42.005058
Created email file: EMAIL_19589a38fd8b6e79.md
Marked email 19589a38fd8b6e79 as read
Created email file: EMAIL_19589061907e624b.md
Marked email 19589061907e624b as read
Created email file: EMAIL_19585a079227870a.md
Marked email 19585a079227870a as read
Created email file: EMAIL_1958093c891e7715.md
Marked email 1958093c891e7715 as read
Created email file: EMAIL_195802ff34adaa43.md
Marked email 195802ff34adaa43 as read
Created email file: EMAIL_1957ee65be1dca54.md
Marked email 1957ee65be1dca54 as read
Created email file: EMAIL_1957b53c1205e6e1.md
Marked email 1957b53c1205e6e1 as read
Created email file: EMAIL_195762d5f1332f8e.md
Marked email 195762d5f1332f8e as read
Created email file: EMAIL_195712ac38aacb74.md
Marked email 195712ac38aacb74 as read
Created email file: EMAIL_1956e97923fe6838.md
Marked email 1956e97923fe6838 as read
Processed 10 new emails
Waiting 60 seconds before next check...
Checking for new emails at 2026-02-25 04:01:50.858770
Created email file: EMAIL_1956be0ab6c8967f.md
Marked email 1956be0ab6c8967f as read
Created email file: EMAIL_19567b9c8ceb6736.md
Marked email 19567b9c8ceb6736 as read
Created email file: EMAIL_195670e0984073f5.md
Marked email 195670e0984073f5 as read
Created email file: EMAIL_19566d129259dc49.md
Marked email 19566d129259dc49 as read
Created email file: EMAIL_19561b7b1eeb7444.md
Marked email 19561b7b1eeb7444 as read
Created email file: EMAIL_1956194a1f0dde12.md
Marked email 1956194a1f0dde12 as read
Created email file: EMAIL_1955cff2aaa9f867.md
Marked email 1955cff2aaa9f867 as read
Created email file: EMAIL_1955c8a8031ec4a0.md
Marked email 1955c8a8031ec4a0 as read
Created email file: EMAIL_1955ad9da1d2a74b.md
Marked email 1955ad9da1d2a74b as read
Created email file: EMAIL_19557473890f1585.md
Marked email 19557473890f1585 as read
Processed 10 new emails
Waiting 60 seconds before next check...
Checking for new emails at 2026-02-25 04:02:59.651987
Created email file: EMAIL_19554d7c0267dda3.md
Marked email 19554d7c0267dda3 as read
Created email file: EMAIL_1955220d8b622c96.md
Marked email 1955220d8b622c96 as read
Created email file: EMAIL_1954d1e3836cdc2f.md
Marked email 1954d1e3836cdc2f as read
Created email file: EMAIL_1954d13897fe3f9a.md
Marked email 1954d13897fe3f9a as read
Created email file: EMAIL_1954c6e455ecc4d4.md
Marked email 1954c6e455ecc4d4 as read
Created email file: EMAIL_1954a8b101027367.md
Marked email 1954a8b101027367 as read
Created email file: EMAIL_19547de2d677c253.md
Marked email 19547de2d677c253 as read
Created email file: EMAIL_19547d42dce3c520.md
Marked email 19547d42dce3c520 as read
Created email file: EMAIL_19546bc7f127730e.md
Marked email 19546bc7f127730e as read
Created email file: EMAIL_19543fbced80bf31.md
Marked email 19543fbced80bf31 as read
Processed 10 new emails
Waiting 60 seconds before next check...
Checking for new emails at 2026-02-25 04:04:07.949855
Created email file: EMAIL_1954339cca325b3d.md
Marked email 1954339cca325b3d as read
Created email file: EMAIL_19542d8c2610a84b.md
Marked email 19542d8c2610a84b as read
Created email file: EMAIL_19542adcdb5ea72e.md
Marked email 19542adcdb5ea72e as read
Created email file: EMAIL_19541b038ecbd96b.md
Marked email 19541b038ecbd96b as read
Created email file: EMAIL_1953d8768a24cc2b.md
Marked email 1953d8768a24cc2b as read
Created email file: EMAIL_1953c75579d00178.md
Marked email 1953c75579d00178 as read
Created email file: EMAIL_19539371d7e61e26.md
Marked email 19539371d7e61e26 as read
Created email file: EMAIL_19538de2bee17e76.md
Marked email 19538de2bee17e76 as read
Created email file: EMAIL_195387e8af22aa52.md
Marked email 195387e8af22aa52 as read
Created email file: EMAIL_195384cc06854103.md
Marked email 195384cc06854103 as read
Processed 10 new emails
Waiting 60 seconds before next check...

Gmail polling stopped by user.
Starting Gmail polling...
Starting Gmail polling (checking every 60s for is:unread)...
Checking for new emails at 2026-02-25 04:11:39.569264
Created email file: EMAIL_19c91e95f2d24b90.md
Marked email 19c91e95f2d24b90 as read
Created email file: EMAIL_19526ec8a501c69f.md
Marked email 19526ec8a501c69f as read
Created email file: EMAIL_19524a0b8ba05f73.md
Marked email 19524a0b8ba05f73 as read
Created email file: EMAIL_19523c7bf32762b2.md
Marked email 19523c7bf32762b2 as read
Created email file: EMAIL_1951f084b650a2ff.md
Marked email 1951f084b650a2ff as read
Created email file: EMAIL_1951ea159a4fe03b.md
Marked email 1951ea159a4fe03b as read
Created email file: EMAIL_1951e22a8a8ee26e.md
Marked email 1951e22a8a8ee26e as read
Created email file: EMAIL_1951d8e2102afa49.md
Marked email 1951d8e2102afa49 as read
Created email file: EMAIL_195197af277431e4.md
Marked email 195197af277431e4 as read
Created email file: EMAIL_19518c2ea13d8451.md
Marked email 19518c2ea13d8451 as read
Processed 10 new emails
Waiting 60 seconds before next check...
Checking for new emails at 2026-02-25 04:12:48.931982
Created email file: EMAIL_19515a694013eecf.md
Marked email 19515a694013eecf as read
Created email file: EMAIL_19514e62e8a1c9e9.md
Marked email 19514e62e8a1c9e9 as read
Created email file: EMAIL_19514d97e457b06d.md
Marked email 19514d97e457b06d as read
Created email file: EMAIL_195146b3e2079a5f.md
Marked email 195146b3e2079a5f as read
Created email file: EMAIL_1950f2e2ec886d1f.md
Marked email 1950f2e2ec886d1f as read
Created email file: EMAIL_1950cbee564ad1f6.md
Marked email 1950cbee564ad1f6 as read
Created email file: EMAIL_1950a07d3b649c0a.md
Marked email 1950a07d3b649c0a as read
Created email file: EMAIL_195090373c30eda1.md
Marked email 195090373c30eda1 as read
Created email file: EMAIL_19505057d1af85f4.md
Marked email 19505057d1af85f4 as read
Created email file: EMAIL_19504f850fc359bc.md
Marked email 19504f850fc359bc as read
Processed 10 new emails
Waiting 60 seconds before next check...
Checking for new emails at 2026-02-25 04:13:56.542136
Created email file: EMAIL_1950429739ce45c2.md
Marked email 1950429739ce45c2 as read
Created email file: EMAIL_19502e0055da1b24.md
Marked email 19502e0055da1b24 as read
Created email file: EMAIL_194ffe35a69b9a1a.md
Marked email 194ffe35a69b9a1a as read
Created email file: EMAIL_194ffbb1e76a3522.md
Marked email 194ffbb1e76a3522 as read
Created email file: EMAIL_194fb3360324133f.md
Marked email 194fb3360324133f as read
Created email file: EMAIL_194fac59bd282864.md
Marked email 194fac59bd282864 as read
Created email file: EMAIL_194faa253b2218b1.md
Marked email 194faa253b2218b1 as read
Created email file: EMAIL_194fa94cc17b9ddb.md
Marked email 194fa94cc17b9ddb as read
Created email file: EMAIL_194f8254ec59c06f.md
Marked email 194f8254ec59c06f as read
Created email file: EMAIL_194f56e686b45b42.md
Marked email 194f56e686b45b42 as read
Processed 10 new emails
Waiting 60 seconds before next check...
Checking for new emails at 2026-02-25 04:15:04.051932
Created email file: EMAIL_194f4b6661b451a2.md
Marked email 194f4b6661b451a2 as read
Created email file: EMAIL_194f174264b2f7a6.md
Marked email 194f174264b2f7a6 as read
Created email file: EMAIL_194f1739535d0a40.md
Marked email 194f1739535d0a40 as read
Created email file: EMAIL_194f06bd04e07420.md
Marked email 194f06bd04e07420 as read
Created email file: EMAIL_194f06537272d32d.md
Marked email 194f06537272d32d as read
Created email file: EMAIL_194ec933fcb90533.md
Marked email 194ec933fcb90533 as read
Created email file: EMAIL_194eb66a4f64d11b.md
Marked email 194eb66a4f64d11b as read
Created email file: EMAIL_194eb21a859cdb62.md
Marked email 194eb21a859cdb62 as read
Created email file: EMAIL_194e8b23696b08ff.md
Marked email 194e8b23696b08ff as read
Created email file: EMAIL_194e693c50e73e46.md
Marked email 194e693c50e73e46 as read
Processed 10 new emails
Waiting 60 seconds before next check...
Checking for new emails at 2026-02-25 04:16:11.261905
Created email file: EMAIL_194e65361f5187e4.md
Marked email 194e65361f5187e4 as read
Created email file: EMAIL_194e5fb55c5b2c41.md
Marked email 194e5fb55c5b2c41 as read
Created email file: EMAIL_194e26703233e4e2.md
Marked email 194e26703233e4e2 as read
Created email file: EMAIL_194e0f8cd80f2888.md
Marked email 194e0f8cd80f2888 as read
Created email file: EMAIL_194e0ee81b33ffb0.md
Marked email 194e0ee81b33ffb0 as read
Created email file: EMAIL_194e0daf59d4d167.md
Marked email 194e0daf59d4d167 as read
Created email file: EMAIL_194e01d0164c682b.md
Marked email 194e01d0164c682b as read
Created email file: EMAIL_194de65812e89f1b.md
Marked email 194de65812e89f1b as read
Created email file: EMAIL_194dcae0f77d11b1.md
Marked email 194dcae0f77d11b1 as read
Created email file: EMAIL_194dc8400faba012.md
Marked email 194dc8400faba012 as read
Processed 10 new emails
Waiting 60 seconds before next check...
Checking for new emails at 2026-02-25 04:17:18.640392
Created email file: EMAIL_194dbae9ab8c3162.md
Marked email 194dbae9ab8c3162 as read
Created email file: EMAIL_194db01448ad15e0.md
Marked email 194db01448ad15e0 as read
Created email file: EMAIL_194d75c485524e3b.md
Marked email 194d75c485524e3b as read
Created email file: EMAIL_194d721032664ce3.md
Marked email 194d721032664ce3 as read
Created email file: EMAIL_194d6d985504000b.md
Marked email 194d6d985504000b as read
Created email file: EMAIL_194d6ac01b40ebe6.md
Marked email 194d6ac01b40ebe6 as read
Created email file: EMAIL_194d6a30cd1b9b1c.md
Marked email 194d6a30cd1b9b1c as read
Created email file: EMAIL_194d48cb991b2818.md
Marked email 194d48cb991b2818 as read
Created email file: EMAIL_194d418bec824efe.md
Marked email 194d418bec824efe as read
Created email file: EMAIL_194d25d7ea7fa98d.md
Marked email 194d25d7ea7fa98d as read
Processed 10 new emails
Waiting 60 seconds before next check...

Gmail polling stopped by user.
Starting Gmail polling...
Starting Gmail polling (checking every 60s for is:unread)...
Checking for new emails at 2026-02-25 04:25:06.730546
Created email file: EMAIL_194b7fc392772cbc.md
Marked email 194b7fc392772cbc as read
Created email file: EMAIL_194b7a2125730547.md
Marked email 194b7a2125730547 as read
Created email file: EMAIL_194b72ff5da02a29.md
Marked email 194b72ff5da02a29 as read
Created email file: EMAIL_194b2dfb698cd653.md
Marked email 194b2dfb698cd653 as read
Created email file: EMAIL_194b29f7725fdfd7.md
Marked email 194b29f7725fdfd7 as read
Created email file: EMAIL_194b29731e72dae7.md
Marked email 194b29731e72dae7 as read
Created email file: EMAIL_194b2701c2dee299.md
Marked email 194b2701c2dee299 as read
Created email file: EMAIL_194b1c3ba8a78d8d.md
Marked email 194b1c3ba8a78d8d as read
Created email file: EMAIL_194ae61d4c0cfa7f.md
Marked email 194ae61d4c0cfa7f as read
Created email file: EMAIL_194adc255cd4968e.md
Marked email 194adc255cd4968e as read
Processed 10 new emails
Waiting 60 seconds before next check...

Gmail polling stopped by user.
Starting Gmail polling...
Starting Gmail polling (checking every 60s for is:unread)...
Checking for new emails at 2026-02-25 05:16:04.094390
Created email file: EMAIL_1949ec9fc16064c6.md
Marked email 1949ec9fc16064c6 as read
Created email file: EMAIL_1949ea94e34ab306.md
Marked email 1949ea94e34ab306 as read
Created email file: EMAIL_1949ea8848636723.md
Marked email 1949ea8848636723 as read
Created email file: EMAIL_1949e445b86c3944.md
Marked email 1949e445b86c3944 as read
Created email file: EMAIL_1949de3bb3ea3368.md
Marked email 1949de3bb3ea3368 as read
Created email file: EMAIL_1949dcf6d0d3a88f.md
Marked email 1949dcf6d0d3a88f as read
Created email file: EMAIL_1949b9f1ea6db20a.md
Marked email 1949b9f1ea6db20a as read
Created email file: EMAIL_1949b72d7b0029d8.md
Marked email 1949b72d7b0029d8 as read
Created email file: EMAIL_194993164e3a9705.md
Marked email 194993164e3a9705 as read
Created email file: EMAIL_19498dfa9c632952.md
Marked email 19498dfa9c632952 as read
Processed 10 new emails
Waiting 60 seconds before next check...

Gmail polling stopped by user.
Starting Gmail polling...
Starting Gmail polling (checking every 60s for is:unread)...
Checking for new emails at 2026-02-26 23:53:23.936701
Created email file: EMAIL_194939c15c0a3fd2.md
Marked email 194939c15c0a3fd2 as read
Created email file: EMAIL_194904a1dee7df66.md
Marked email 194904a1dee7df66 as read
Created email file: EMAIL_1948f712eb6d6754.md
Marked email 1948f712eb6d6754 as read
Created email file: EMAIL_1948f509f0c754a9.md
Marked email 1948f509f0c754a9 as read
Created email file: EMAIL_1948f00c2d2f0343.md
Marked email 1948f00c2d2f0343 as read
Created email file: EMAIL_1948ee43c10d7284.md
Marked email 1948ee43c10d7284 as read
Created email file: EMAIL_1948e92f5b3fca3e.md
Marked email 1948e92f5b3fca3e as read
Created email file: EMAIL_1948e8dfabde98fd.md
Marked email 1948e8dfabde98fd as read
Created email file: EMAIL_1948bbcef24b11d3.md
Marked email 1948bbcef24b11d3 as read
Created email file: EMAIL_1948a48493b33669.md
Marked email 1948a48493b33669 as read
Processed 10 new emails
Waiting 60 seconds before next check...
Checking for new emails at 2026-02-26 23:54:34.265620
Created email file: EMAIL_19489e73ad4fdd16.md
Marked email 19489e73ad4fdd16 as read
Created email file: EMAIL_194895c0582f31d4.md
Marked email 194895c0582f31d4 as read
Created email file: EMAIL_1948948dc8482f52.md
Marked email 1948948dc8482f52 as read
Created email file: EMAIL_19486968ce47c468.md
Marked email 19486968ce47c468 as read
Created email file: EMAIL_19484417cbd85754.md
Marked email 19484417cbd85754 as read
Created email file: EMAIL_19483a9166d28e0c.md
Marked email 19483a9166d28e0c as read
Created email file: EMAIL_194828ebaf0c2270.md
Marked email 194828ebaf0c2270 as read
Created email file: EMAIL_194817031420eab3.md
Marked email 194817031420eab3 as read
Created email file: EMAIL_1947efc1e7940ae6.md
Marked email 1947efc1e7940ae6 as read
Created email file: EMAIL_1947c49d6c562a48.md
Marked email 1947c49d6c562a48 as read
Processed 10 new emails
Waiting 60 seconds before next check...
Checking for new emails at 2026-02-26 23:55:44.129275
Created email file: EMAIL_1947b3a312aa7d7b.md
Marked email 1947b3a312aa7d7b as read
Created email file: EMAIL_19479f51b115c3bc.md
Marked email 19479f51b115c3bc as read
Created email file: EMAIL_1947766b5f980977.md
Marked email 1947766b5f980977 as read
Created email file: EMAIL_194772378b23dc37.md
Marked email 194772378b23dc37 as read
Created email file: EMAIL_19474af6b5a65d6d.md
Marked email 19474af6b5a65d6d as read
Created email file: EMAIL_1947465425a3b85e.md
Marked email 1947465425a3b85e as read
Created email file: EMAIL_19473f76479de80f.md
Marked email 19473f76479de80f as read
Created email file: EMAIL_194726c1ce4691fc.md
Marked email 194726c1ce4691fc as read
Created email file: EMAIL_19471fd2252174a3.md
Marked email 19471fd2252174a3 as read
Created email file: EMAIL_194717ead35521df.md
Marked email 194717ead35521df as read
Processed 10 new emails
Waiting 60 seconds before next check...
Checking for new emails at 2026-02-26 23:56:59.859744
Created email file: EMAIL_1946ede0faead277.md
Marked email 1946ede0faead277 as read
Created email file: EMAIL_1946cd6c4e81b7b0.md
Marked email 1946cd6c4e81b7b0 as read
Created email file: EMAIL_1946c3dd1d3c88d0.md
Marked email 1946c3dd1d3c88d0 as read
Created email file: EMAIL_1946a8af75ed9fba.md
Marked email 1946a8af75ed9fba as read
Created email file: EMAIL_1946a69b6e9f6d43.md
Marked email 1946a69b6e9f6d43 as read
Created email file: EMAIL_1946a62c10eb2bda.md
Marked email 1946a62c10eb2bda as read
Created email file: EMAIL_1946a0ec80fb553b.md
Marked email 1946a0ec80fb553b as read
Created email file: EMAIL_19467b0659e4c986.md
Marked email 19467b0659e4c986 as read
Created email file: EMAIL_194653c5b44b62eb.md
Marked email 194653c5b44b62eb as read
Created email file: EMAIL_194653819984b406.md
Marked email 194653819984b406 as read
Processed 10 new emails
Waiting 60 seconds before next check...
Checking for new emails at 2026-02-26 23:58:09.189516
Created email file: EMAIL_19465292793159a4.md
Marked email 19465292793159a4 as read
Created email file: EMAIL_194648458f4359f6.md
Marked email 194648458f4359f6 as read
Created email file: EMAIL_194628a0c1ee1c17.md
Marked email 194628a0c1ee1c17 as read
Created email file: EMAIL_19460e174822fdb0.md
Marked email 19460e174822fdb0 as read
Created email file: EMAIL_1946070b2211a428.md
Marked email 1946070b2211a428 as read
Created email file: EMAIL_194601f14e6c2437.md
Marked email 194601f14e6c2437 as read
Created email file: EMAIL_194601edaff17b8c.md
Marked email 194601edaff17b8c as read
Created email file: EMAIL_1946015f620ccace.md
Marked email 1946015f620ccace as read
Created email file: EMAIL_1945e824355fcf77.md
Marked email 1945e824355fcf77 as read
Created email file: EMAIL_1945d63b0b009799.md
Marked email 1945d63b0b009799 as read
Processed 10 new emails
Waiting 60 seconds before next check...
Checking for new emails at 2026-02-26 23:59:19.898425
Created email file: EMAIL_1945b857b1c700ae.md
Marked email 1945b857b1c700ae as read
Created email file: EMAIL_1945af38f384c274.md
Marked email 1945af38f384c274 as read
Created email file: EMAIL_1945aef98cc8aae0.md
Marked email 1945aef98cc8aae0 as read
Created email file: EMAIL_194583d5a253019d.md
Marked email 194583d5a253019d as read
Created email file: EMAIL_1945731abef2d6e4.md
Marked email 1945731abef2d6e4 as read
Created email file: EMAIL_19455c942c8ef052.md
Marked email 19455c942c8ef052 as read
Created email file: EMAIL_19455c5f60809933.md
Marked email 19455c5f60809933 as read
Created email file: EMAIL_1945322e2b3a39f0.md
Marked email 1945322e2b3a39f0 as read
Created email file: EMAIL_1945316f4c937b8d.md
Marked email 1945316f4c937b8d as read
Created email file: EMAIL_19450d30114ea6d8.md
Marked email 19450d30114ea6d8 as read
Processed 10 new emails
Waiting 60 seconds before next check...
Checking for new emails at 2026-02-27 00:00:28.421737
Created email file: EMAIL_19450a3e555629f1.md
Marked email 19450a3e555629f1 as read
Created email file: EMAIL_19450a3b9390a650.md
Marked email 19450a3b9390a650 as read
Created email file: EMAIL_1944fefed5237104.md
Marked email 1944fefed5237104 as read
Created email file: EMAIL_1944fb402f579de5.md
Marked email 1944fb402f579de5 as read
Created email file: EMAIL_1944f6c8b9c39484.md
Marked email 1944f6c8b9c39484 as read
Created email file: EMAIL_1944df09e8b111ab.md
Marked email 1944df09e8b111ab as read
Created email file: EMAIL_1944bfcdd5acd3ff.md
Marked email 1944bfcdd5acd3ff as read
Created email file: EMAIL_1944b7c9b594ebf0.md
Marked email 1944b7c9b594ebf0 as read
Created email file: EMAIL_1944b6bae3c514e1.md
Marked email 1944b6bae3c514e1 as read
Created email file: EMAIL_194493910dde6459.md
Marked email 194493910dde6459 as read
Processed 10 new emails
Waiting 60 seconds before next check...
Checking for new emails at 2026-02-27 00:01:37.246541
Created email file: EMAIL_19448ca3c81fb3ff.md
Marked email 19448ca3c81fb3ff as read
Created email file: EMAIL_194476cf1b6cf4c0.md
Marked email 194476cf1b6cf4c0 as read
Created email file: EMAIL_19446c60ae1c09df.md
Marked email 19446c60ae1c09df as read
Created email file: EMAIL_19446a58d2d9ae09.md
Marked email 19446a58d2d9ae09 as read
Created email file: EMAIL_194465c1f53bd03f.md
Marked email 194465c1f53bd03f as read
Created email file: EMAIL_194464fc9c94ca6e.md
Marked email 194464fc9c94ca6e as read
Created email file: EMAIL_19445bac4e77627a.md
Marked email 19445bac4e77627a as read
Created email file: EMAIL_1944568a1bd08b88.md
Marked email 1944568a1bd08b88 as read
Created email file: EMAIL_1944483dce618aa4.md
Marked email 1944483dce618aa4 as read
Created email file: EMAIL_19443a3e67c61572.md
Marked email 19443a3e67c61572 as read
Processed 10 new emails
Waiting 60 seconds before next check...
Checking for new emails at 2026-02-27 00:02:47.580888
Created email file: EMAIL_19442973bc1ee503.md
Marked email 19442973bc1ee503 as read
Created email file: EMAIL_19441f6e7c562203.md
Marked email 19441f6e7c562203 as read
Created email file: EMAIL_1944130fc946e688.mdStarting Gmail polling...
Starting Gmail polling (checking every 60s for is:unread)...
Checking for new emails at 2026-02-27 02:37:30.649685
Created email file: EMAIL_19c9be0d03772491.md
Marked email 19c9be0d03772491 as read
Created email file: EMAIL_193fe5a532db1be8.md
Marked email 193fe5a532db1be8 as read
Created email file: EMAIL_193fe45c91e93437.md
Marked email 193fe45c91e93437 as read
Created email file: EMAIL_193fe410024f784c.md
Marked email 193fe410024f784c as read
Created email file: EMAIL_193fe3d2d479a980.md
Marked email 193fe3d2d479a980 as read
Created email file: EMAIL_193fd4e329d1f0c4.md
Marked email 193fd4e329d1f0c4 as read
Created email file: EMAIL_193fb8adf3741c27.md
Marked email 193fb8adf3741c27 as read
Created email file: EMAIL_193fa7891a255817.md
Marked email 193fa7891a255817 as read
Created email file: EMAIL_193fa08aaa246e35.md
Marked email 193fa08aaa246e35 as read
Created email file: EMAIL_193f9a40db79b556.md
Marked email 193f9a40db79b556 as read
Processed 10 new emails
Waiting 60 seconds before next check...

Gmail polling stopped by user.
Starting Gmail polling...
Starting Gmail polling (checking every 60s for is:unread)...
Checking for new emails at 2026-02-27 02:45:11.091495
Created email file: EMAIL_193f96793dea4300.md
Marked email 193f96793dea4300 as read
Created email file: EMAIL_193f93092f634d91.md
Marked email 193f93092f634d91 as read
Created email file: EMAIL_193f916c872751b4.md
Marked email 193f916c872751b4 as read
Created email file: EMAIL_193f903992f9b645.md
Marked email 193f903992f9b645 as read
Created email file: EMAIL_193f8b64b730da62.md
Marked email 193f8b64b730da62 as read
Created email file: EMAIL_193f85ec9b06fd6b.md
Marked email 193f85ec9b06fd6b as read
Created email file: EMAIL_193f81fc8db6613c.md
Marked email 193f81fc8db6613c as read
Created email file: EMAIL_193f6d2ca281ace7.md
Marked email 193f6d2ca281ace7 as read
Created email file: EMAIL_193f664850b1a273.md
Marked email 193f664850b1a273 as read
Created email file: EMAIL_193f4bbc6b20e746.md
Marked email 193f4bbc6b20e746 as read
Processed 10 new emails
Waiting 60 seconds before next check...
Checking for new emails at 2026-02-27 02:46:23.320859
Created email file: EMAIL_193f4711379ce926.md
Marked email 193f4711379ce926 as read
Created email file: EMAIL_193f3fb8376cca42.md
Marked email 193f3fb8376cca42 as read
Created email file: EMAIL_193f3f07f0abc327.md
Marked email 193f3f07f0abc327 as read
Created email file: EMAIL_193f13e269550074.md
Marked email 193f13e269550074 as read
Created email file: EMAIL_193f02aa2d271877.md
Marked email 193f02aa2d271877 as read
Created email file: EMAIL_193ef9c4225b63c9.md
Marked email 193ef9c4225b63c9 as read
Created email file: EMAIL_193ef36b610fe727.md
Marked email 193ef36b610fe727 as read
Created email file: EMAIL_193eeca15f4d89b6.md
Marked email 193eeca15f4d89b6 as read
Created email file: EMAIL_193eebd8e05eeb7a.md
Marked email 193eebd8e05eeb7a as read
Created email file: EMAIL_193ec5a4363156a5.md
Marked email 193ec5a4363156a5 as read
Processed 10 new emails
Waiting 60 seconds before next check...
Checking for new emails at 2026-02-27 02:47:32.118330
Created email file: EMAIL_193ec17cd3f22f31.md
Marked email 193ec17cd3f22f31 as read
Created email file: EMAIL_193ea1a195f9613c.md
Marked email 193ea1a195f9613c as read
Created email file: EMAIL_193e9a3b5d40bff5.md
Marked email 193e9a3b5d40bff5 as read
Created email file: EMAIL_193e98da840b1870.md
Marked email 193e98da840b1870 as read
Created email file: EMAIL_193e6fd4c91303f3.md
Marked email 193e6fd4c91303f3 as read
Created email file: EMAIL_193e6f16f16d56f0.md
Marked email 193e6f16f16d56f0 as read
Created email file: EMAIL_193e4faded3596c4.md
Marked email 193e4faded3596c4 as read
Created email file: EMAIL_193e481eaa529ffb.md
Marked email 193e481eaa529ffb as read
Created email file: EMAIL_193e47e45f2690fd.md
Marked email 193e47e45f2690fd as read
Created email file: EMAIL_193e38e6faafc3d0.md
Marked email 193e38e6faafc3d0 as read
Processed 10 new emails
Waiting 60 seconds before next check...
Checking for new emails at 2026-02-27 02:48:40.331347
Created email file: EMAIL_193e1cb12834288e.md
Marked email 193e1cb12834288e as read
Created email file: EMAIL_193e0b6e81bbee65.md
Marked email 193e0b6e81bbee65 as read
Created email file: EMAIL_193e03672148db64.md
Marked email 193e03672148db64 as read
Created email file: EMAIL_193dff368eea021b.md
Marked email 193dff368eea021b as read
Created email file: EMAIL_193dfd08e41dc632.md
Marked email 193dfd08e41dc632 as read
Created email file: EMAIL_193df56fefa49683.md
Marked email 193df56fefa49683 as read
Created email file: EMAIL_193df3be46c26c8f.md
Marked email 193df3be46c26c8f as read
Created email file: EMAIL_193dcde87c1aa0d3.md
Marked email 193dcde87c1aa0d3 as read
Created email file: EMAIL_193dca4b44abd4fb.md
Marked email 193dca4b44abd4fb as read
Created email file: EMAIL_193daf4403b092fe.md
Marked email 193daf4403b092fe as read
Processed 10 new emails
Waiting 60 seconds before next check...
Checking for new emails at 2026-02-27 02:49:48.079177
Created email file: EMAIL_193dac0080f83ef1.md
Marked email 193dac0080f83ef1 as read
Created email file: EMAIL_193da495828d8f35.md
Marked email 193da495828d8f35 as read
Created email file: EMAIL_193da37defcb54bb.md
Marked email 193da37defcb54bb as read
Created email file: EMAIL_193da30b0e93bb99.md
Marked email 193da30b0e93bb99 as read
Created email file: EMAIL_193d9dd80916d259.md
Marked email 193d9dd80916d259 as read
Created email file: EMAIL_193d9dbcb4c60f02.md
Marked email 193d9dbcb4c60f02 as read
Created email file: EMAIL_193d941b63a260e0.md
Marked email 193d941b63a260e0 as read
Created email file: EMAIL_193d85e16bb89087.md
Marked email 193d85e16bb89087 as read
Created email file: EMAIL_193d77e589c18e04.md
Marked email 193d77e589c18e04 as read
Created email file: EMAIL_193d5dcb29e30771.md
Marked email 193d5dcb29e30771 as read
Processed 10 new emails
Waiting 60 seconds before next check...
Checking for new emails at 2026-02-27 02:50:55.886124
Created email file: EMAIL_193d590f3ea4753f.md
Marked email 193d590f3ea4753f as read
Created email file: EMAIL_193d54d5b1fd7cc2.md
Marked email 193d54d5b1fd7cc2 as read
Created email file: EMAIL_193d50a477e5e721.md
Marked email 193d50a477e5e721 as read
Created email file: EMAIL_193d4f71745503d4.md
Marked email 193d4f71745503d4 as read
Created email file: EMAIL_193d452437ea92f1.md
Marked email 193d452437ea92f1 as read
Created email file: EMAIL_193d2580ffe8d007.md
Marked email 193d2580ffe8d007 as read
Created email file: EMAIL_193d143103b6e317.md
Marked email 193d143103b6e317 as read
Created email file: EMAIL_193d0d2c8104e40b.md
Marked email 193d0d2c8104e40b as read
Created email file: EMAIL_193d05eafb95f240.md
Marked email 193d05eafb95f240 as read
Created email file: EMAIL_193cff944ffa2fe7.md
Marked email 193cff944ffa2fe7 as read
Processed 10 new emails
Waiting 60 seconds before next check...
Checking for new emails at 2026-02-27 02:52:03.363788
Created email file: EMAIL_193cfee656bf3f8a.md
Marked email 193cfee656bf3f8a as read
Created email file: EMAIL_193cfe3e6b6b9b37.md
Marked email 193cfe3e6b6b9b37 as read
Created email file: EMAIL_193ce502ab5d76e9.md
Marked email 193ce502ab5d76e9 as read
Created email file: EMAIL_193cd319fbca4005.md
Marked email 193cd319fbca4005 as read
Created email file: EMAIL_193cb163a00fd1f9.md
Marked email 193cb163a00fd1f9 as read
Created email file: EMAIL_193cabd8c78e860e.md
Marked email 193cabd8c78e860e as read
Created email file: EMAIL_193cab4abd5057d0.md
Marked email 193cab4abd5057d0 as read
Created email file: EMAIL_193c85e3cad3d3e4.md
Marked email 193c85e3cad3d3e4 as read
Created email file: EMAIL_193c80b3e6097e26.md
Marked email 193c80b3e6097e26 as read
Created email file: EMAIL_193c6182cffecf9a.md
Marked email 193c6182cffecf9a as read
Processed 10 new emails
Waiting 60 seconds before next check...
Checking for new emails at 2026-02-27 02:53:10.846353
Created email file: EMAIL_193c5a62a9d9d1fb.md
Marked email 193c5a62a9d9d1fb as read
Created email file: EMAIL_193c2f0d2e472539.md
Marked email 193c2f0d2e472539 as read
Created email file: EMAIL_193c2e4e6219f1d0.md
Marked email 193c2e4e6219f1d0 as read
Created email file: EMAIL_193c1ceba54b04b3.md
Marked email 193c1ceba54b04b3 as read
Created email file: EMAIL_193c0d92a6165e18.md
Marked email 193c0d92a6165e18 as read
Created email file: EMAIL_193c096f4dfa8962.md
Marked email 193c096f4dfa8962 as read
Created email file: EMAIL_193c07c3d0e44003.md
Marked email 193c07c3d0e44003 as read
Created email file: EMAIL_193bfb8dd966c662.md
Marked email 193bfb8dd966c662 as read
Created email file: EMAIL_193bdbe8dd591d28.md
Marked email 193bdbe8dd591d28 as read
Created email file: EMAIL_193bc212489404aa.md
Marked email 193bc212489404aa as read
Processed 10 new emails
Waiting 60 seconds before next check...
Checking for new emails at 2026-02-27 02:54:18.138038
Created email file: EMAIL_193bb6acb64de4d2.md
Marked email 193bb6acb64de4d2 as read
Created email file: EMAIL_193bb4a76dff0e38.md
Marked email 193bb4a76dff0e38 as read
Created email file: EMAIL_193ba8b0d9c67cdd.mdStarting Gmail polling...
Starting Gmail polling (checking every 60s for is:unread)...
Checking for new emails at 2026-02-27 02:58:12.056556
Created email file: EMAIL_193a45184ab0af75.md
Marked email 193a45184ab0af75 as read
Created email file: EMAIL_193a3fecc559473b.md
Marked email 193a3fecc559473b as read
Created email file: EMAIL_193a26bc9d59a229.md
Marked email 193a26bc9d59a229 as read
Created email file: EMAIL_193a1f57d9b8b514.md
Marked email 193a1f57d9b8b514 as read
Created email file: EMAIL_193a18aac4064232.md
Marked email 193a18aac4064232 as read
Created email file: EMAIL_1939ed86a3d95a22.md
Marked email 1939ed86a3d95a22 as read
Created email file: EMAIL_1939dc014c78d313.md
Marked email 1939dc014c78d313 as read
Created email file: EMAIL_1939d551a144ff4b.md
Marked email 1939d551a144ff4b as read
Created email file: EMAIL_1939cdc858a5841b.md
Marked email 1939cdc858a5841b as read
Created email file: EMAIL_1939c880eb14f80a.md
Marked email 1939c880eb14f80a as read
Processed 10 new emails
Waiting 60 seconds before next check...
Checking for new emails at 2026-02-27 02:59:23.569650
Created email file: EMAIL_19398773438ff248.md
Marked email 19398773438ff248 as read
Created email file: EMAIL_1939828d7cead667.md
Marked email 1939828d7cead667 as read
Created email file: EMAIL_1939824b19a231a4.md
Marked email 1939824b19a231a4 as read
Created email file: EMAIL_193980ef1008621a.md
Marked email 193980ef1008621a as read
Created email file: EMAIL_19397fce3f7b25af.md
Marked email 19397fce3f7b25af as read
Created email file: EMAIL_19397f72e43b97c8.md
Marked email 19397f72e43b97c8 as read
Created email file: EMAIL_19397b2f220ba04b.md
Marked email 19397b2f220ba04b as read
Created email file: EMAIL_19397afaf387112d.md
Marked email 19397afaf387112d as read
Created email file: EMAIL_19397588ae20d2a5.md
Marked email 19397588ae20d2a5 as read
Created email file: EMAIL_193973dff1fac5fe.md
Marked email 193973dff1fac5fe as read
Processed 10 new emails
Waiting 60 seconds before next check...
Checking for new emails at 2026-02-27 03:00:32.767874
Created email file: EMAIL_193927ca8ccdbac3.md
Marked email 193927ca8ccdbac3 as read
Created email file: EMAIL_1939273dd90c6852.md
Marked email 1939273dd90c6852 as read
Created email file: EMAIL_193926cef82e23b6.md
Marked email 193926cef82e23b6 as read
Created email file: EMAIL_193926b8324360c8.md
Marked email 193926b8324360c8 as read
Created email file: EMAIL_193926b794d9d220.md
Marked email 193926b794d9d220 as read
Created email file: EMAIL_19392602a6d141bf.md
Marked email 19392602a6d141bf as read
Created email file: EMAIL_193921e595f8cf92.md
Marked email 193921e595f8cf92 as read
Created email file: EMAIL_1939217a3ae4d69a.md
Marked email 1939217a3ae4d69a as read
Created email file: EMAIL_19391b38206d8a96.md
Marked email 19391b38206d8a96 as read
Created email file: EMAIL_1938f654d6ffb3c1.md
Marked email 1938f654d6ffb3c1 as read
Processed 10 new emails
Waiting 60 seconds before next check...
Checking for new emails at 2026-02-27 03:01:41.632411
Created email file: EMAIL_1938cf141769f3ea.md
Marked email 1938cf141769f3ea as read
Created email file: EMAIL_1938ca35f79d985d.md
Marked email 1938ca35f79d985d as read
Created email file: EMAIL_1938c4184d7567c8.md
Marked email 1938c4184d7567c8 as read
Created email file: EMAIL_1938c393adfc303f.md
Marked email 1938c393adfc303f as read
Created email file: EMAIL_1938c3171340d3d2.md
Marked email 1938c3171340d3d2 as read
Created email file: EMAIL_1938ad5d477db578.md
Marked email 1938ad5d477db578 as read
Created email file: EMAIL_1938a3ef9bd57f15.md
Marked email 1938a3ef9bd57f15 as read
Created email file: EMAIL_19388bb3c48ffcb7.md
Marked email 19388bb3c48ffcb7 as read
Created email file: EMAIL_193887654bee19d2.md
Marked email 193887654bee19d2 as read
Created email file: EMAIL_1938842031de3fb8.md
Marked email 1938842031de3fb8 as read
Processed 10 new emails
Waiting 60 seconds before next check...
Checking for new emails at 2026-02-27 03:02:50.308607
Created email file: EMAIL_1938044e8ecaae75.md
Marked email 1938044e8ecaae75 as read
Created email file: EMAIL_1937ff23c46a3759.md
Marked email 1937ff23c46a3759 as read
Created email file: EMAIL_1937e5dd714d2674.md
Marked email 1937e5dd714d2674 as read
Created email file: EMAIL_1937dd753d0b3132.md
Marked email 1937dd753d0b3132 as read
Created email file: EMAIL_1937d7e27dde16da.md
Marked email 1937d7e27dde16da as read
Created email file: EMAIL_1937acbe0aacfae7.md
Marked email 1937acbe0aacfae7 as read
Created email file: EMAIL_193793567747d574.md
Marked email 193793567747d574 as read
Created email file: EMAIL_19378d35cf917ecb.md
Marked email 19378d35cf917ecb as read
Created email file: EMAIL_19378640c1733c3f.md
Marked email 19378640c1733c3f as read
Created email file: EMAIL_1937857e24bcba12.md
Marked email 1937857e24bcba12 as read
Processed 10 new emails
Waiting 60 seconds before next check...
Checking for new emails at 2026-02-27 03:04:01.053449
Created email file: EMAIL_1936e9718af8af39.md
Marked email 1936e9718af8af39 as read
Created email file: EMAIL_1936e8cb4969c341.md
Marked email 1936e8cb4969c341 as read
Created email file: EMAIL_1936e7ada74da653.md
Marked email 1936e7ada74da653 as read
Created email file: EMAIL_1936e71bfca93501.md
Marked email 1936e71bfca93501 as read
Created email file: EMAIL_1936e15532d167ed.md
Marked email 1936e15532d167ed as read
Created email file: EMAIL_1936e0b273b9a4e4.md
Marked email 1936e0b273b9a4e4 as read
Created email file: EMAIL_1936b58cf9cc1e8d.md
Marked email 1936b58cf9cc1e8d as read
Created email file: EMAIL_1936998af591c462.md
Marked email 1936998af591c462 as read
Created email file: EMAIL_1936920ceb169db5.md
Marked email 1936920ceb169db5 as read
Created email file: EMAIL_19368e4c0387df8e.md
Marked email 19368e4c0387df8e as read
Processed 10 new emails
Waiting 60 seconds before next check...
Checking for new emails at 2026-02-27 03:05:09.805743
Created email file: EMAIL_193610c13604ffc4.md
Marked email 193610c13604ffc4 as read
Created email file: EMAIL_1935f56e6a4a35a7.md
Marked email 1935f56e6a4a35a7 as read
Created email file: EMAIL_1935e9804ab23663.md
Marked email 1935e9804ab23663 as read
Created email file: EMAIL_1935c383229da8e5.md
Marked email 1935c383229da8e5 as read
Created email file: EMAIL_1935be5b5f4c3246.md
Marked email 1935be5b5f4c3246 as read
Created email file: EMAIL_1935a8a7dece7ee3.md
Marked email 1935a8a7dece7ee3 as read
Created email file: EMAIL_1935a1b8d298da50.md
Marked email 1935a1b8d298da50 as read
Created email file: EMAIL_19359a9f95d92b52.md
Marked email 19359a9f95d92b52 as read
Created email file: EMAIL_1935971ab4f7034e.md
Marked email 1935971ab4f7034e as read
Created email file: EMAIL_19356cb3d10de14c.md
Marked email 19356cb3d10de14c as read
Processed 10 new emails
Waiting 60 seconds before next check...

Gmail polling stopped by user.
ad
Created email file: EMAIL_19383b0ced55e97d.md
Marked email 19383b0ced55e97d as read
Created email file: EMAIL_193833a2f2271cb0.md
Marked email 193833a2f2271cb0 as read
Created email file: EMAIL_19382d42f62e21f2.md
Marked email 19382d42f62e21f2 as read
Created email file: EMAIL_19382a483162c9d0.md
Marked email 19382a483162c9d0 as read
Created email file: EMAIL_193822b8a912b8dd.md
Marked email 193822b8a912b8dd as read
Created email file: EMAIL_19380a1830030498.md
Marked email 19380a1830030498 as read
Processed 10 new emails
Waiting 60 seconds before next check...
Checking for new emails at 2026-02-27 03:03:22.373019
Created email file: EMAIL_193779fdbb55e6d6.md
Marked email 193779fdbb55e6d6 as read
Created email file: EMAIL_1937768d80ad039b.md
Marked email 1937768d80ad039b as read
Created email file: EMAIL_19375a5908e1bb94.md
Marked email 19375a5908e1bb94 as read
Created email file: EMAIL_19373f322353b0f8.md
Marked email 19373f322353b0f8 as read
Created email file: EMAIL_19373440b4fd17a3.md
Marked email 19373440b4fd17a3 as read
Created email file: EMAIL_1937331eb788aaae.md
Marked email 1937331eb788aaae as read
Created email file: EMAIL_1937244e6bf76401.mdStarting Gmail polling...
Starting Gmail polling (checking every 60s for is:unread)...
Checking for new emails at 2026-02-27 03:06:21.371248
Created email file: EMAIL_1935198fe2ffe38b.md
Marked email 1935198fe2ffe38b as read
Created email file: EMAIL_193505b5a2829baf.md
Marked email 193505b5a2829baf as read
Created email file: EMAIL_1934fffe5e360576.md
Marked email 1934fffe5e360576 as read
Created email file: EMAIL_1934f7c6ada17cd9.md
Marked email 1934f7c6ada17cd9 as read
Created email file: EMAIL_1934f38fefbb614f.md
Marked email 1934f38fefbb614f as read
Created email file: EMAIL_1934f24f17c7f2ac.md
Marked email 1934f24f17c7f2ac as read
Created email file: EMAIL_1934edc49a44719f.md
Marked email 1934edc49a44719f as read
Created email file: EMAIL_1934c72a1f0256ad.md
Marked email 1934c72a1f0256ad as read
Created email file: EMAIL_1934ac0b36d661ad.md
Marked email 1934ac0b36d661ad as read
Created email file: EMAIL_1934aa09cc694b8e.md
Marked email 1934aa09cc694b8e as read
Processed 10 new emails
Waiting 60 seconds before next check...
Checking for new emails at 2026-02-27 03:07:34.413351
Created email file: EMAIL_19344203bb60aff7.md
Marked email 19344203bb60aff7 as read
Created email file: EMAIL_1934225eb36473d8.md
Marked email 1934225eb36473d8 as read
Created email file: EMAIL_1934038d35887799.md
Marked email 1934038d35887799 as read
Created email file: EMAIL_1933fd6ff16d0001.md
Marked email 1933fd6ff16d0001 as read
Created email file: EMAIL_1933fc3e523eae91.md
Marked email 1933fc3e523eae91 as read
Created email file: EMAIL_1933fb723469283e.md
Marked email 1933fb723469283e as read
Created email file: EMAIL_1933fb1d935efefd.md
Marked email 1933fb1d935efefd as read
Created email file: EMAIL_1933e1e21df89e41.md
Marked email 1933e1e21df89e41 as read
Created email file: EMAIL_1933d0b6cdf0c223.md
Marked email 1933d0b6cdf0c223 as read
Created email file: EMAIL_1933cff92f2d60b7.md
Marked email 1933cff92f2d60b7 as read
Processed 10 new emails
Waiting 60 seconds before next check...
Checking for new emails at 2026-02-27 03:08:45.814669
Created email file: EMAIL_19332b2d68dcfcf4.md
Marked email 19332b2d68dcfcf4 as read
Created email file: EMAIL_193306974555cc5f.md
Marked email 193306974555cc5f as read
Created email file: EMAIL_193303ecd061bd73.md
Marked email 193303ecd061bd73 as read
Created email file: EMAIL_193302b92b789636.md
Marked email 193302b92b789636 as read
Created email file: EMAIL_1932f86cb5408db9.md
Marked email 1932f86cb5408db9 as read
Created email file: EMAIL_1932dc53f27f17c0.md
Marked email 1932dc53f27f17c0 as read
Created email file: EMAIL_1932d9862b8c3383.md
Marked email 1932d9862b8c3383 as read
Created email file: EMAIL_1932d8c7dac948fa.md
Marked email 1932d8c7dac948fa as read
Created email file: EMAIL_1932bfdf1e54f3fd.md
Marked email 1932bfdf1e54f3fd as read
Created email file: EMAIL_1932b1a2efd1a55d.md
Marked email 1932b1a2efd1a55d as read
Processed 10 new emails
Waiting 60 seconds before next check...
Checking for new emails at 2026-02-27 03:09:55.604955
Created email file: EMAIL_193254c333f3dd90.md
Marked email 193254c333f3dd90 as read
Created email file: EMAIL_193234ba4f02e851.md
Marked email 193234ba4f02e851 as read
Created email file: EMAIL_193233fc4c30ff99.md
Marked email 193233fc4c30ff99 as read
Created email file: EMAIL_19322d39a33e1acb.md
Marked email 19322d39a33e1acb as read
Created email file: EMAIL_19321e61cab29e1f.md
Marked email 19321e61cab29e1f as read
Created email file: EMAIL_1932179ca1cc9ace.md
Marked email 1932179ca1cc9ace as read
Created email file: EMAIL_1932147c28986d37.md
Marked email 1932147c28986d37 as read
Created email file: EMAIL_1932119f8c690dd7.md
Marked email 1932119f8c690dd7 as read
Created email file: EMAIL_19320cbaef77748e.md
Marked email 19320cbaef77748e as read
Created email file: EMAIL_19320141a0772514.md
Marked email 19320141a0772514 as read
Processed 10 new emails
Waiting 60 seconds before next check...
Checking for new emails at 2026-02-27 03:11:05.402153
Created email file: EMAIL_19318fef1f04eb00.md
Marked email 19318fef1f04eb00 as read
Created email file: EMAIL_19318f31583db2e3.md
Marked email 19318f31583db2e3 as read
Created email file: EMAIL_193172e7b9f7d971.md
Marked email 193172e7b9f7d971 as read
Created email file: EMAIL_19316b726f45d748.md
Marked email 19316b726f45d748 as read
Created email file: EMAIL_193167ef8be715a1.md
Marked email 193167ef8be715a1 as read
Created email file: EMAIL_19315972c1420950.md
Marked email 19315972c1420950 as read
Created email file: EMAIL_19313ccb223194b4.md
Marked email 19313ccb223194b4 as read
Created email file: EMAIL_19311f3910d08500.md
Marked email 19311f3910d08500 as read
Created email file: EMAIL_19311981fcc40aec.md
Marked email 19311981fcc40aec as read
Created email file: EMAIL_19311589df76809c.md
Marked email 19311589df76809c as read
Processed 10 new emails
Waiting 60 seconds before next check...
Checking for new emails at 2026-02-27 03:12:15.197903
Created email file: EMAIL_19310502b83cf5b6.md
Marked email 19310502b83cf5b6 as read
Created email file: EMAIL_1930eb2319db2eb9.md
Marked email 1930eb2319db2eb9 as read
Created email file: EMAIL_1930ea64e7c196fe.md
Marked email 1930ea64e7c196fe as read
Created email file: EMAIL_1930cf106c06df88.md
Marked email 1930cf106c06df88 as read
Created email file: EMAIL_1930ca8269b5b672.md
Marked email 1930ca8269b5b672 as read
Created email file: EMAIL_1930c3a391dc01fe.md
Marked email 1930c3a391dc01fe as read
Created email file: EMAIL_1930c3300dee50b5.md
Marked email 1930c3300dee50b5 as read
Created email file: EMAIL_1930b7a38669803a.md
Marked email 1930b7a38669803a as read
Created email file: EMAIL_193098bdd7257967.md
Marked email 193098bdd7257967 as read
Created email file: EMAIL_1930980044c25e3d.md
Marked email 1930980044c25e3d as read
Processed 10 new emails
Waiting 60 seconds before next check...
Checking for new emails at 2026-02-27 03:13:25.190954
Created email file: EMAIL_19308e75075a2c90.md
Marked email 19308e75075a2c90 as read
Created email file: EMAIL_19307e9d6d0dbcf9.md
Marked email 19307e9d6d0dbcf9 as read
Created email file: EMAIL_193074a0a86f9ed2.md
Marked email 193074a0a86f9ed2 as read
Created email file: EMAIL_193070be7077cb7a.md
Marked email 193070be7077cb7a as read
Created email file: EMAIL_19306f8b8f05d723.md
Marked email 19306f8b8f05d723 as read
Created email file: EMAIL_19306eb307ae01e7.md
Marked email 19306eb307ae01e7 as read
Created email file: EMAIL_193045998c040fab.md
Marked email 193045998c040fab as read
Created email file: EMAIL_1930254b213f659f.md
Marked email 1930254b213f659f as read
Created email file: EMAIL_193020dd0c806a05.md
Marked email 193020dd0c806a05 as read
Created email file: EMAIL_19301e99d0a1ff69.md
Marked email 19301e99d0a1ff69 as read
Processed 10 new emails
Waiting 60 seconds before next check...
Checking for new emails at 2026-02-27 03:14:35.004762
Created email file: EMAIL_19301e5b45670f52.md
Marked email 19301e5b45670f52 as read
Created email file: EMAIL_19301a33cf89f414.md
Marked email 19301a33cf89f414 as read
Created email file: EMAIL_193007a14f3c54c7.md
Marked email 193007a14f3c54c7 as read
Created email file: EMAIL_192ffc86080053ad.md
Marked email 192ffc86080053ad as read
Created email file: EMAIL_192ff3f23de3e919.md
Marked email 192ff3f23de3e919 as read
Created email file: EMAIL_192ff333d394b2a4.md
Marked email 192ff333d394b2a4 as read
Created email file: EMAIL_192fd60d0d6ae2dc.md
Marked email 192fd60d0d6ae2dc as read
Created email file: EMAIL_192fcf601a2bf2a2.md
Marked email 192fcf601a2bf2a2 as read
Created email file: EMAIL_192fcbf311ac11e0.md
Marked email 192fcbf311ac11e0 as read
Created email file: EMAIL_192fc8de074aa4a4.md
Marked email 192fc8de074aa4a4 as read
Processed 10 new emails
Waiting 60 seconds before next check...
Checking for new emails at 2026-02-27 03:15:45.026168
Created email file: EMAIL_192fc072d03e357f.md
Marked email 192fc072d03e357f as read
Created email file: EMAIL_192fa45aeceb04bf.md
Marked email 192fa45aeceb04bf as read
Created email file: EMAIL_192fa0ce55a02130.md
Marked email 192fa0ce55a02130 as read
Created email file: EMAIL_192f8615ec7ebc2a.md
Marked email 192f8615ec7ebc2a as read
Created email file: EMAIL_192f7d905d450a4e.md
Marked email 192f7d905d450a4e as read
Created email file: EMAIL_192f79f414c92cb4.md
Marked email 192f79f414c92cb4 as read
Created email file: EMAIL_192f798cd4472824.md
Marked email 192f798cd4472824 as read
Created email file: EMAIL_192f675db64cf1b7.md
Marked email 192f675db64cf1b7 as read
Created email file: EMAIL_192f675a2c23cd4e.md
Marked email 192f675a2c23cd4e as read
Created email file: EMAIL_192f60514f6081a5.md
Marked email 192f60514f6081a5 as read
Processed 10 new emails
Waiting 60 seconds before next check...
Checking for new emails at 2026-02-27 03:16:55.337905
Created email file: EMAIL_192f4f2669808f98.md
Marked email 192f4f2669808f98 as read
Created email file: EMAIL_192f4e694db8d7e1.md
Marked email 192f4e694db8d7e1 as read
Created email file: EMAIL_192f2cddd1f63312.md
Marked email 192f2cddd1f63312 as read
Created email file: EMAIL_192f27f8f91e71ab.md
Marked email 192f27f8f91e71ab as read
Created email file: EMAIL_192efc028ecfd1bf.md
Marked email 192efc028ecfd1bf as read
Created email file: EMAIL_192edcc8d22e0863.md
Marked email 192edcc8d22e0863 as read
Created email file: EMAIL_192ed732ea158128.md
Marked email 192ed732ea158128 as read
Created email file: EMAIL_192ed4c17527c26e.md
Marked email 192ed4c17527c26e as read
Created email file: EMAIL_192ec09828706899.md
Marked email 192ec09828706899 as read
Created email file: EMAIL_192ebac8748aee04.md
Marked email 192ebac8748aee04 as read
Processed 10 new emails
Waiting 60 seconds before next check...
Checking for new emails at 2026-02-27 03:18:05.339295
Created email file: EMAIL_192ead25f7bd1bfe.md
Marked email 192ead25f7bd1bfe as read
Created email file: EMAIL_192eaa5ab5d188b1.md
Marked email 192eaa5ab5d188b1 as read
Created email file: EMAIL_192ea99cf8cc679e.md
Marked email 192ea99cf8cc679e as read
Created email file: EMAIL_192e89e43f6f75b0.md
Marked email 192e89e43f6f75b0 as read
Created email file: EMAIL_192e849760a775ef.md
Marked email 192e849760a775ef as read
Created email file: EMAIL_192e82ba07386895.md
Marked email 192e82ba07386895 as read
Created email file: EMAIL_192e825b81fd3019.md
Marked email 192e825b81fd3019 as read
Created email file: EMAIL_192e76db3a86a3c6.md
Marked email 192e76db3a86a3c6 as read
Created email file: EMAIL_192e5abea071e7fe.md
Marked email 192e5abea071e7fe as read
Created email file: EMAIL_192e57f5a44f0b12.md
Marked email 192e57f5a44f0b12 as read
Processed 10 new emails
Waiting 60 seconds before next check...
Checking for new emails at 2026-02-27 03:19:15.267119
Created email file: EMAIL_192e573764b8c83e.md
Marked email 192e573764b8c83e as read
Created email file: EMAIL_192e4ac4ab8bab98.md
Marked email 192e4ac4ab8bab98 as read
Created email file: EMAIL_192e3e5099aa7b6e.md
Marked email 192e3e5099aa7b6e as read
Created email file: EMAIL_192e376aa98b9881.md
Marked email 192e376aa98b9881 as read
Created email file: EMAIL_192e2ff634fcd6f6.md
Marked email 192e2ff634fcd6f6 as read
Created email file: EMAIL_192e2fcbef17a289.md
Marked email 192e2fcbef17a289 as read
Created email file: EMAIL_192e2335c3ed6a8b.md
Marked email 192e2335c3ed6a8b as read
Created email file: EMAIL_192e155c7759be32.md
Marked email 192e155c7759be32 as read
Created email file: EMAIL_192e08541a286bed.md
Marked email 192e08541a286bed as read
Created email file: EMAIL_192e04d14ea14fad.md
Marked email 192e04d14ea14fad as read
Processed 10 new emails
Waiting 60 seconds before next check...
Checking for new emails at 2026-02-27 03:20:25.070606
Created email file: EMAIL_192de68aa98a5ae0.md
Marked email 192de68aa98a5ae0 as read
Created email file: EMAIL_192de2a9ec2731ce.md
Marked email 192de2a9ec2731ce as read
Created email file: EMAIL_192ddedcf3c27444.md
Marked email 192ddedcf3c27444 as read
Created email file: EMAIL_192ddc5df7ff0b0c.md
Marked email 192ddc5df7ff0b0c as read
Created email file: EMAIL_192dd3d3be8a4f68.md
Marked email 192dd3d3be8a4f68 as read
Created email file: EMAIL_192db5ec551d6a8b.md
Marked email 192db5ec551d6a8b as read
Created email file: EMAIL_192db32a1f1f7678.md
Marked email 192db32a1f1f7678 as read
Created email file: EMAIL_192db26bdf030c27.md
Marked email 192db26bdf030c27 as read
Created email file: EMAIL_192d9b32ecd86be9.md
Marked email 192d9b32ecd86be9 as read
Created email file: EMAIL_192d8b334bedb6be.md
Marked email 192d8b334bedb6be as read
Processed 10 new emails
Waiting 60 seconds before next check...
Checking for new emails at 2026-02-27 03:21:35.189999
Created email file: EMAIL_192d8319904f7146.md
Marked email 192d8319904f7146 as read
Created email file: EMAIL_192d723f80e5dc9a.md
Marked email 192d723f80e5dc9a as read
Created email file: EMAIL_192d6382cf607caa.md
Marked email 192d6382cf607caa as read
Created email file: EMAIL_192d60066fa90d80.md
Marked email 192d60066fa90d80 as read
Created email file: EMAIL_192d4a9acd558440.md
Marked email 192d4a9acd558440 as read
Created email file: EMAIL_192d460486c65785.md
Marked email 192d460486c65785 as read
Created email file: EMAIL_192d3927f32cf13f.md
Marked email 192d3927f32cf13f as read
Created email file: EMAIL_192d38c4c2e60758.md
Marked email 192d38c4c2e60758 as read
Created email file: EMAIL_192d330159023157.md
Marked email 192d330159023157 as read
Created email file: EMAIL_192d25b40fb371f4.md
Marked email 192d25b40fb371f4 as read
Processed 10 new emails
Waiting 60 seconds before next check...
Checking for new emails at 2026-02-27 03:22:45.406130
Created email file: EMAIL_192d22f85f34131a.md
Marked email 192d22f85f34131a as read
Created email file: EMAIL_192d11197b99cbdb.md
Marked email 192d11197b99cbdb as read
Created email file: EMAIL_192d0e5e8f040b08.md
Marked email 192d0e5e8f040b08 as read
Created email file: EMAIL_192cef4ff076989b.md
Marked email 192cef4ff076989b as read
Created email file: EMAIL_192ce894ad498f46.md
Marked email 192ce894ad498f46 as read
Created email file: EMAIL_192cbeb06f7178fa.md
Marked email 192cbeb06f7178fa as read
Created email file: EMAIL_192c9d652f09fba6.md
Marked email 192c9d652f09fba6 as read
Created email file: EMAIL_192c98533e121ef5.md
Marked email 192c98533e121ef5 as read
Created email file: EMAIL_192c93fa056be3fd.md
Marked email 192c93fa056be3fd as read
Created email file: EMAIL_192c8ac4bd73733b.md
Marked email 192c8ac4bd73733b as read
Processed 10 new emails
Waiting 60 seconds before next check...
Checking for new emails at 2026-02-27 03:23:55.522923
Created email file: EMAIL_192c6c47dad1a1c6.md
Marked email 192c6c47dad1a1c6 as read
Created email file: EMAIL_192c6992ac587872.md
Marked email 192c6992ac587872 as read
Created email file: EMAIL_192c58689b0d59a2.md
Marked email 192c58689b0d59a2 as read
Created email file: EMAIL_192c49a19113ae89.md
Marked email 192c49a19113ae89 as read
Created email file: EMAIL_192c44a434a97e9c.md
Marked email 192c44a434a97e9c as read
Created email file: EMAIL_192c43e2264d61c6.md
Marked email 192c43e2264d61c6 as read
Created email file: EMAIL_192c4212482e5155.md
Marked email 192c4212482e5155 as read
Created email file: EMAIL_192c4193d1e6a7ae.md
Marked email 192c4193d1e6a7ae as read
Created email file: EMAIL_192c3841ac11ec99.md
Marked email 192c3841ac11ec99 as read
Created email file: EMAIL_192c3614372c01a2.md
Marked email 192c3614372c01a2 as read
Processed 10 new emails
Waiting 60 seconds before next check...
Checking for new emails at 2026-02-27 03:25:05.523883
Created email file: EMAIL_192c2171f12f0c7f.md
Marked email 192c2171f12f0c7f as read
Created email file: EMAIL_192c19e6130fc6f7.md
Marked email 192c19e6130fc6f7 as read
Created email file: EMAIL_192c19dff032f519.md
Marked email 192c19dff032f519 as read
Created email file: EMAIL_192c11b6f333f97b.md
Marked email 192c11b6f333f97b as read
Created email file: EMAIL_192bf9a2acefc64b.md
Marked email 192bf9a2acefc64b as read
Created email file: EMAIL_192bf35e7422fa93.md
Marked email 192bf35e7422fa93 as read
Created email file: EMAIL_192be28e249d7da1.md
Marked email 192be28e249d7da1 as read
Created email file: EMAIL_192bc779ee3c419e.md
Marked email 192bc779ee3c419e as read
Created email file: EMAIL_192bb02dc2b1275f.md
Marked email 192bb02dc2b1275f as read
Created email file: EMAIL_192ba52ae5b96709.md
Marked email 192ba52ae5b96709 as read
Processed 10 new emails
Waiting 60 seconds before next check...
Checking for new emails at 2026-02-27 03:26:15.362732
Created email file: EMAIL_192ba46423f5994e.md
Marked email 192ba46423f5994e as read
Created email file: EMAIL_192b9d208e1d7b36.md
Marked email 192b9d208e1d7b36 as read
Created email file: EMAIL_192b9cc86e31e4db.md
Marked email 192b9cc86e31e4db as read
Created email file: EMAIL_192b8f4600a31852.md
Marked email 192b8f4600a31852 as read
Created email file: EMAIL_192b5af1e9b305cb.md
Marked email 192b5af1e9b305cb as read
Created email file: EMAIL_192b5a593225fd46.md
Marked email 192b5a593225fd46 as read
Created email file: EMAIL_192b562ea33619aa.md
Marked email 192b562ea33619aa as read
Created email file: EMAIL_192b4f0620cfc7b1.md
Marked email 192b4f0620cfc7b1 as read
Created email file: EMAIL_192b3ee2852d429b.md
Marked email 192b3ee2852d429b as read
Created email file: EMAIL_192af8907fec9846.md
Marked email 192af8907fec9846 as read
Processed 10 new emails
Waiting 60 seconds before next check...
Checking for new emails at 2026-02-27 03:27:25.099909
Created email file: EMAIL_192af7fc724be11d.md
Marked email 192af7fc724be11d as read
Created email file: EMAIL_192aed9b8174ce7c.md
Marked email 192aed9b8174ce7c as read
Created email file: EMAIL_192ae22ffb8325d1.md
Marked email 192ae22ffb8325d1 as read
Created email file: EMAIL_192adec12c0fdb16.md
Marked email 192adec12c0fdb16 as read
Created email file: EMAIL_192aba26b9ef59cb.md
Marked email 192aba26b9ef59cb as read
Created email file: EMAIL_192ab0c399a11a48.md
Marked email 192ab0c399a11a48 as read
Created email file: EMAIL_192aa9b42ba248c5.md
Marked email 192aa9b42ba248c5 as read
Created email file: EMAIL_192a5afba2de6196.md
Marked email 192a5afba2de6196 as read
Created email file: EMAIL_192a56d544ca58a8.md
Marked email 192a56d544ca58a8 as read
Created email file: EMAIL_192a533143c38c2d.md
Marked email 192a533143c38c2d as read
Processed 10 new emails
Waiting 60 seconds before next check...
Checking for new emails at 2026-02-27 03:28:34.777659
Created email file: EMAIL_192a3bba35f81bde.md
Marked email 192a3bba35f81bde as read
Created email file: EMAIL_192a03218c2d623e.md
Marked email 192a03218c2d623e as read
Created email file: EMAIL_192a0316f1de203a.md
Marked email 192a0316f1de203a as read
Created email file: EMAIL_192a01a257f580ec.md
Marked email 192a01a257f580ec as read
Created email file: EMAIL_192a00cbc9f61c8e.md
Marked email 192a00cbc9f61c8e as read
Created email file: EMAIL_192a003e3e03d1cf.md
Marked email 192a003e3e03d1cf as read
Created email file: EMAIL_1929f54ba1c0a08d.md
Marked email 1929f54ba1c0a08d as read
Created email file: EMAIL_1929c32e0430928a.md
Marked email 1929c32e0430928a as read
Created email file: EMAIL_1929b9b1122811a2.md
Marked email 1929b9b1122811a2 as read
Created email file: EMAIL_1929b3ff7e58ae73.md
Marked email 1929b3ff7e58ae73 as read
Processed 10 new emails
Waiting 60 seconds before next check...

Gmail polling stopped by user.
Traceback (most recent call last):
  File "E:\Hackathon 0\Bronze\Personal-AI-Employee\watcher\gmail_watcher_impl.py", line 277, in <module>
    main()
    ~~~~^^
  File "E:\Hackathon 0\Bronze\Personal-AI-Employee\watcher\gmail_watcher_impl.py", line 265, in main
    watcher = GmailWatcher(args.vault_path, args.credentials_path, args.token_path)
  File "E:\Hackathon 0\Bronze\Personal-AI-Employee\watcher\gmail_watcher_impl.py", line 44, in __init__
    self.service = self._authenticate()
                   ~~~~~~~~~~~~~~~~~~^^
  File "E:\Hackathon 0\Bronze\Personal-AI-Employee\watcher\gmail_watcher_impl.py", line 67, in _authenticate
    raise FileNotFoundError(
    ...<2 lines>...
    )
FileNotFoundError: Credentials file not found: None. Please set GMAIL_CREDENTIALS_PATH environment variable.
Traceback (most recent call last):
  File "E:\Hackathon 0\Bronze\Personal-AI-Employee\watcher\gmail_watcher_impl.py", line 277, in <module>
    main()
    ~~~~^^
  File "E:\Hackathon 0\Bronze\Personal-AI-Employee\watcher\gmail_watcher_impl.py", line 265, in main
    watcher = GmailWatcher(args.vault_path, args.credentials_path, args.token_path)
  File "E:\Hackathon 0\Bronze\Personal-AI-Employee\watcher\gmail_watcher_impl.py", line 44, in __init__
    self.service = self._authenticate()
                   ~~~~~~~~~~~~~~~~~~^^
  File "E:\Hackathon 0\Bronze\Personal-AI-Employee\watcher\gmail_watcher_impl.py", line 67, in _authenticate
    raise FileNotFoundError(
    ...<2 lines>...
    )
FileNotFoundError: Credentials file not found: None. Please set GMAIL_CREDENTIALS_PATH environment variable.
Traceback (most recent call last):
  File "E:\Hackathon 0\Bronze\Personal-AI-Employee\watcher\gmail_watcher_impl.py", line 277, in <module>
    main()
    ~~~~^^
  File "E:\Hackathon 0\Bronze\Personal-AI-Employee\watcher\gmail_watcher_impl.py", line 265, in main
    watcher = GmailWatcher(args.vault_path, args.credentials_path, args.token_path)
  File "E:\Hackathon 0\Bronze\Personal-AI-Employee\watcher\gmail_watcher_impl.py", line 44, in __init__
    self.service = self._authenticate()
                   ~~~~~~~~~~~~~~~~~~^^
  File "E:\Hackathon 0\Bronze\Personal-AI-Employee\watcher\gmail_watcher_impl.py", line 67, in _authenticate
    raise FileNotFoundError(
    ...<2 lines>...
    )
FileNotFoundError: Credentials file not found: None. Please set GMAIL_CREDENTIALS_PATH environment variable.
Traceback (most recent call last):
  File "E:\Hackathon 0\Bronze\Personal-AI-Employee\watcher\gmail_watcher_impl.py", line 277, in <module>
    main()
    ~~~~^^
  File "E:\Hackathon 0\Bronze\Personal-AI-Employee\watcher\gmail_watcher_impl.py", line 265, in main
    watcher = GmailWatcher(args.vault_path, args.credentials_path, args.token_path)
  File "E:\Hackathon 0\Bronze\Personal-AI-Employee\watcher\gmail_watcher_impl.py", line 44, in __init__
    self.service = self._authenticate()
                   ~~~~~~~~~~~~~~~~~~^^
  File "E:\Hackathon 0\Bronze\Personal-AI-Employee\watcher\gmail_watcher_impl.py", line 67, in _authenticate
    raise FileNotFoundError(
    ...<2 lines>...
    )
FileNotFoundError: Credentials file not found: None. Please set GMAIL_CREDENTIALS_PATH environment variable.
Traceback (most recent call last):
  File "E:\Hackathon 0\Bronze\Personal-AI-Employee\watcher\gmail_watcher_impl.py", line 277, in <module>
    main()
    ~~~~^^
  File "E:\Hackathon 0\Bronze\Personal-AI-Employee\watcher\gmail_watcher_impl.py", line 265, in main
    watcher = GmailWatcher(args.vault_path, args.credentials_path, args.token_path)
  File "E:\Hackathon 0\Bronze\Personal-AI-Employee\watcher\gmail_watcher_impl.py", line 44, in __init__
    self.service = self._authenticate()
                   ~~~~~~~~~~~~~~~~~~^^
  File "E:\Hackathon 0\Bronze\Personal-AI-Employee\watcher\gmail_watcher_impl.py", line 67, in _authenticate
    raise FileNotFoundError(
    ...<2 lines>...
    )
FileNotFoundError: Credentials file not found: None. Please set GMAIL_CREDENTIALS_PATH environment variable.
Traceback (most recent call last):
  File "E:\Hackathon 0\Bronze\Personal-AI-Employee\watcher\gmail_watcher_impl.py", line 277, in <module>
    main()
    ~~~~^^
  File "E:\Hackathon 0\Bronze\Personal-AI-Employee\watcher\gmail_watcher_impl.py", line 265, in main
    watcher = GmailWatcher(args.vault_path, args.credentials_path, args.token_path)
  File "E:\Hackathon 0\Bronze\Personal-AI-Employee\watcher\gmail_watcher_impl.py", line 44, in __init__
    self.service = self._authenticate()
                   ~~~~~~~~~~~~~~~~~~^^
  File "E:\Hackathon 0\Bronze\Personal-AI-Employee\watcher\gmail_watcher_impl.py", line 67, in _authenticate
    raise FileNotFoundError(
    ...<2 lines>...
    )
FileNotFoundError: Credentials file not found: None. Please set GMAIL_CREDENTIALS_PATH environment variable.
Traceback (most recent call last):
  File "E:\Hackathon 0\Bronze\Personal-AI-Employee\watcher\gmail_watcher_impl.py", line 277, in <module>
    main()
    ~~~~^^
  File "E:\Hackathon 0\Bronze\Personal-AI-Employee\watcher\gmail_watcher_impl.py", line 265, in main
    watcher = GmailWatcher(args.vault_path, args.credentials_path, args.token_path)
  File "E:\Hackathon 0\Bronze\Personal-AI-Employee\watcher\gmail_watcher_impl.py", line 44, in __init__
    self.service = self._authenticate()
                   ~~~~~~~~~~~~~~~~~~^^
  File "E:\Hackathon 0\Bronze\Personal-AI-Employee\watcher\gmail_watcher_impl.py", line 67, in _authenticate
    raise FileNotFoundError(
    ...<2 lines>...
    )
FileNotFoundError: Credentials file not found: None. Please set GMAIL_CREDENTIALS_PATH environment variable.
Traceback (most recent call last):
  File "E:\Hackathon 0\Bronze\Personal-AI-Employee\watcher\gmail_watcher_impl.py", line 277, in <module>
    main()
    ~~~~^^
  File "E:\Hackathon 0\Bronze\Personal-AI-Employee\watcher\gmail_watcher_impl.py", line 265, in main
    watcher = GmailWatcher(args.vault_path, args.credentials_path, args.token_path)
  File "E:\Hackathon 0\Bronze\Personal-AI-Employee\watcher\gmail_watcher_impl.py", line 44, in __init__
    self.service = self._authenticate()
                   ~~~~~~~~~~~~~~~~~~^^
  File "E:\Hackathon 0\Bronze\Personal-AI-Employee\watcher\gmail_watcher_impl.py", line 67, in _authenticate
    raise FileNotFoundError(
    ...<2 lines>...
    )
FileNotFoundError: Credentials file not found: None. Please set GMAIL_CREDENTIALS_PATH environment variable.
Traceback (most recent call last):
  File "E:\Hackathon 0\Bronze\Personal-AI-Employee\watcher\gmail_watcher_impl.py", line 277, in <module>
    main()
    ~~~~^^
  File "E:\Hackathon 0\Bronze\Personal-AI-Employee\watcher\gmail_watcher_impl.py", line 265, in main
    watcher = GmailWatcher(args.vault_path, args.credentials_path, args.token_path)
  File "E:\Hackathon 0\Bronze\Personal-AI-Employee\watcher\gmail_watcher_impl.py", line 44, in __init__
    self.service = self._authenticate()
                   ~~~~~~~~~~~~~~~~~~^^
  File "E:\Hackathon 0\Bronze\Personal-AI-Employee\watcher\gmail_watcher_impl.py", line 67, in _authenticate
    raise FileNotFoundError(
    ...<2 lines>...
    )
FileNotFoundError: Credentials file not found: None. Please set GMAIL_CREDENTIALS_PATH environment variable.
Traceback (most recent call last):
  File "E:\Hackathon 0\Bronze\Personal-AI-Employee\watcher\gmail_watcher_impl.py", line 277, in <module>
    main()
    ~~~~^^
  File "E:\Hackathon 0\Bronze\Personal-AI-Employee\watcher\gmail_watcher_impl.py", line 265, in main
    watcher = GmailWatcher(args.vault_path, args.credentials_path, args.token_path)
  File "E:\Hackathon 0\Bronze\Personal-AI-Employee\watcher\gmail_watcher_impl.py", line 44, in __init__
    self.service = self._authenticate()
                   ~~~~~~~~~~~~~~~~~~^^
  File "E:\Hackathon 0\Bronze\Personal-AI-Employee\watcher\gmail_watcher_impl.py", line 67, in _authenticate
    raise FileNotFoundError(
    ...<2 lines>...
    )
FileNotFoundError: Credentials file not found: None. Please set GMAIL_CREDENTIALS_PATH environment variable.
Traceback (most recent call last):
  File "E:\Hackathon 0\Bronze\Personal-AI-Employee\watcher\gmail_watcher_impl.py", line 277, in <module>
    main()
    ~~~~^^
  File "E:\Hackathon 0\Bronze\Personal-AI-Employee\watcher\gmail_watcher_impl.py", line 265, in main
    watcher = GmailWatcher(args.vault_path, args.credentials_path, args.token_path)
  File "E:\Hackathon 0\Bronze\Personal-AI-Employee\watcher\gmail_watcher_impl.py", line 44, in __init__
    self.service = self._authenticate()
                   ~~~~~~~~~~~~~~~~~~^^
  File "E:\Hackathon 0\Bronze\Personal-AI-Employee\watcher\gmail_watcher_impl.py", line 67, in _authenticate
    raise FileNotFoundError(
    ...<2 lines>...
    )
FileNotFoundError: Credentials file not found: None. Please set GMAIL_CREDENTIALS_PATH environment variable.
Traceback (most recent call last):
  File "E:\Hackathon 0\Bronze\Personal-AI-Employee\watcher\gmail_watcher_impl.py", line 277, in <module>
    main()
    ~~~~^^
  File "E:\Hackathon 0\Bronze\Personal-AI-Employee\watcher\gmail_watcher_impl.py", line 265, in main
    watcher = GmailWatcher(args.vault_path, args.credentials_path, args.token_path)
  File "E:\Hackathon 0\Bronze\Personal-AI-Employee\watcher\gmail_watcher_impl.py", line 44, in __init__
    self.service = self._authenticate()
                   ~~~~~~~~~~~~~~~~~~^^
  File "E:\Hackathon 0\Bronze\Personal-AI-Employee\watcher\gmail_watcher_impl.py", line 67, in _authenticate
    raise FileNotFoundError(
    ...<2 lines>...
    )
FileNotFoundError: Credentials file not found: None. Please set GMAIL_CREDENTIALS_PATH environment variable.
Traceback (most recent call last):
  File "E:\Hackathon 0\Bronze\Personal-AI-Employee\watcher\gmail_watcher_impl.py", line 277, in <module>
    main()
    ~~~~^^
  File "E:\Hackathon 0\Bronze\Personal-AI-Employee\watcher\gmail_watcher_impl.py", line 265, in main
    watcher = GmailWatcher(args.vault_path, args.credentials_path, args.token_path)
  File "E:\Hackathon 0\Bronze\Personal-AI-Employee\watcher\gmail_watcher_impl.py", line 44, in __init__
    self.service = self._authenticate()
                   ~~~~~~~~~~~~~~~~~~^^
  File "E:\Hackathon 0\Bronze\Personal-AI-Employee\watcher\gmail_watcher_impl.py", line 67, in _authenticate
    raise FileNotFoundError(
    ...<2 lines>...
    )
FileNotFoundError: Credentials file not found: None. Please set GMAIL_CREDENTIALS_PATH environment variable.
Traceback (most recent call last):
  File "E:\Hackathon 0\Bronze\Personal-AI-Employee\watcher\gmail_watcher_impl.py", line 277, in <module>
    main()
    ~~~~^^
  File "E:\Hackathon 0\Bronze\Personal-AI-Employee\watcher\gmail_watcher_impl.py", line 265, in main
    watcher = GmailWatcher(args.vault_path, args.credentials_path, args.token_path)
  File "E:\Hackathon 0\Bronze\Personal-AI-Employee\watcher\gmail_watcher_impl.py", line 44, in __init__
    self.service = self._authenticate()
                   ~~~~~~~~~~~~~~~~~~^^
  File "E:\Hackathon 0\Bronze\Personal-AI-Employee\watcher\gmail_watcher_impl.py", line 67, in _authenticate
    raise FileNotFoundError(
    ...<2 lines>...
    )
FileNotFoundError: Credentials file not found: None. Please set GMAIL_CREDENTIALS_PATH environment variable.
Traceback (most recent call last):
  File "E:\Hackathon 0\Bronze\Personal-AI-Employee\watcher\gmail_watcher_impl.py", line 277, in <module>
    main()
    ~~~~^^
  File "E:\Hackathon 0\Bronze\Personal-AI-Employee\watcher\gmail_watcher_impl.py", line 265, in main
    watcher = GmailWatcher(args.vault_path, args.credentials_path, args.token_path)
  File "E:\Hackathon 0\Bronze\Personal-AI-Employee\watcher\gmail_watcher_impl.py", line 44, in __init__
    self.service = self._authenticate()
                   ~~~~~~~~~~~~~~~~~~^^
  File "E:\Hackathon 0\Bronze\Personal-AI-Employee\watcher\gmail_watcher_impl.py", line 67, in _authenticate
    raise FileNotFoundError(
    ...<2 lines>...
    )
FileNotFoundError: Credentials file not found: None. Please set GMAIL_CREDENTIALS_PATH environment variable.
Traceback (most recent call last):
  File "E:\Hackathon 0\Bronze\Personal-AI-Employee\watcher\gmail_watcher_impl.py", line 277, in <module>
    main()
    ~~~~^^
  File "E:\Hackathon 0\Bronze\Personal-AI-Employee\watcher\gmail_watcher_impl.py", line 265, in main
    watcher = GmailWatcher(args.vault_path, args.credentials_path, args.token_path)
  File "E:\Hackathon 0\Bronze\Personal-AI-Employee\watcher\gmail_watcher_impl.py", line 44, in __init__
    self.service = self._authenticate()
                   ~~~~~~~~~~~~~~~~~~^^
  File "E:\Hackathon 0\Bronze\Personal-AI-Employee\watcher\gmail_watcher_impl.py", line 67, in _authenticate
    raise FileNotFoundError(
    ...<2 lines>...
    )
FileNotFoundError: Credentials file not found: None. Please set GMAIL_CREDENTIALS_PATH environment variable.
Traceback (most recent call last):
  File "E:\Hackathon 0\Bronze\Personal-AI-Employee\watcher\gmail_watcher_impl.py", line 277, in <module>
    main()
    ~~~~^^
  File "E:\Hackathon 0\Bronze\Personal-AI-Employee\watcher\gmail_watcher_impl.py", line 265, in main
    watcher = GmailWatcher(args.vault_path, args.credentials_path, args.token_path)
  File "E:\Hackathon 0\Bronze\Personal-AI-Employee\watcher\gmail_watcher_impl.py", line 44, in __init__
    self.service = self._authenticate()
                   ~~~~~~~~~~~~~~~~~~^^
  File "E:\Hackathon 0\Bronze\Personal-AI-Employee\watcher\gmail_watcher_impl.py", line 67, in _authenticate
    raise FileNotFoundError(
    ...<2 lines>...
    )
FileNotFoundError: Credentials file not found: None. Please set GMAIL_CREDENTIALS_PATH environment variable.
Traceback (most recent call last):
  File "E:\Hackathon 0\Bronze\Personal-AI-Employee\watcher\gmail_watcher_impl.py", line 277, in <module>
    main()
    ~~~~^^
  File "E:\Hackathon 0\Bronze\Personal-AI-Employee\watcher\gmail_watcher_impl.py", line 265, in main
    watcher = GmailWatcher(args.vault_path, args.credentials_path, args.token_path)
  File "E:\Hackathon 0\Bronze\Personal-AI-Employee\watcher\gmail_watcher_impl.py", line 44, in __init__
    self.service = self._authenticate()
                   ~~~~~~~~~~~~~~~~~~^^
  File "E:\Hackathon 0\Bronze\Personal-AI-Employee\watcher\gmail_watcher_impl.py", line 67, in _authenticate
    raise FileNotFoundError(
    ...<2 lines>...
    )
FileNotFoundError: Credentials file not found: None. Please set GMAIL_CREDENTIALS_PATH environment variable.
Traceback (most recent call last):
  File "E:\Hackathon 0\Bronze\Personal-AI-Employee\watcher\gmail_watcher_impl.py", line 277, in <module>
    main()
    ~~~~^^
  File "E:\Hackathon 0\Bronze\Personal-AI-Employee\watcher\gmail_watcher_impl.py", line 265, in main
    watcher = GmailWatcher(args.vault_path, args.credentials_path, args.token_path)
  File "E:\Hackathon 0\Bronze\Personal-AI-Employee\watcher\gmail_watcher_impl.py", line 44, in __init__
    self.service = self._authenticate()
                   ~~~~~~~~~~~~~~~~~~^^
  File "E:\Hackathon 0\Bronze\Personal-AI-Employee\watcher\gmail_watcher_impl.py", line 67, in _authenticate
    raise FileNotFoundError(
    ...<2 lines>...
    )
FileNotFoundError: Credentials file not found: None. Please set GMAIL_CREDENTIALS_PATH environment variable.
Traceback (most recent call last):
  File "E:\Hackathon 0\Bronze\Personal-AI-Employee\watcher\gmail_watcher_impl.py", line 277, in <module>
    main()
    ~~~~^^
  File "E:\Hackathon 0\Bronze\Personal-AI-Employee\watcher\gmail_watcher_impl.py", line 265, in main
    watcher = GmailWatcher(args.vault_path, args.credentials_path, args.token_path)
  File "E:\Hackathon 0\Bronze\Personal-AI-Employee\watcher\gmail_watcher_impl.py", line 44, in __init__
    self.service = self._authenticate()
                   ~~~~~~~~~~~~~~~~~~^^
  File "E:\Hackathon 0\Bronze\Personal-AI-Employee\watcher\gmail_watcher_impl.py", line 67, in _authenticate
    raise FileNotFoundError(
    ...<2 lines>...
    )
FileNotFoundError: Credentials file not found: None. Please set GMAIL_CREDENTIALS_PATH environment variable.
Traceback (most recent call last):
  File "E:\Hackathon 0\Bronze\Personal-AI-Employee\watcher\gmail_watcher_impl.py", line 277, in <module>
    main()
    ~~~~^^
  File "E:\Hackathon 0\Bronze\Personal-AI-Employee\watcher\gmail_watcher_impl.py", line 265, in main
    watcher = GmailWatcher(args.vault_path, args.credentials_path, args.token_path)
  File "E:\Hackathon 0\Bronze\Personal-AI-Employee\watcher\gmail_watcher_impl.py", line 44, in __init__
    self.service = self._authenticate()
                   ~~~~~~~~~~~~~~~~~~^^
  File "E:\Hackathon 0\Bronze\Personal-AI-Employee\watcher\gmail_watcher_impl.py", line 67, in _authenticate
    raise FileNotFoundError(
    ...<2 lines>...
    )
FileNotFoundError: Credentials file not found: None. Please set GMAIL_CREDENTIALS_PATH environment variable.
Traceback (most recent call last):
  File "E:\Hackathon 0\Bronze\Personal-AI-Employee\watcher\gmail_watcher_impl.py", line 277, in <module>
    main()
    ~~~~^^
  File "E:\Hackathon 0\Bronze\Personal-AI-Employee\watcher\gmail_watcher_impl.py", line 265, in main
    watcher = GmailWatcher(args.vault_path, args.credentials_path, args.token_path)
  File "E:\Hackathon 0\Bronze\Personal-AI-Employee\watcher\gmail_watcher_impl.py", line 44, in __init__
    self.service = self._authenticate()
                   ~~~~~~~~~~~~~~~~~~^^
  File "E:\Hackathon 0\Bronze\Personal-AI-Employee\watcher\gmail_watcher_impl.py", line 67, in _authenticate
    raise FileNotFoundError(
    ...<2 lines>...
    )
FileNotFoundError: Credentials file not found: None. Please set GMAIL_CREDENTIALS_PATH environment variable.
Traceback (most recent call last):
  File "E:\Hackathon 0\Bronze\Personal-AI-Employee\watcher\gmail_watcher_impl.py", line 277, in <module>
    main()
    ~~~~^^
  File "E:\Hackathon 0\Bronze\Personal-AI-Employee\watcher\gmail_watcher_impl.py", line 265, in main
    watcher = GmailWatcher(args.vault_path, args.credentials_path, args.token_path)
  File "E:\Hackathon 0\Bronze\Personal-AI-Employee\watcher\gmail_watcher_impl.py", line 44, in __init__
    self.service = self._authenticate()
                   ~~~~~~~~~~~~~~~~~~^^
  File "E:\Hackathon 0\Bronze\Personal-AI-Employee\watcher\gmail_watcher_impl.py", line 67, in _authenticate
    raise FileNotFoundError(
    ...<2 lines>...
    )
FileNotFoundError: Credentials file not found: None. Please set GMAIL_CREDENTIALS_PATH environment variable.
Traceback (most recent call last):
  File "E:\Hackathon 0\Bronze\Personal-AI-Employee\watcher\gmail_watcher_impl.py", line 277, in <module>
    main()
    ~~~~^^
  File "E:\Hackathon 0\Bronze\Personal-AI-Employee\watcher\gmail_watcher_impl.py", line 265, in main
    watcher = GmailWatcher(args.vault_path, args.credentials_path, args.token_path)
  File "E:\Hackathon 0\Bronze\Personal-AI-Employee\watcher\gmail_watcher_impl.py", line 44, in __init__
    self.service = self._authenticate()
                   ~~~~~~~~~~~~~~~~~~^^
  File "E:\Hackathon 0\Bronze\Personal-AI-Employee\watcher\gmail_watcher_impl.py", line 67, in _authenticate
    raise FileNotFoundError(
    ...<2 lines>...
    )
FileNotFoundError: Credentials file not found: None. Please set GMAIL_CREDENTIALS_PATH environment variable.
Traceback (most recent call last):
  File "E:\Hackathon 0\Bronze\Personal-AI-Employee\watcher\gmail_watcher_impl.py", line 277, in <module>
    main()
    ~~~~^^
  File "E:\Hackathon 0\Bronze\Personal-AI-Employee\watcher\gmail_watcher_impl.py", line 265, in main
    watcher = GmailWatcher(args.vault_path, args.credentials_path, args.token_path)
  File "E:\Hackathon 0\Bronze\Personal-AI-Employee\watcher\gmail_watcher_impl.py", line 44, in __init__
    self.service = self._authenticate()
                   ~~~~~~~~~~~~~~~~~~^^
  File "E:\Hackathon 0\Bronze\Personal-AI-Employee\watcher\gmail_watcher_impl.py", line 67, in _authenticate
    raise FileNotFoundError(
    ...<2 lines>...
    )
FileNotFoundError: Credentials file not found: None. Please set GMAIL_CREDENTIALS_PATH environment variable.
Traceback (most recent call last):
  File "E:\Hackathon 0\Bronze\Personal-AI-Employee\watcher\gmail_watcher_impl.py", line 277, in <module>
    main()
    ~~~~^^
  File "E:\Hackathon 0\Bronze\Personal-AI-Employee\watcher\gmail_watcher_impl.py", line 265, in main
    watcher = GmailWatcher(args.vault_path, args.credentials_path, args.token_path)
  File "E:\Hackathon 0\Bronze\Personal-AI-Employee\watcher\gmail_watcher_impl.py", line 44, in __init__
    self.service = self._authenticate()
                   ~~~~~~~~~~~~~~~~~~^^
  File "E:\Hackathon 0\Bronze\Personal-AI-Employee\watcher\gmail_watcher_impl.py", line 67, in _authenticate
    raise FileNotFoundError(
    ...<2 lines>...
    )
FileNotFoundError: Credentials file not found: None. Please set GMAIL_CREDENTIALS_PATH environment variable.
Traceback (most recent call last):
  File "E:\Hackathon 0\Bronze\Personal-AI-Employee\watcher\gmail_watcher_impl.py", line 277, in <module>
    main()
    ~~~~^^
  File "E:\Hackathon 0\Bronze\Personal-AI-Employee\watcher\gmail_watcher_impl.py", line 265, in main
    watcher = GmailWatcher(args.vault_path, args.credentials_path, args.token_path)
  File "E:\Hackathon 0\Bronze\Personal-AI-Employee\watcher\gmail_watcher_impl.py", line 44, in __init__
    self.service = self._authenticate()
                   ~~~~~~~~~~~~~~~~~~^^
  File "E:\Hackathon 0\Bronze\Personal-AI-Employee\watcher\gmail_watcher_impl.py", line 67, in _authenticate
    raise FileNotFoundError(
    ...<2 lines>...
    )
FileNotFoundError: Credentials file not found: None. Please set GMAIL_CREDENTIALS_PATH environment variable.
Traceback (most recent call last):
  File "E:\Hackathon 0\Bronze\Personal-AI-Employee\watcher\gmail_watcher_impl.py", line 277, in <module>
    main()
    ~~~~^^
  File "E:\Hackathon 0\Bronze\Personal-AI-Employee\watcher\gmail_watcher_impl.py", line 265, in main
    watcher = GmailWatcher(args.vault_path, args.credentials_path, args.token_path)
  File "E:\Hackathon 0\Bronze\Personal-AI-Employee\watcher\gmail_watcher_impl.py", line 44, in __init__
    self.service = self._authenticate()
                   ~~~~~~~~~~~~~~~~~~^^
  File "E:\Hackathon 0\Bronze\Personal-AI-Employee\watcher\gmail_watcher_impl.py", line 67, in _authenticate
    raise FileNotFoundError(
    ...<2 lines>...
    )
FileNotFoundError: Credentials file not found: None. Please set GMAIL_CREDENTIALS_PATH environment variable.
Traceback (most recent call last):
  File "E:\Hackathon 0\Bronze\Personal-AI-Employee\watcher\gmail_watcher_impl.py", line 277, in <module>
    main()
    ~~~~^^
  File "E:\Hackathon 0\Bronze\Personal-AI-Employee\watcher\gmail_watcher_impl.py", line 265, in main
    watcher = GmailWatcher(args.vault_path, args.credentials_path, args.token_path)
  File "E:\Hackathon 0\Bronze\Personal-AI-Employee\watcher\gmail_watcher_impl.py", line 44, in __init__
    self.service = self._authenticate()
                   ~~~~~~~~~~~~~~~~~~^^
  File "E:\Hackathon 0\Bronze\Personal-AI-Employee\watcher\gmail_watcher_impl.py", line 67, in _authenticate
    raise FileNotFoundError(
    ...<2 lines>...
    )
FileNotFoundError: Credentials file not found: None. Please set GMAIL_CREDENTIALS_PATH environment variable.
Traceback (most recent call last):
  File "E:\Hackathon 0\Bronze\Personal-AI-Employee\watcher\gmail_watcher_impl.py", line 277, in <module>
    main()
    ~~~~^^
  File "E:\Hackathon 0\Bronze\Personal-AI-Employee\watcher\gmail_watcher_impl.py", line 265, in main
    watcher = GmailWatcher(args.vault_path, args.credentials_path, args.token_path)
  File "E:\Hackathon 0\Bronze\Personal-AI-Employee\watcher\gmail_watcher_impl.py", line 44, in __init__
    self.service = self._authenticate()
                   ~~~~~~~~~~~~~~~~~~^^
  File "E:\Hackathon 0\Bronze\Personal-AI-Employee\watcher\gmail_watcher_impl.py", line 67, in _authenticate
    raise FileNotFoundError(
    ...<2 lines>...
    )
FileNotFoundError: Credentials file not found: None. Please set GMAIL_CREDENTIALS_PATH environment variable.
Traceback (most recent call last):
  File "E:\Hackathon 0\Bronze\Personal-AI-Employee\watcher\gmail_watcher_impl.py", line 277, in <module>
    main()
    ~~~~^^
  File "E:\Hackathon 0\Bronze\Personal-AI-Employee\watcher\gmail_watcher_impl.py", line 265, in main
    watcher = GmailWatcher(args.vault_path, args.credentials_path, args.token_path)
  File "E:\Hackathon 0\Bronze\Personal-AI-Employee\watcher\gmail_watcher_impl.py", line 44, in __init__
    self.service = self._authenticate()
                   ~~~~~~~~~~~~~~~~~~^^
  File "E:\Hackathon 0\Bronze\Personal-AI-Employee\watcher\gmail_watcher_impl.py", line 67, in _authenticate
    raise FileNotFoundError(
    ...<2 lines>...
    )
FileNotFoundError: Credentials file not found: None. Please set GMAIL_CREDENTIALS_PATH environment variable.
Traceback (most recent call last):
  File "E:\Hackathon 0\Bronze\Personal-AI-Employee\watcher\gmail_watcher_impl.py", line 277, in <module>
    main()
    ~~~~^^
  File "E:\Hackathon 0\Bronze\Personal-AI-Employee\watcher\gmail_watcher_impl.py", line 265, in main
    watcher = GmailWatcher(args.vault_path, args.credentials_path, args.token_path)
  File "E:\Hackathon 0\Bronze\Personal-AI-Employee\watcher\gmail_watcher_impl.py", line 44, in __init__
    self.service = self._authenticate()
                   ~~~~~~~~~~~~~~~~~~^^
  File "E:\Hackathon 0\Bronze\Personal-AI-Employee\watcher\gmail_watcher_impl.py", line 67, in _authenticate
    raise FileNotFoundError(
    ...<2 lines>...
    )
FileNotFoundError: Credentials file not found: None. Please set GMAIL_CREDENTIALS_PATH environment variable.
Traceback (most recent call last):
  File "E:\Hackathon 0\Bronze\Personal-AI-Employee\watcher\gmail_watcher_impl.py", line 277, in <module>
    main()
    ~~~~^^
  File "E:\Hackathon 0\Bronze\Personal-AI-Employee\watcher\gmail_watcher_impl.py", line 265, in main
    watcher = GmailWatcher(args.vault_path, args.credentials_path, args.token_path)
  File "E:\Hackathon 0\Bronze\Personal-AI-Employee\watcher\gmail_watcher_impl.py", line 44, in __init__
    self.service = self._authenticate()
                   ~~~~~~~~~~~~~~~~~~^^
  File "E:\Hackathon 0\Bronze\Personal-AI-Employee\watcher\gmail_watcher_impl.py", line 67, in _authenticate
    raise FileNotFoundError(
    ...<2 lines>...
    )
FileNotFoundError: Credentials file not found: None. Please set GMAIL_CREDENTIALS_PATH environment variable.
Traceback (most recent call last):
  File "E:\Hackathon 0\Bronze\Personal-AI-Employee\watcher\gmail_watcher_impl.py", line 277, in <module>
    main()
    ~~~~^^
  File "E:\Hackathon 0\Bronze\Personal-AI-Employee\watcher\gmail_watcher_impl.py", line 265, in main
    watcher = GmailWatcher(args.vault_path, args.credentials_path, args.token_path)
  File "E:\Hackathon 0\Bronze\Personal-AI-Employee\watcher\gmail_watcher_impl.py", line 44, in __init__
    self.service = self._authenticate()
                   ~~~~~~~~~~~~~~~~~~^^
  File "E:\Hackathon 0\Bronze\Personal-AI-Employee\watcher\gmail_watcher_impl.py", line 67, in _authenticate
    raise FileNotFoundError(
    ...<2 lines>...
    )
FileNotFoundError: Credentials file not found: None. Please set GMAIL_CREDENTIALS_PATH environment variable.
Traceback (most recent call last):
  File "E:\Hackathon 0\Bronze\Personal-AI-Employee\watcher\gmail_watcher_impl.py", line 277, in <module>
    main()
    ~~~~^^
  File "E:\Hackathon 0\Bronze\Personal-AI-Employee\watcher\gmail_watcher_impl.py", line 265, in main
    watcher = GmailWatcher(args.vault_path, args.credentials_path, args.token_path)
  File "E:\Hackathon 0\Bronze\Personal-AI-Employee\watcher\gmail_watcher_impl.py", line 44, in __init__
    self.service = self._authenticate()
                   ~~~~~~~~~~~~~~~~~~^^
  File "E:\Hackathon 0\Bronze\Personal-AI-Employee\watcher\gmail_watcher_impl.py", line 67, in _authenticate
    raise FileNotFoundError(
    ...<2 lines>...
    )
FileNotFoundError: Credentials file not found: None. Please set GMAIL_CREDENTIALS_PATH environment variable.
Traceback (most recent call last):
  File "E:\Hackathon 0\Bronze\Personal-AI-Employee\watcher\gmail_watcher_impl.py", line 277, in <module>
    main()
    ~~~~^^
  File "E:\Hackathon 0\Bronze\Personal-AI-Employee\watcher\gmail_watcher_impl.py", line 265, in main
    watcher = GmailWatcher(args.vault_path, args.credentials_path, args.token_path)
  File "E:\Hackathon 0\Bronze\Personal-AI-Employee\watcher\gmail_watcher_impl.py", line 44, in __init__
    self.service = self._authenticate()
                   ~~~~~~~~~~~~~~~~~~^^
  File "E:\Hackathon 0\Bronze\Personal-AI-Employee\watcher\gmail_watcher_impl.py", line 67, in _authenticate
    raise FileNotFoundError(
    ...<2 lines>...
    )
FileNotFoundError: Credentials file not found: None. Please set GMAIL_CREDENTIALS_PATH environment variable.
Traceback (most recent call last):
  File "E:\Hackathon 0\Bronze\Personal-AI-Employee\watcher\gmail_watcher_impl.py", line 277, in <module>
    main()
    ~~~~^^
  File "E:\Hackathon 0\Bronze\Personal-AI-Employee\watcher\gmail_watcher_impl.py", line 265, in main
    watcher = GmailWatcher(args.vault_path, args.credentials_path, args.token_path)
  File "E:\Hackathon 0\Bronze\Personal-AI-Employee\watcher\gmail_watcher_impl.py", line 44, in __init__
    self.service = self._authenticate()
                   ~~~~~~~~~~~~~~~~~~^^
  File "E:\Hackathon 0\Bronze\Personal-AI-Employee\watcher\gmail_watcher_impl.py", line 67, in _authenticate
    raise FileNotFoundError(
    ...<2 lines>...
    )
FileNotFoundError: Credentials file not found: None. Please set GMAIL_CREDENTIALS_PATH environment variable.
Traceback (most recent call last):
  File "E:\Hackathon 0\Bronze\Personal-AI-Employee\watcher\gmail_watcher_impl.py", line 277, in <module>
    main()
    ~~~~^^
  File "E:\Hackathon 0\Bronze\Personal-AI-Employee\watcher\gmail_watcher_impl.py", line 265, in main
    watcher = GmailWatcher(args.vault_path, args.credentials_path, args.token_path)
  File "E:\Hackathon 0\Bronze\Personal-AI-Employee\watcher\gmail_watcher_impl.py", line 44, in __init__
    self.service = self._authenticate()
                   ~~~~~~~~~~~~~~~~~~^^
  File "E:\Hackathon 0\Bronze\Personal-AI-Employee\watcher\gmail_watcher_impl.py", line 67, in _authenticate
    raise FileNotFoundError(
    ...<2 lines>...
    )
FileNotFoundError: Credentials file not found: None. Please set GMAIL_CREDENTIALS_PATH environment variable.
Traceback (most recent call last):
  File "E:\Hackathon 0\Bronze\Personal-AI-Employee\watcher\gmail_watcher_impl.py", line 277, in <module>
    main()
    ~~~~^^
  File "E:\Hackathon 0\Bronze\Personal-AI-Employee\watcher\gmail_watcher_impl.py", line 265, in main
    watcher = GmailWatcher(args.vault_path, args.credentials_path, args.token_path)
  File "E:\Hackathon 0\Bronze\Personal-AI-Employee\watcher\gmail_watcher_impl.py", line 44, in __init__
    self.service = self._authenticate()
                   ~~~~~~~~~~~~~~~~~~^^
  File "E:\Hackathon 0\Bronze\Personal-AI-Employee\watcher\gmail_watcher_impl.py", line 67, in _authenticate
    raise FileNotFoundError(
    ...<2 lines>...
    )
FileNotFoundError: Credentials file not found: None. Please set GMAIL_CREDENTIALS_PATH environment variable.
Traceback (most recent call last):
  File "E:\Hackathon 0\Bronze\Personal-AI-Employee\watcher\gmail_watcher_impl.py", line 277, in <module>
    main()
    ~~~~^^
  File "E:\Hackathon 0\Bronze\Personal-AI-Employee\watcher\gmail_watcher_impl.py", line 265, in main
    watcher = GmailWatcher(args.vault_path, args.credentials_path, args.token_path)
  File "E:\Hackathon 0\Bronze\Personal-AI-Employee\watcher\gmail_watcher_impl.py", line 44, in __init__
    self.service = self._authenticate()
                   ~~~~~~~~~~~~~~~~~~^^
  File "E:\Hackathon 0\Bronze\Personal-AI-Employee\watcher\gmail_watcher_impl.py", line 67, in _authenticate
    raise FileNotFoundError(
    ...<2 lines>...
    )
FileNotFoundError: Credentials file not found: None. Please set GMAIL_CREDENTIALS_PATH environment variable.
Traceback (most recent call last):
  File "E:\Hackathon 0\Bronze\Personal-AI-Employee\watcher\gmail_watcher_impl.py", line 277, in <module>
    main()
    ~~~~^^
  File "E:\Hackathon 0\Bronze\Personal-AI-Employee\watcher\gmail_watcher_impl.py", line 265, in main
    watcher = GmailWatcher(args.vault_path, args.credentials_path, args.token_path)
  File "E:\Hackathon 0\Bronze\Personal-AI-Employee\watcher\gmail_watcher_impl.py", line 44, in __init__
    self.service = self._authenticate()
                   ~~~~~~~~~~~~~~~~~~^^
  File "E:\Hackathon 0\Bronze\Personal-AI-Employee\watcher\gmail_watcher_impl.py", line 67, in _authenticate
    raise FileNotFoundError(
    ...<2 lines>...
    )
FileNotFoundError: Credentials file not found: None. Please set GMAIL_CREDENTIALS_PATH environment variable.
Traceback (most recent call last):
  File "E:\Hackathon 0\Bronze\Personal-AI-Employee\watcher\gmail_watcher_impl.py", line 277, in <module>
    main()
    ~~~~^^
  File "E:\Hackathon 0\Bronze\Personal-AI-Employee\watcher\gmail_watcher_impl.py", line 265, in main
    watcher = GmailWatcher(args.vault_path, args.credentials_path, args.token_path)
  File "E:\Hackathon 0\Bronze\Personal-AI-Employee\watcher\gmail_watcher_impl.py", line 44, in __init__
    self.service = self._authenticate()
                   ~~~~~~~~~~~~~~~~~~^^
  File "E:\Hackathon 0\Bronze\Personal-AI-Employee\watcher\gmail_watcher_impl.py", line 67, in _authenticate
    raise FileNotFoundError(
    ...<2 lines>...
    )
FileNotFoundError: Credentials file not found: None. Please set GMAIL_CREDENTIALS_PATH environment variable.
Traceback (most recent call last):
  File "E:\Hackathon 0\Bronze\Personal-AI-Employee\watcher\gmail_watcher_impl.py", line 277, in <module>
    main()
    ~~~~^^
  File "E:\Hackathon 0\Bronze\Personal-AI-Employee\watcher\gmail_watcher_impl.py", line 265, in main
    watcher = GmailWatcher(args.vault_path, args.credentials_path, args.token_path)
  File "E:\Hackathon 0\Bronze\Personal-AI-Employee\watcher\gmail_watcher_impl.py", line 44, in __init__
    self.service = self._authenticate()
                   ~~~~~~~~~~~~~~~~~~^^
  File "E:\Hackathon 0\Bronze\Personal-AI-Employee\watcher\gmail_watcher_impl.py", line 67, in _authenticate
    raise FileNotFoundError(
    ...<2 lines>...
    )
FileNotFoundError: Credentials file not found: None. Please set GMAIL_CREDENTIALS_PATH environment variable.
Traceback (most recent call last):
  File "E:\Hackathon 0\Bronze\Personal-AI-Employee\watcher\gmail_watcher_impl.py", line 277, in <module>
    main()
    ~~~~^^
  File "E:\Hackathon 0\Bronze\Personal-AI-Employee\watcher\gmail_watcher_impl.py", line 265, in main
    watcher = GmailWatcher(args.vault_path, args.credentials_path, args.token_path)
  File "E:\Hackathon 0\Bronze\Personal-AI-Employee\watcher\gmail_watcher_impl.py", line 44, in __init__
    self.service = self._authenticate()
                   ~~~~~~~~~~~~~~~~~~^^
  File "E:\Hackathon 0\Bronze\Personal-AI-Employee\watcher\gmail_watcher_impl.py", line 67, in _authenticate
    raise FileNotFoundError(
    ...<2 lines>...
    )
FileNotFoundError: Credentials file not found: None. Please set GMAIL_CREDENTIALS_PATH environment variable.
Traceback (most recent call last):
  File "E:\Hackathon 0\Bronze\Personal-AI-Employee\watcher\gmail_watcher_impl.py", line 277, in <module>
    main()
    ~~~~^^
  File "E:\Hackathon 0\Bronze\Personal-AI-Employee\watcher\gmail_watcher_impl.py", line 265, in main
    watcher = GmailWatcher(args.vault_path, args.credentials_path, args.token_path)
  File "E:\Hackathon 0\Bronze\Personal-AI-Employee\watcher\gmail_watcher_impl.py", line 44, in __init__
    self.service = self._authenticate()
                   ~~~~~~~~~~~~~~~~~~^^
  File "E:\Hackathon 0\Bronze\Personal-AI-Employee\watcher\gmail_watcher_impl.py", line 67, in _authenticate
    raise FileNotFoundError(
    ...<2 lines>...
    )
FileNotFoundError: Credentials file not found: None. Please set GMAIL_CREDENTIALS_PATH environment variable.
Traceback (most recent call last):
  File "E:\Hackathon 0\Bronze\Personal-AI-Employee\watcher\gmail_watcher_impl.py", line 277, in <module>
    main()
    ~~~~^^
  File "E:\Hackathon 0\Bronze\Personal-AI-Employee\watcher\gmail_watcher_impl.py", line 265, in main
    watcher = GmailWatcher(args.vault_path, args.credentials_path, args.token_path)
  File "E:\Hackathon 0\Bronze\Personal-AI-Employee\watcher\gmail_watcher_impl.py", line 44, in __init__
    self.service = self._authenticate()
                   ~~~~~~~~~~~~~~~~~~^^
  File "E:\Hackathon 0\Bronze\Personal-AI-Employee\watcher\gmail_watcher_impl.py", line 67, in _authenticate
    raise FileNotFoundError(
    ...<2 lines>...
    )
FileNotFoundError: Credentials file not found: None. Please set GMAIL_CREDENTIALS_PATH environment variable.
Traceback (most recent call last):
  File "E:\Hackathon 0\Bronze\Personal-AI-Employee\watcher\gmail_watcher_impl.py", line 277, in <module>
    main()
    ~~~~^^
  File "E:\Hackathon 0\Bronze\Personal-AI-Employee\watcher\gmail_watcher_impl.py", line 265, in main
    watcher = GmailWatcher(args.vault_path, args.credentials_path, args.token_path)
  File "E:\Hackathon 0\Bronze\Personal-AI-Employee\watcher\gmail_watcher_impl.py", line 44, in __init__
    self.service = self._authenticate()
                   ~~~~~~~~~~~~~~~~~~^^
  File "E:\Hackathon 0\Bronze\Personal-AI-Employee\watcher\gmail_watcher_impl.py", line 67, in _authenticate
    raise FileNotFoundError(
    ...<2 lines>...
    )
FileNotFoundError: Credentials file not found: None. Please set GMAIL_CREDENTIALS_PATH environment variable.
Traceback (most recent call last):
  File "E:\Hackathon 0\Bronze\Personal-AI-Employee\watcher\gmail_watcher_impl.py", line 277, in <module>
    main()
    ~~~~^^
  File "E:\Hackathon 0\Bronze\Personal-AI-Employee\watcher\gmail_watcher_impl.py", line 265, in main
    watcher = GmailWatcher(args.vault_path, args.credentials_path, args.token_path)
  File "E:\Hackathon 0\Bronze\Personal-AI-Employee\watcher\gmail_watcher_impl.py", line 44, in __init__
    self.service = self._authenticate()
                   ~~~~~~~~~~~~~~~~~~^^
  File "E:\Hackathon 0\Bronze\Personal-AI-Employee\watcher\gmail_watcher_impl.py", line 67, in _authenticate
    raise FileNotFoundError(
    ...<2 lines>...
    )
FileNotFoundError: Credentials file not found: None. Please set GMAIL_CREDENTIALS_PATH environment variable.
Traceback (most recent call last):
  File "E:\Hackathon 0\Bronze\Personal-AI-Employee\watcher\gmail_watcher_impl.py", line 277, in <module>
    main()
    ~~~~^^
  File "E:\Hackathon 0\Bronze\Personal-AI-Employee\watcher\gmail_watcher_impl.py", line 265, in main
    watcher = GmailWatcher(args.vault_path, args.credentials_path, args.token_path)
  File "E:\Hackathon 0\Bronze\Personal-AI-Employee\watcher\gmail_watcher_impl.py", line 44, in __init__
    self.service = self._authenticate()
                   ~~~~~~~~~~~~~~~~~~^^
  File "E:\Hackathon 0\Bronze\Personal-AI-Employee\watcher\gmail_watcher_impl.py", line 67, in _authenticate
    raise FileNotFoundError(
    ...<2 lines>...
    )
FileNotFoundError: Credentials file not found: None. Please set GMAIL_CREDENTIALS_PATH environment variable.
Traceback (most recent call last):
  File "E:\Hackathon 0\Bronze\Personal-AI-Employee\watcher\gmail_watcher_impl.py", line 277, in <module>
    main()
    ~~~~^^
  File "E:\Hackathon 0\Bronze\Personal-AI-Employee\watcher\gmail_watcher_impl.py", line 265, in main
    watcher = GmailWatcher(args.vault_path, args.credentials_path, args.token_path)
  File "E:\Hackathon 0\Bronze\Personal-AI-Employee\watcher\gmail_watcher_impl.py", line 44, in __init__
    self.service = self._authenticate()
                   ~~~~~~~~~~~~~~~~~~^^
  File "E:\Hackathon 0\Bronze\Personal-AI-Employee\watcher\gmail_watcher_impl.py", line 67, in _authenticate
    raise FileNotFoundError(
    ...<2 lines>...
    )
FileNotFoundError: Credentials file not found: None. Please set GMAIL_CREDENTIALS_PATH environment variable.
Traceback (most recent call last):
  File "E:\Hackathon 0\Bronze\Personal-AI-Employee\watcher\gmail_watcher_impl.py", line 277, in <module>
    main()
    ~~~~^^
  File "E:\Hackathon 0\Bronze\Personal-AI-Employee\watcher\gmail_watcher_impl.py", line 265, in main
    watcher = GmailWatcher(args.vault_path, args.credentials_path, args.token_path)
  File "E:\Hackathon 0\Bronze\Personal-AI-Employee\watcher\gmail_watcher_impl.py", line 44, in __init__
    self.service = self._authenticate()
                   ~~~~~~~~~~~~~~~~~~^^
  File "E:\Hackathon 0\Bronze\Personal-AI-Employee\watcher\gmail_watcher_impl.py", line 67, in _authenticate
    raise FileNotFoundError(
    ...<2 lines>...
    )
FileNotFoundError: Credentials file not found: None. Please set GMAIL_CREDENTIALS_PATH environment variable.
Traceback (most recent call last):
  File "E:\Hackathon 0\Bronze\Personal-AI-Employee\watcher\gmail_watcher_impl.py", line 277, in <module>
    main()
    ~~~~^^
  File "E:\Hackathon 0\Bronze\Personal-AI-Employee\watcher\gmail_watcher_impl.py", line 265, in main
    watcher = GmailWatcher(args.vault_path, args.credentials_path, args.token_path)
  File "E:\Hackathon 0\Bronze\Personal-AI-Employee\watcher\gmail_watcher_impl.py", line 44, in __init__
    self.service = self._authenticate()
                   ~~~~~~~~~~~~~~~~~~^^
  File "E:\Hackathon 0\Bronze\Personal-AI-Employee\watcher\gmail_watcher_impl.py", line 67, in _authenticate
    raise FileNotFoundError(
    ...<2 lines>...
    )
FileNotFoundError: Credentials file not found: None. Please set GMAIL_CREDENTIALS_PATH environment variable.
Traceback (most recent call last):
  File "E:\Hackathon 0\Bronze\Personal-AI-Employee\watcher\gmail_watcher_impl.py", line 277, in <module>
    main()
    ~~~~^^
  File "E:\Hackathon 0\Bronze\Personal-AI-Employee\watcher\gmail_watcher_impl.py", line 265, in main
    watcher = GmailWatcher(args.vault_path, args.credentials_path, args.token_path)
  File "E:\Hackathon 0\Bronze\Personal-AI-Employee\watcher\gmail_watcher_impl.py", line 44, in __init__
    self.service = self._authenticate()
                   ~~~~~~~~~~~~~~~~~~^^
  File "E:\Hackathon 0\Bronze\Personal-AI-Employee\watcher\gmail_watcher_impl.py", line 67, in _authenticate
    raise FileNotFoundError(
    ...<2 lines>...
    )
FileNotFoundError: Credentials file not found: None. Please set GMAIL_CREDENTIALS_PATH environment variable.
Traceback (most recent call last):
  File "E:\Hackathon 0\Bronze\Personal-AI-Employee\watcher\gmail_watcher_impl.py", line 277, in <module>
    main()
    ~~~~^^
  File "E:\Hackathon 0\Bronze\Personal-AI-Employee\watcher\gmail_watcher_impl.py", line 265, in main
    watcher = GmailWatcher(args.vault_path, args.credentials_path, args.token_path)
  File "E:\Hackathon 0\Bronze\Personal-AI-Employee\watcher\gmail_watcher_impl.py", line 44, in __init__
    self.service = self._authenticate()
                   ~~~~~~~~~~~~~~~~~~^^
  File "E:\Hackathon 0\Bronze\Personal-AI-Employee\watcher\gmail_watcher_impl.py", line 67, in _authenticate
    raise FileNotFoundError(
    ...<2 lines>...
    )
FileNotFoundError: Credentials file not found: None. Please set GMAIL_CREDENTIALS_PATH environment variable.
Traceback (most recent call last):
  File "E:\Hackathon 0\Bronze\Personal-AI-Employee\watcher\gmail_watcher_impl.py", line 277, in <module>
    main()
    ~~~~^^
  File "E:\Hackathon 0\Bronze\Personal-AI-Employee\watcher\gmail_watcher_impl.py", line 265, in main
    watcher = GmailWatcher(args.vault_path, args.credentials_path, args.token_path)
  File "E:\Hackathon 0\Bronze\Personal-AI-Employee\watcher\gmail_watcher_impl.py", line 44, in __init__
    self.service = self._authenticate()
                   ~~~~~~~~~~~~~~~~~~^^
  File "E:\Hackathon 0\Bronze\Personal-AI-Employee\watcher\gmail_watcher_impl.py", line 67, in _authenticate
    raise FileNotFoundError(
    ...<2 lines>...
    )
FileNotFoundError: Credentials file not found: None. Please set GMAIL_CREDENTIALS_PATH environment variable.
Traceback (most recent call last):
  File "E:\Hackathon 0\Bronze\Personal-AI-Employee\watcher\gmail_watcher_impl.py", line 277, in <module>
    main()
    ~~~~^^
  File "E:\Hackathon 0\Bronze\Personal-AI-Employee\watcher\gmail_watcher_impl.py", line 265, in main
    watcher = GmailWatcher(args.vault_path, args.credentials_path, args.token_path)
  File "E:\Hackathon 0\Bronze\Personal-AI-Employee\watcher\gmail_watcher_impl.py", line 44, in __init__
    self.service = self._authenticate()
                   ~~~~~~~~~~~~~~~~~~^^
  File "E:\Hackathon 0\Bronze\Personal-AI-Employee\watcher\gmail_watcher_impl.py", line 67, in _authenticate
    raise FileNotFoundError(
    ...<2 lines>...
    )
FileNotFoundError: Credentials file not found: None. Please set GMAIL_CREDENTIALS_PATH environment variable.
Traceback (most recent call last):
  File "E:\Hackathon 0\Bronze\Personal-AI-Employee\watcher\gmail_watcher_impl.py", line 277, in <module>
    main()
    ~~~~^^
  File "E:\Hackathon 0\Bronze\Personal-AI-Employee\watcher\gmail_watcher_impl.py", line 265, in main
    watcher = GmailWatcher(args.vault_path, args.credentials_path, args.token_path)
  File "E:\Hackathon 0\Bronze\Personal-AI-Employee\watcher\gmail_watcher_impl.py", line 44, in __init__
    self.service = self._authenticate()
                   ~~~~~~~~~~~~~~~~~~^^
  File "E:\Hackathon 0\Bronze\Personal-AI-Employee\watcher\gmail_watcher_impl.py", line 67, in _authenticate
    raise FileNotFoundError(
    ...<2 lines>...
    )
FileNotFoundError: Credentials file not found: None. Please set GMAIL_CREDENTIALS_PATH environment variable.
Traceback (most recent call last):
  File "E:\Hackathon 0\Bronze\Personal-AI-Employee\watcher\gmail_watcher_impl.py", line 277, in <module>
    main()
    ~~~~^^
  File "E:\Hackathon 0\Bronze\Personal-AI-Employee\watcher\gmail_watcher_impl.py", line 265, in main
    watcher = GmailWatcher(args.vault_path, args.credentials_path, args.token_path)
  File "E:\Hackathon 0\Bronze\Personal-AI-Employee\watcher\gmail_watcher_impl.py", line 44, in __init__
    self.service = self._authenticate()
                   ~~~~~~~~~~~~~~~~~~^^
  File "E:\Hackathon 0\Bronze\Personal-AI-Employee\watcher\gmail_watcher_impl.py", line 67, in _authenticate
    raise FileNotFoundError(
    ...<2 lines>...
    )
FileNotFoundError: Credentials file not found: None. Please set GMAIL_CREDENTIALS_PATH environment variable.
Traceback (most recent call last):
  File "E:\Hackathon 0\Bronze\Personal-AI-Employee\watcher\gmail_watcher_impl.py", line 277, in <module>
    main()
    ~~~~^^
  File "E:\Hackathon 0\Bronze\Personal-AI-Employee\watcher\gmail_watcher_impl.py", line 265, in main
    watcher = GmailWatcher(args.vault_path, args.credentials_path, args.token_path)
  File "E:\Hackathon 0\Bronze\Personal-AI-Employee\watcher\gmail_watcher_impl.py", line 44, in __init__
    self.service = self._authenticate()
                   ~~~~~~~~~~~~~~~~~~^^
  File "E:\Hackathon 0\Bronze\Personal-AI-Employee\watcher\gmail_watcher_impl.py", line 67, in _authenticate
    raise FileNotFoundError(
    ...<2 lines>...
    )
FileNotFoundError: Credentials file not found: None. Please set GMAIL_CREDENTIALS_PATH environment variable.
Traceback (most recent call last):
  File "E:\Hackathon 0\Bronze\Personal-AI-Employee\watcher\gmail_watcher_impl.py", line 277, in <module>
    main()
    ~~~~^^
  File "E:\Hackathon 0\Bronze\Personal-AI-Employee\watcher\gmail_watcher_impl.py", line 265, in main
    watcher = GmailWatcher(args.vault_path, args.credentials_path, args.token_path)
  File "E:\Hackathon 0\Bronze\Personal-AI-Employee\watcher\gmail_watcher_impl.py", line 44, in __init__
    self.service = self._authenticate()
                   ~~~~~~~~~~~~~~~~~~^^
  File "E:\Hackathon 0\Bronze\Personal-AI-Employee\watcher\gmail_watcher_impl.py", line 67, in _authenticate
    raise FileNotFoundError(
    ...<2 lines>...
    )
FileNotFoundError: Credentials file not found: None. Please set GMAIL_CREDENTIALS_PATH environment variable.
Traceback (most recent call last):
  File "E:\Hackathon 0\Bronze\Personal-AI-Employee\watcher\gmail_watcher_impl.py", line 277, in <module>
    main()
    ~~~~^^
  File "E:\Hackathon 0\Bronze\Personal-AI-Employee\watcher\gmail_watcher_impl.py", line 265, in main
    watcher = GmailWatcher(args.vault_path, args.credentials_path, args.token_path)
  File "E:\Hackathon 0\Bronze\Personal-AI-Employee\watcher\gmail_watcher_impl.py", line 44, in __init__
    self.service = self._authenticate()
                   ~~~~~~~~~~~~~~~~~~^^
  File "E:\Hackathon 0\Bronze\Personal-AI-Employee\watcher\gmail_watcher_impl.py", line 67, in _authenticate
    raise FileNotFoundError(
    ...<2 lines>...
    )
FileNotFoundError: Credentials file not found: None. Please set GMAIL_CREDENTIALS_PATH environment variable.
Traceback (most recent call last):
  File "E:\Hackathon 0\Bronze\Personal-AI-Employee\watcher\gmail_watcher_impl.py", line 277, in <module>
    main()
    ~~~~^^
  File "E:\Hackathon 0\Bronze\Personal-AI-Employee\watcher\gmail_watcher_impl.py", line 265, in main
    watcher = GmailWatcher(args.vault_path, args.credentials_path, args.token_path)
  File "E:\Hackathon 0\Bronze\Personal-AI-Employee\watcher\gmail_watcher_impl.py", line 44, in __init__
    self.service = self._authenticate()
                   ~~~~~~~~~~~~~~~~~~^^
  File "E:\Hackathon 0\Bronze\Personal-AI-Employee\watcher\gmail_watcher_impl.py", line 67, in _authenticate
    raise FileNotFoundError(
    ...<2 lines>...
    )
FileNotFoundError: Credentials file not found: None. Please set GMAIL_CREDENTIALS_PATH environment variable.
Traceback (most recent call last):
  File "E:\Hackathon 0\Bronze\Personal-AI-Employee\watcher\gmail_watcher_impl.py", line 277, in <module>
    main()
    ~~~~^^
  File "E:\Hackathon 0\Bronze\Personal-AI-Employee\watcher\gmail_watcher_impl.py", line 265, in main
    watcher = GmailWatcher(args.vault_path, args.credentials_path, args.token_path)
  File "E:\Hackathon 0\Bronze\Personal-AI-Employee\watcher\gmail_watcher_impl.py", line 44, in __init__
    self.service = self._authenticate()
                   ~~~~~~~~~~~~~~~~~~^^
  File "E:\Hackathon 0\Bronze\Personal-AI-Employee\watcher\gmail_watcher_impl.py", line 67, in _authenticate
    raise FileNotFoundError(
    ...<2 lines>...
    )
FileNotFoundError: Credentials file not found: None. Please set GMAIL_CREDENTIALS_PATH environment variable.
Traceback (most recent call last):
  File "E:\Hackathon 0\Bronze\Personal-AI-Employee\watcher\gmail_watcher_impl.py", line 277, in <module>
    main()
    ~~~~^^
  File "E:\Hackathon 0\Bronze\Personal-AI-Employee\watcher\gmail_watcher_impl.py", line 265, in main
    watcher = GmailWatcher(args.vault_path, args.credentials_path, args.token_path)
  File "E:\Hackathon 0\Bronze\Personal-AI-Employee\watcher\gmail_watcher_impl.py", line 44, in __init__
    self.service = self._authenticate()
                   ~~~~~~~~~~~~~~~~~~^^
  File "E:\Hackathon 0\Bronze\Personal-AI-Employee\watcher\gmail_watcher_impl.py", line 67, in _authenticate
    raise FileNotFoundError(
    ...<2 lines>...
    )
FileNotFoundError: Credentials file not found: None. Please set GMAIL_CREDENTIALS_PATH environment variable.
Traceback (most recent call last):
  File "E:\Hackathon 0\Bronze\Personal-AI-Employee\watcher\gmail_watcher_impl.py", line 277, in <module>
    main()
    ~~~~^^
  File "E:\Hackathon 0\Bronze\Personal-AI-Employee\watcher\gmail_watcher_impl.py", line 265, in main
    watcher = GmailWatcher(args.vault_path, args.credentials_path, args.token_path)
  File "E:\Hackathon 0\Bronze\Personal-AI-Employee\watcher\gmail_watcher_impl.py", line 44, in __init__
    self.service = self._authenticate()
                   ~~~~~~~~~~~~~~~~~~^^
  File "E:\Hackathon 0\Bronze\Personal-AI-Employee\watcher\gmail_watcher_impl.py", line 67, in _authenticate
    raise FileNotFoundError(
    ...<2 lines>...
    )
FileNotFoundError: Credentials file not found: None. Please set GMAIL_CREDENTIALS_PATH environment variable.
Traceback (most recent call last):
  File "E:\Hackathon 0\Bronze\Personal-AI-Employee\watcher\gmail_watcher_impl.py", line 277, in <module>
    main()
    ~~~~^^
  File "E:\Hackathon 0\Bronze\Personal-AI-Employee\watcher\gmail_watcher_impl.py", line 265, in main
    watcher = GmailWatcher(args.vault_path, args.credentials_path, args.token_path)
  File "E:\Hackathon 0\Bronze\Personal-AI-Employee\watcher\gmail_watcher_impl.py", line 44, in __init__
    self.service = self._authenticate()
                   ~~~~~~~~~~~~~~~~~~^^
  File "E:\Hackathon 0\Bronze\Personal-AI-Employee\watcher\gmail_watcher_impl.py", line 67, in _authenticate
    raise FileNotFoundError(
    ...<2 lines>...
    )
FileNotFoundError: Credentials file not found: None. Please set GMAIL_CREDENTIALS_PATH environment variable.
Traceback (most recent call last):
  File "E:\Hackathon 0\Bronze\Personal-AI-Employee\watcher\gmail_watcher_impl.py", line 277, in <module>
    main()
    ~~~~^^
  File "E:\Hackathon 0\Bronze\Personal-AI-Employee\watcher\gmail_watcher_impl.py", line 265, in main
    watcher = GmailWatcher(args.vault_path, args.credentials_path, args.token_path)
  File "E:\Hackathon 0\Bronze\Personal-AI-Employee\watcher\gmail_watcher_impl.py", line 44, in __init__
    self.service = self._authenticate()
                   ~~~~~~~~~~~~~~~~~~^^
  File "E:\Hackathon 0\Bronze\Personal-AI-Employee\watcher\gmail_watcher_impl.py", line 67, in _authenticate
    raise FileNotFoundError(
    ...<2 lines>...
    )
FileNotFoundError: Credentials file not found: None. Please set GMAIL_CREDENTIALS_PATH environment variable.
Traceback (most recent call last):
  File "E:\Hackathon 0\Bronze\Personal-AI-Employee\watcher\gmail_watcher_impl.py", line 277, in <module>
    main()
    ~~~~^^
  File "E:\Hackathon 0\Bronze\Personal-AI-Employee\watcher\gmail_watcher_impl.py", line 265, in main
    watcher = GmailWatcher(args.vault_path, args.credentials_path, args.token_path)
  File "E:\Hackathon 0\Bronze\Personal-AI-Employee\watcher\gmail_watcher_impl.py", line 44, in __init__
    self.service = self._authenticate()
                   ~~~~~~~~~~~~~~~~~~^^
  File "E:\Hackathon 0\Bronze\Personal-AI-Employee\watcher\gmail_watcher_impl.py", line 67, in _authenticate
    raise FileNotFoundError(
    ...<2 lines>...
    )
FileNotFoundError: Credentials file not found: None. Please set GMAIL_CREDENTIALS_PATH environment variable.
Traceback (most recent call last):
  File "E:\Hackathon 0\Bronze\Personal-AI-Employee\watcher\gmail_watcher_impl.py", line 277, in <module>
    main()
    ~~~~^^
  File "E:\Hackathon 0\Bronze\Personal-AI-Employee\watcher\gmail_watcher_impl.py", line 265, in main
    watcher = GmailWatcher(args.vault_path, args.credentials_path, args.token_path)
  File "E:\Hackathon 0\Bronze\Personal-AI-Employee\watcher\gmail_watcher_impl.py", line 44, in __init__
    self.service = self._authenticate()
                   ~~~~~~~~~~~~~~~~~~^^
  File "E:\Hackathon 0\Bronze\Personal-AI-Employee\watcher\gmail_watcher_impl.py", line 67, in _authenticate
    raise FileNotFoundError(
    ...<2 lines>...
    )
FileNotFoundError: Credentials file not found: None. Please set GMAIL_CREDENTIALS_PATH environment variable.
Traceback (most recent call last):
  File "E:\Hackathon 0\Bronze\Personal-AI-Employee\watcher\gmail_watcher_impl.py", line 277, in <module>
    main()
    ~~~~^^
  File "E:\Hackathon 0\Bronze\Personal-AI-Employee\watcher\gmail_watcher_impl.py", line 265, in main
    watcher = GmailWatcher(args.vault_path, args.credentials_path, args.token_path)
  File "E:\Hackathon 0\Bronze\Personal-AI-Employee\watcher\gmail_watcher_impl.py", line 44, in __init__
    self.service = self._authenticate()
                   ~~~~~~~~~~~~~~~~~~^^
  File "E:\Hackathon 0\Bronze\Personal-AI-Employee\watcher\gmail_watcher_impl.py", line 67, in _authenticate
    raise FileNotFoundError(
    ...<2 lines>...
    )
FileNotFoundError: Credentials file not found: None. Please set GMAIL_CREDENTIALS_PATH environment variable.
Traceback (most recent call last):
  File "E:\Hackathon 0\Bronze\Personal-AI-Employee\watcher\gmail_watcher_impl.py", line 277, in <module>
    main()
    ~~~~^^
  File "E:\Hackathon 0\Bronze\Personal-AI-Employee\watcher\gmail_watcher_impl.py", line 265, in main
    watcher = GmailWatcher(args.vault_path, args.credentials_path, args.token_path)
  File "E:\Hackathon 0\Bronze\Personal-AI-Employee\watcher\gmail_watcher_impl.py", line 44, in __init__
    self.service = self._authenticate()
                   ~~~~~~~~~~~~~~~~~~^^
  File "E:\Hackathon 0\Bronze\Personal-AI-Employee\watcher\gmail_watcher_impl.py", line 67, in _authenticate
    raise FileNotFoundError(
    ...<2 lines>...
    )
FileNotFoundError: Credentials file not found: None. Please set GMAIL_CREDENTIALS_PATH environment variable.
Traceback (most recent call last):
  File "E:\Hackathon 0\Bronze\Personal-AI-Employee\watcher\gmail_watcher_impl.py", line 277, in <module>
    main()
    ~~~~^^
  File "E:\Hackathon 0\Bronze\Personal-AI-Employee\watcher\gmail_watcher_impl.py", line 265, in main
    watcher = GmailWatcher(args.vault_path, args.credentials_path, args.token_path)
  File "E:\Hackathon 0\Bronze\Personal-AI-Employee\watcher\gmail_watcher_impl.py", line 44, in __init__
    self.service = self._authenticate()
                   ~~~~~~~~~~~~~~~~~~^^
  File "E:\Hackathon 0\Bronze\Personal-AI-Employee\watcher\gmail_watcher_impl.py", line 67, in _authenticate
    raise FileNotFoundError(
    ...<2 lines>...
    )
FileNotFoundError: Credentials file not found: None. Please set GMAIL_CREDENTIALS_PATH environment variable.
Traceback (most recent call last):
  File "E:\Hackathon 0\Bronze\Personal-AI-Employee\watcher\gmail_watcher_impl.py", line 277, in <module>
    main()
    ~~~~^^
  File "E:\Hackathon 0\Bronze\Personal-AI-Employee\watcher\gmail_watcher_impl.py", line 265, in main
    watcher = GmailWatcher(args.vault_path, args.credentials_path, args.token_path)
  File "E:\Hackathon 0\Bronze\Personal-AI-Employee\watcher\gmail_watcher_impl.py", line 44, in __init__
    self.service = self._authenticate()
                   ~~~~~~~~~~~~~~~~~~^^
  File "E:\Hackathon 0\Bronze\Personal-AI-Employee\watcher\gmail_watcher_impl.py", line 67, in _authenticate
    raise FileNotFoundError(
    ...<2 lines>...
    )
FileNotFoundError: Credentials file not found: None. Please set GMAIL_CREDENTIALS_PATH environment variable.
Traceback (most recent call last):
  File "E:\Hackathon 0\Bronze\Personal-AI-Employee\watcher\gmail_watcher_impl.py", line 277, in <module>
    main()
    ~~~~^^
  File "E:\Hackathon 0\Bronze\Personal-AI-Employee\watcher\gmail_watcher_impl.py", line 265, in main
    watcher = GmailWatcher(args.vault_path, args.credentials_path, args.token_path)
  File "E:\Hackathon 0\Bronze\Personal-AI-Employee\watcher\gmail_watcher_impl.py", line 44, in __init__
    self.service = self._authenticate()
                   ~~~~~~~~~~~~~~~~~~^^
  File "E:\Hackathon 0\Bronze\Personal-AI-Employee\watcher\gmail_watcher_impl.py", line 67, in _authenticate
    raise FileNotFoundError(
    ...<2 lines>...
    )
FileNotFoundError: Credentials file not found: None. Please set GMAIL_CREDENTIALS_PATH environment variable.
Traceback (most recent call last):
  File "E:\Hackathon 0\Bronze\Personal-AI-Employee\watcher\gmail_watcher_impl.py", line 277, in <module>
    main()
    ~~~~^^
  File "E:\Hackathon 0\Bronze\Personal-AI-Employee\watcher\gmail_watcher_impl.py", line 265, in main
    watcher = GmailWatcher(args.vault_path, args.credentials_path, args.token_path)
  File "E:\Hackathon 0\Bronze\Personal-AI-Employee\watcher\gmail_watcher_impl.py", line 44, in __init__
    self.service = self._authenticate()
                   ~~~~~~~~~~~~~~~~~~^^
  File "E:\Hackathon 0\Bronze\Personal-AI-Employee\watcher\gmail_watcher_impl.py", line 67, in _authenticate
    raise FileNotFoundError(
    ...<2 lines>...
    )
FileNotFoundError: Credentials file not found: None. Please set GMAIL_CREDENTIALS_PATH environment variable.
Traceback (most recent call last):
  File "E:\Hackathon 0\Bronze\Personal-AI-Employee\watcher\gmail_watcher_impl.py", line 277, in <module>
    main()
    ~~~~^^
  File "E:\Hackathon 0\Bronze\Personal-AI-Employee\watcher\gmail_watcher_impl.py", line 265, in main
    watcher = GmailWatcher(args.vault_path, args.credentials_path, args.token_path)
  File "E:\Hackathon 0\Bronze\Personal-AI-Employee\watcher\gmail_watcher_impl.py", line 44, in __init__
    self.service = self._authenticate()
                   ~~~~~~~~~~~~~~~~~~^^
  File "E:\Hackathon 0\Bronze\Personal-AI-Employee\watcher\gmail_watcher_impl.py", line 67, in _authenticate
    raise FileNotFoundError(
    ...<2 lines>...
    )
FileNotFoundError: Credentials file not found: None. Please set GMAIL_CREDENTIALS_PATH environment variable.
Traceback (most recent call last):
  File "E:\Hackathon 0\Bronze\Personal-AI-Employee\watcher\gmail_watcher_impl.py", line 277, in <module>
    main()
    ~~~~^^
  File "E:\Hackathon 0\Bronze\Personal-AI-Employee\watcher\gmail_watcher_impl.py", line 265, in main
    watcher = GmailWatcher(args.vault_path, args.credentials_path, args.token_path)
  File "E:\Hackathon 0\Bronze\Personal-AI-Employee\watcher\gmail_watcher_impl.py", line 44, in __init__
    self.service = self._authenticate()
                   ~~~~~~~~~~~~~~~~~~^^
  File "E:\Hackathon 0\Bronze\Personal-AI-Employee\watcher\gmail_watcher_impl.py", line 67, in _authenticate
    raise FileNotFoundError(
    ...<2 lines>...
    )
FileNotFoundError: Credentials file not found: None. Please set GMAIL_CREDENTIALS_PATH environment variable.
Traceback (most recent call last):
  File "E:\Hackathon 0\Bronze\Personal-AI-Employee\watcher\gmail_watcher_impl.py", line 277, in <module>
    main()
    ~~~~^^
  File "E:\Hackathon 0\Bronze\Personal-AI-Employee\watcher\gmail_watcher_impl.py", line 265, in main
    watcher = GmailWatcher(args.vault_path, args.credentials_path, args.token_path)
  File "E:\Hackathon 0\Bronze\Personal-AI-Employee\watcher\gmail_watcher_impl.py", line 44, in __init__
    self.service = self._authenticate()
                   ~~~~~~~~~~~~~~~~~~^^
  File "E:\Hackathon 0\Bronze\Personal-AI-Employee\watcher\gmail_watcher_impl.py", line 67, in _authenticate
    raise FileNotFoundError(
    ...<2 lines>...
    )
FileNotFoundError: Credentials file not found: None. Please set GMAIL_CREDENTIALS_PATH environment variable.
Traceback (most recent call last):
  File "E:\Hackathon 0\Bronze\Personal-AI-Employee\watcher\gmail_watcher_impl.py", line 277, in <module>
    main()
    ~~~~^^
  File "E:\Hackathon 0\Bronze\Personal-AI-Employee\watcher\gmail_watcher_impl.py", line 265, in main
    watcher = GmailWatcher(args.vault_path, args.credentials_path, args.token_path)
  File "E:\Hackathon 0\Bronze\Personal-AI-Employee\watcher\gmail_watcher_impl.py", line 44, in __init__
    self.service = self._authenticate()
                   ~~~~~~~~~~~~~~~~~~^^
  File "E:\Hackathon 0\Bronze\Personal-AI-Employee\watcher\gmail_watcher_impl.py", line 67, in _authenticate
    raise FileNotFoundError(
    ...<2 lines>...
    )
FileNotFoundError: Credentials file not found: None. Please set GMAIL_CREDENTIALS_PATH environment variable.
Traceback (most recent call last):
  File "E:\Hackathon 0\Bronze\Personal-AI-Employee\watcher\gmail_watcher_impl.py", line 277, in <module>
    main()
    ~~~~^^
  File "E:\Hackathon 0\Bronze\Personal-AI-Employee\watcher\gmail_watcher_impl.py", line 265, in main
    watcher = GmailWatcher(args.vault_path, args.credentials_path, args.token_path)
  File "E:\Hackathon 0\Bronze\Personal-AI-Employee\watcher\gmail_watcher_impl.py", line 44, in __init__
    self.service = self._authenticate()
                   ~~~~~~~~~~~~~~~~~~^^
  File "E:\Hackathon 0\Bronze\Personal-AI-Employee\watcher\gmail_watcher_impl.py", line 67, in _authenticate
    raise FileNotFoundError(
    ...<2 lines>...
    )
FileNotFoundError: Credentials file not found: None. Please set GMAIL_CREDENTIALS_PATH environment variable.
usage: gmail_watcher_impl.py [-h] [--vault-path VAULT_PATH]
                             [--credentials-path CREDENTIALS_PATH]
                             [--token-path TOKEN_PATH] [--query QUERY]
                             [--interval INTERVAL] [--dry-run]
gmail_watcher_impl.py: error: unrecognized arguments: --headless
usage: gmail_watcher_impl.py [-h] [--vault-path VAULT_PATH]
                             [--credentials-path CREDENTIALS_PATH]
                             [--token-path TOKEN_PATH] [--query QUERY]
                             [--interval INTERVAL] [--dry-run]
gmail_watcher_impl.py: error: unrecognized arguments: --headless
usage: gmail_watcher_impl.py [-h] [--vault-path VAULT_PATH]
                             [--credentials-path CREDENTIALS_PATH]
                             [--token-path TOKEN_PATH] [--query QUERY]
                             [--interval INTERVAL] [--dry-run]
gmail_watcher_impl.py: error: unrecognized arguments: --headless
usage: gmail_watcher_impl.py [-h] [--vault-path VAULT_PATH]
                             [--credentials-path CREDENTIALS_PATH]
                             [--token-path TOKEN_PATH] [--query QUERY]
                             [--interval INTERVAL] [--dry-run]
gmail_watcher_impl.py: error: unrecognized arguments: --headless
usage: gmail_watcher_impl.py [-h] [--vault-path VAULT_PATH]
                             [--credentials-path CREDENTIALS_PATH]
                             [--token-path TOKEN_PATH] [--query QUERY]
                             [--interval INTERVAL] [--dry-run]
gmail_watcher_impl.py: error: unrecognized arguments: --headless
usage: gmail_watcher_impl.py [-h] [--vault-path VAULT_PATH]
                             [--credentials-path CREDENTIALS_PATH]
                             [--token-path TOKEN_PATH] [--query QUERY]
                             [--interval INTERVAL] [--dry-run]
gmail_watcher_impl.py: error: unrecognized arguments: --headless
usage: gmail_watcher_impl.py [-h] [--vault-path VAULT_PATH]
                             [--credentials-path CREDENTIALS_PATH]
                             [--token-path TOKEN_PATH] [--query QUERY]
                             [--interval INTERVAL] [--dry-run]
gmail_watcher_impl.py: error: unrecognized arguments: --headless
usage: gmail_watcher_impl.py [-h] [--vault-path VAULT_PATH]
                             [--credentials-path CREDENTIALS_PATH]
                             [--token-path TOKEN_PATH] [--query QUERY]
                             [--interval INTERVAL] [--dry-run]
gmail_watcher_impl.py: error: unrecognized arguments: --headless
